timestamp,temperature_c,relative_humidity_percent,wind_speed_m_s,solar_irradiance
2024-01-01 00:00:00,18.95,74.94,3.18,0.0
2024-01-01 01:00:00,18.83,74.09,3.36,0.0
2024-01-01 02:00:00,20.95,65.46,3.93,80.28
2024-01-01 03:00:00,23.49,55.12,4.43,258.58
2024-01-01 04:00:00,27.13,45.43,3.27,283.77
2024-01-01 05:00:00,30.39,38.07,2.24,452.62
2024-01-01 06:00:00,31.74,35.36,1.5,685.55
2024-01-01 07:00:00,32.48,33.71,0.82,671.65
2024-01-01 08:00:00,32.8,32.88,0.35,609.25
2024-01-01 09:00:00,32.69,32.67,0.84,490.35
2024-01-01 10:00:00,32.0,34.59,1.54,324.8
2024-01-01 11:00:00,30.24,43.55,1.95,141.85
2024-01-01 12:00:00,26.31,62.94,2.61,15.15
2024-01-01 13:00:00,24.55,66.66,3.13,0.0
2024-01-01 14:00:00,23.57,70.87,3.22,0.0
2024-01-01 15:00:00,22.74,74.85,3.14,0.0
2024-01-01 16:00:00,22.0,77.36,3.07,0.0
2024-01-01 17:00:00,21.34,78.1,3.04,0.0
2024-01-01 18:00:00,20.75,77.52,2.99,0.0
2024-01-01 19:00:00,20.22,76.25,2.95,0.0
2024-01-01 20:00:00,19.74,74.98,2.94,0.0
2024-01-01 21:00:00,19.33,74.24,2.95,0.0
2024-01-01 22:00:00,18.98,73.98,2.94,0.0
2024-01-01 23:00:00,18.68,74.14,2.92,0.0
2024-01-02 00:00:00,18.43,74.53,2.91,0.0
2024-01-02 01:00:00,18.17,75.2,2.99,0.0
2024-01-02 02:00:00,20.26,68.07,3.11,72.35
2024-01-02 03:00:00,23.01,54.84,3.69,241.02
2024-01-02 04:00:00,26.83,42.18,2.39,223.8
2024-01-02 05:00:00,29.88,35.84,1.42,577.47
2024-01-02 06:00:00,31.35,34.03,0.69,669.65
2024-01-02 07:00:00,32.17,33.13,0.76,645.53
2024-01-02 08:00:00,32.39,32.98,1.45,589.28
2024-01-02 09:00:00,32.0,33.73,1.99,525.88
2024-01-02 10:00:00,31.13,36.35,2.48,313.55
2024-01-02 11:00:00,29.11,46.33,2.71,135.38
2024-01-02 12:00:00,25.38,62.68,3.06,14.8
2024-01-02 13:00:00,23.76,67.25,3.44,0.0
2024-01-02 14:00:00,22.89,70.37,3.43,0.0
2024-01-02 15:00:00,22.12,72.88,3.27,0.0
2024-01-02 16:00:00,21.39,74.71,3.1,0.0
2024-01-02 17:00:00,20.74,75.51,2.99,0.0
2024-01-02 18:00:00,20.18,75.24,2.95,0.0
2024-01-02 19:00:00,19.7,74.37,2.95,0.0
2024-01-02 20:00:00,19.28,72.97,2.97,0.0
2024-01-02 21:00:00,18.9,71.64,2.97,0.0
2024-01-02 22:00:00,18.55,70.7,2.97,0.0
2024-01-02 23:00:00,18.22,70.45,3.02,0.0
2024-01-03 00:00:00,17.91,70.56,3.13,0.0
2024-01-03 01:00:00,17.7,70.68,3.29,0.0
2024-01-03 02:00:00,19.67,62.94,4.09,66.55
2024-01-03 03:00:00,22.07,55.4,4.67,226.1
2024-01-03 04:00:00,25.78,45.73,3.81,407.05
2024-01-03 05:00:00,29.23,38.21,3.0,470.27
2024-01-03 06:00:00,30.66,37.03,2.33,641.45
2024-01-03 07:00:00,31.49,35.89,1.87,588.53
2024-01-03 08:00:00,31.84,35.2,1.68,600.0
2024-01-03 09:00:00,31.66,35.53,1.88,426.58
2024-01-03 10:00:00,30.83,37.74,2.31,270.23
2024-01-03 11:00:00,28.84,46.98,2.56,112.7
2024-01-03 12:00:00,25.08,61.48,3.1,13.18
2024-01-03 13:00:00,23.42,64.76,3.58,0.0
2024-01-03 14:00:00,22.46,67.71,3.56,0.0
2024-01-03 15:00:00,21.6,70.24,3.42,0.0
2024-01-03 16:00:00,20.83,71.53,3.26,0.0
2024-01-03 17:00:00,20.1,72.3,2.93,0.0
2024-01-03 18:00:00,19.58,71.91,2.71,0.0
2024-01-03 19:00:00,19.19,70.95,2.66,0.0
2024-01-03 20:00:00,18.86,70.08,2.63,0.0
2024-01-03 21:00:00,18.73,68.44,2.43,0.0
2024-01-03 22:00:00,18.8,65.73,2.18,0.0
2024-01-03 23:00:00,18.83,63.57,2.01,0.0
2024-01-04 00:00:00,18.96,61.5,1.78,0.0
2024-01-04 01:00:00,18.81,61.46,1.7,0.0
2024-01-04 02:00:00,19.88,67.28,1.57,64.2
2024-01-04 03:00:00,22.95,46.73,1.31,216.3
2024-01-04 04:00:00,26.25,35.99,0.26,388.23
2024-01-04 05:00:00,28.39,33.3,1.3,551.8
2024-01-04 06:00:00,29.37,32.01,1.99,647.28
2024-01-04 07:00:00,30.0,30.95,2.64,694.1
2024-01-04 08:00:00,30.19,30.7,3.32,671.0
2024-01-04 09:00:00,29.98,30.98,3.73,517.4
2024-01-04 10:00:00,29.13,32.56,3.56,347.02
2024-01-04 11:00:00,27.33,40.0,2.97,156.3
2024-01-04 12:00:00,23.17,60.83,2.98,18.05
2024-01-04 13:00:00,21.34,66.63,3.37,0.0
2024-01-04 14:00:00,20.47,71.14,3.36,0.0
2024-01-04 15:00:00,19.68,75.3,3.24,0.0
2024-01-04 16:00:00,18.92,78.68,3.05,0.0
2024-01-04 17:00:00,18.29,80.47,2.78,0.0
2024-01-04 18:00:00,17.74,81.08,2.63,0.0
2024-01-04 19:00:00,17.11,81.91,2.75,0.0
2024-01-04 20:00:00,16.61,81.84,2.82,0.0
2024-01-04 21:00:00,16.29,80.5,2.67,0.0
2024-01-04 22:00:00,15.98,79.46,2.58,0.0
2024-01-04 23:00:00,15.67,78.74,2.64,0.0
2024-01-05 00:00:00,15.48,77.39,2.68,0.0
2024-01-05 01:00:00,15.5,74.99,2.53,0.0
2024-01-05 02:00:00,17.83,70.25,2.13,70.35
2024-01-05 03:00:00,21.28,48.85,2.04,236.23
2024-01-05 04:00:00,24.47,38.62,1.77,419.6
2024-01-05 05:00:00,26.59,31.18,1.73,546.9
2024-01-05 06:00:00,27.92,27.58,1.7,670.22
2024-01-05 07:00:00,28.81,26.23,1.7,664.05
2024-01-05 08:00:00,29.32,25.91,2.1,656.0
2024-01-05 09:00:00,29.21,27.32,2.74,485.65
2024-01-05 10:00:00,28.45,30.23,3.2,319.3
2024-01-05 11:00:00,26.68,38.81,2.94,139.65
2024-01-05 12:00:00,22.9,58.81,2.82,16.65
2024-01-05 13:00:00,21.32,64.81,3.04,0.0
2024-01-05 14:00:00,20.61,68.55,3.14,0.0
2024-01-05 15:00:00,20.02,71.33,3.17,0.0
2024-01-05 16:00:00,19.41,72.6,3.15,0.0
2024-01-05 17:00:00,18.81,71.6,3.18,0.0
2024-01-05 18:00:00,18.29,69.3,3.27,0.0
2024-01-05 19:00:00,17.82,67.14,3.36,0.0
2024-01-05 20:00:00,17.38,66.02,3.46,0.0
2024-01-05 21:00:00,16.94,66.03,3.61,0.0
2024-01-05 22:00:00,16.57,66.33,3.87,0.0
2024-01-05 23:00:00,16.28,67.25,4.15,0.0
2024-01-06 00:00:00,16.19,68.81,4.44,0.0
2024-01-06 01:00:00,16.18,71.76,4.67,0.0
2024-01-06 02:00:00,17.92,68.96,5.64,58.97
2024-01-06 03:00:00,20.82,63.3,5.17,213.38
2024-01-06 04:00:00,25.29,50.83,4.69,398.17
2024-01-06 05:00:00,28.96,40.0,3.98,589.45
2024-01-06 06:00:00,30.76,36.25,2.86,704.58
2024-01-06 07:00:00,31.75,34.23,1.96,695.0
2024-01-06 08:00:00,32.18,33.07,1.47,536.72
2024-01-06 09:00:00,31.96,33.66,1.6,387.2
2024-01-06 10:00:00,31.05,36.22,2.05,233.45
2024-01-06 11:00:00,29.13,45.24,2.33,107.28
2024-01-06 12:00:00,25.32,61.75,2.9,13.82
2024-01-06 13:00:00,23.55,66.76,3.32,0.0
2024-01-06 14:00:00,22.64,71.46,3.22,0.0
2024-01-06 15:00:00,21.9,75.31,2.96,0.0
2024-01-06 16:00:00,21.31,77.57,2.69,0.0
2024-01-06 17:00:00,20.89,77.98,2.45,0.0
2024-01-06 18:00:00,20.61,77.61,2.31,0.0
2024-01-06 19:00:00,20.26,78.02,2.33,0.0
2024-01-06 20:00:00,19.77,79.57,2.54,0.0
2024-01-06 21:00:00,19.35,80.94,2.84,0.0
2024-01-06 22:00:00,19.09,81.39,3.07,0.0
2024-01-06 23:00:00,18.9,81.66,3.2,0.0
2024-01-07 00:00:00,18.77,81.65,3.35,0.0
2024-01-07 01:00:00,18.75,80.94,3.56,0.0
2024-01-07 02:00:00,20.93,71.03,4.79,69.9
2024-01-07 03:00:00,23.34,62.29,5.18,234.98
2024-01-07 04:00:00,26.78,50.45,5.09,414.45
2024-01-07 05:00:00,29.33,43.89,5.17,581.97
2024-01-07 06:00:00,30.75,41.69,4.82,672.55
2024-01-07 07:00:00,31.5,40.88,4.2,636.22
2024-01-07 08:00:00,31.75,41.0,3.58,588.95
2024-01-07 09:00:00,31.49,41.95,3.05,478.48
2024-01-07 10:00:00,30.75,44.36,2.7,299.73
2024-01-07 11:00:00,29.19,52.05,2.34,136.07
2024-01-07 12:00:00,25.9,70.26,2.41,17.02
2024-01-07 13:00:00,24.35,75.59,2.8,0.0
2024-01-07 14:00:00,23.63,78.48,2.95,0.0
2024-01-07 15:00:00,23.04,80.46,2.96,0.0
2024-01-07 16:00:00,22.48,81.81,2.9,0.0
2024-01-07 17:00:00,22.07,81.79,2.93,0.0
2024-01-07 18:00:00,22.09,79.41,2.98,0.0
2024-01-07 19:00:00,22.05,77.2,2.98,0.0
2024-01-07 20:00:00,22.01,75.39,3.1,0.0
2024-01-07 21:00:00,21.86,74.01,3.37,0.0
2024-01-07 22:00:00,21.66,72.53,3.88,0.0
2024-01-07 23:00:00,21.54,70.69,4.5,0.0
2024-01-08 00:00:00,21.23,69.6,4.92,0.0
2024-01-08 01:00:00,20.81,69.41,5.11,0.0
2024-01-08 02:00:00,22.01,64.3,5.73,80.1
2024-01-08 03:00:00,24.41,56.43,6.04,264.77
2024-01-08 04:00:00,27.82,45.07,7.24,315.88
2024-01-08 05:00:00,30.42,38.13,6.9,516.5
2024-01-08 06:00:00,32.09,35.23,5.79,704.95
2024-01-08 07:00:00,33.16,33.78,4.75,692.4
2024-01-08 08:00:00,33.7,33.22,3.86,639.35
2024-01-08 09:00:00,33.74,32.94,2.91,526.95
2024-01-08 10:00:00,33.26,33.46,1.86,329.62
2024-01-08 11:00:00,31.98,38.88,0.94,143.3
2024-01-08 12:00:00,28.12,60.51,1.76,17.0
2024-01-08 13:00:00,25.89,66.57,2.54,0.0
2024-01-08 14:00:00,24.91,70.03,2.84,0.0
2024-01-08 15:00:00,24.01,74.95,2.88,0.0
2024-01-08 16:00:00,23.28,79.06,2.74,0.0
2024-01-08 17:00:00,22.66,80.23,2.56,0.0
2024-01-08 18:00:00,22.34,79.26,2.35,0.0
2024-01-08 19:00:00,22.36,77.33,2.1,0.0
2024-01-08 20:00:00,22.46,75.85,1.9,0.0
2024-01-08 21:00:00,22.18,75.53,1.97,0.0
2024-01-08 22:00:00,21.79,75.33,2.27,0.0
2024-01-08 23:00:00,21.42,75.33,2.78,0.0
2024-01-09 00:00:00,21.19,76.06,3.6,0.0
2024-01-09 01:00:00,21.12,77.96,4.51,0.0
2024-01-09 02:00:00,21.92,76.71,5.55,52.47
2024-01-09 03:00:00,23.94,70.16,5.68,184.52
2024-01-09 04:00:00,26.97,57.65,6.33,365.27
2024-01-09 05:00:00,29.16,49.78,6.09,513.95
2024-01-09 06:00:00,30.59,44.73,5.33,629.65
2024-01-09 07:00:00,31.67,41.56,4.55,642.1
2024-01-09 08:00:00,32.32,39.76,3.93,586.2
2024-01-09 09:00:00,32.4,39.26,3.36,487.2
2024-01-09 10:00:00,31.95,40.21,2.71,285.12
2024-01-09 11:00:00,30.82,45.6,1.58,127.7
2024-01-09 12:00:00,28.58,58.66,0.13,14.77
2024-01-09 13:00:00,26.33,70.02,1.2,0.0
2024-01-09 14:00:00,25.03,75.7,1.85,0.0
2024-01-09 15:00:00,24.26,77.16,2.23,0.0
2024-01-09 16:00:00,23.62,78.29,2.42,0.0
2024-01-09 17:00:00,22.99,78.25,2.63,0.0
2024-01-09 18:00:00,22.43,76.77,2.93,0.0
2024-01-09 19:00:00,21.96,74.15,3.3,0.0
2024-01-09 20:00:00,21.55,71.99,3.69,0.0
2024-01-09 21:00:00,21.15,71.42,3.83,0.0
2024-01-09 22:00:00,20.83,71.74,3.93,0.0
2024-01-09 23:00:00,20.68,71.71,4.13,0.0
2024-01-10 00:00:00,20.5,71.9,4.3,0.0
2024-01-10 01:00:00,20.29,72.44,4.37,0.0
2024-01-10 02:00:00,21.49,66.9,5.23,65.68
2024-01-10 03:00:00,23.94,59.3,4.91,214.55
2024-01-10 04:00:00,27.61,49.31,4.64,385.98
2024-01-10 05:00:00,30.08,44.89,3.49,530.75
2024-01-10 06:00:00,31.34,43.01,2.49,551.9
2024-01-10 07:00:00,31.93,42.24,1.84,590.92
2024-01-10 08:00:00,32.16,42.07,1.45,513.83
2024-01-10 09:00:00,32.22,42.26,1.18,505.4
2024-01-10 10:00:00,31.85,42.98,0.92,332.67
2024-01-10 11:00:00,30.94,46.97,0.6,158.5
2024-01-10 12:00:00,29.12,57.86,0.21,21.38
2024-01-10 13:00:00,27.51,64.93,0.91,0.0
2024-01-10 14:00:00,26.34,70.76,1.53,0.0
2024-01-10 15:00:00,25.49,73.43,1.98,0.0
2024-01-10 16:00:00,24.89,73.91,2.32,0.0
2024-01-10 17:00:00,24.35,74.45,2.54,0.0
2024-01-10 18:00:00,23.91,74.65,2.73,0.0
2024-01-10 19:00:00,23.52,74.54,2.9,0.0
2024-01-10 20:00:00,23.16,74.24,3.09,0.0
2024-01-10 21:00:00,22.65,74.81,3.12,0.0
2024-01-10 22:00:00,22.26,75.19,3.13,0.0
2024-01-10 23:00:00,21.91,75.69,3.19,0.0
2024-01-11 00:00:00,21.48,76.46,3.37,0.0
2024-01-11 01:00:00,21.16,76.6,3.77,0.0
2024-01-11 02:00:00,22.57,69.06,5.1,76.2
2024-01-11 03:00:00,24.96,59.8,4.51,260.23
2024-01-11 04:00:00,29.01,44.27,3.83,313.42
2024-01-11 05:00:00,31.47,38.5,2.54,503.3
2024-01-11 06:00:00,32.76,36.26,1.82,698.03
2024-01-11 07:00:00,33.53,35.19,1.27,708.1
2024-01-11 08:00:00,33.9,34.99,0.81,657.33
2024-01-11 09:00:00,33.9,35.26,0.76,536.62
2024-01-11 10:00:00,33.49,36.0,1.3,371.0
2024-01-11 11:00:00,32.21,41.39,1.77,178.9
2024-01-11 12:00:00,28.58,60.6,2.28,17.33
2024-01-11 13:00:00,26.59,65.5,2.72,0.0
2024-01-11 14:00:00,25.58,69.11,2.78,0.0
2024-01-11 15:00:00,24.75,72.65,2.66,0.0
2024-01-11 16:00:00,24.16,74.13,2.58,0.0
2024-01-11 17:00:00,23.65,73.87,2.71,0.0
2024-01-11 18:00:00,23.1,72.86,3.01,0.0
2024-01-11 19:00:00,22.56,71.24,3.41,0.0
2024-01-11 20:00:00,22.14,69.12,4.02,0.0
2024-01-11 21:00:00,21.73,68.03,4.49,0.0
2024-01-11 22:00:00,21.28,68.29,4.77,0.0
2024-01-11 23:00:00,20.92,68.54,5.12,0.0
2024-01-12 00:00:00,20.63,68.65,5.5,0.0
2024-01-12 01:00:00,20.36,68.88,5.86,0.0
2024-01-12 02:00:00,21.59,63.55,6.63,73.95
2024-01-12 03:00:00,24.55,54.1,6.23,254.12
2024-01-12 04:00:00,29.14,40.02,5.7,448.95
2024-01-12 05:00:00,32.23,33.33,4.33,551.3
2024-01-12 06:00:00,33.79,31.12,2.61,694.45
2024-01-12 07:00:00,34.66,29.55,1.39,727.5
2024-01-12 08:00:00,34.97,28.54,0.84,664.38
2024-01-12 09:00:00,34.79,28.26,1.09,545.35
2024-01-12 10:00:00,34.17,28.95,1.47,376.05
2024-01-12 11:00:00,32.7,34.49,1.71,181.52
2024-01-12 12:00:00,28.62,55.86,2.28,20.27
2024-01-12 13:00:00,26.39,60.07,2.92,0.0
2024-01-12 14:00:00,25.25,62.81,3.15,0.0
2024-01-12 15:00:00,24.25,66.62,3.18,0.0
2024-01-12 16:00:00,23.39,69.57,3.12,0.0
2024-01-12 17:00:00,22.7,70.74,3.11,0.0
2024-01-12 18:00:00,22.12,70.91,3.15,0.0
2024-01-12 19:00:00,21.63,71.0,3.23,0.0
2024-01-12 20:00:00,21.23,71.34,3.32,0.0
2024-01-12 21:00:00,20.89,71.78,3.4,0.0
2024-01-12 22:00:00,20.59,72.11,3.5,0.0
2024-01-12 23:00:00,20.35,72.26,3.6,0.0
2024-01-13 00:00:00,20.14,72.23,3.71,0.0
2024-01-13 01:00:00,20.05,71.81,3.84,0.0
2024-01-13 02:00:00,22.71,60.95,4.78,77.32
2024-01-13 03:00:00,25.57,51.38,4.92,263.85
2024-01-13 04:00:00,29.95,39.58,2.98,462.62
2024-01-13 05:00:00,32.72,31.77,1.73,567.92
2024-01-13 06:00:00,33.78,29.46,2.01,707.62
2024-01-13 07:00:00,34.34,28.64,2.91,746.5
2024-01-13 08:00:00,34.47,28.75,3.63,696.42
2024-01-13 09:00:00,34.12,29.62,3.98,598.78
2024-01-13 10:00:00,33.24,31.7,4.47,412.6
2024-01-13 11:00:00,31.46,37.82,4.4,202.32
2024-01-13 12:00:00,27.46,55.8,3.28,28.7
2024-01-13 13:00:00,25.45,63.02,3.42,0.0
2024-01-13 14:00:00,24.38,67.44,3.3,0.0
2024-01-13 15:00:00,23.44,71.34,3.08,0.0
2024-01-13 16:00:00,22.67,73.49,2.98,0.0
2024-01-13 17:00:00,22.01,73.91,3.0,0.0
2024-01-13 18:00:00,21.42,72.86,3.08,0.0
2024-01-13 19:00:00,20.88,70.84,3.15,0.0
2024-01-13 20:00:00,20.35,69.23,3.2,0.0
2024-01-13 21:00:00,19.86,68.12,3.2,0.0
2024-01-13 22:00:00,19.41,67.56,3.24,0.0
2024-01-13 23:00:00,19.04,67.56,3.27,0.0
2024-01-14 00:00:00,18.73,67.61,3.29,0.0
2024-01-14 01:00:00,18.51,67.79,3.29,0.0
2024-01-14 02:00:00,21.37,57.71,3.3,91.0
2024-01-14 03:00:00,24.43,44.53,3.48,297.88
2024-01-14 04:00:00,28.71,34.41,2.27,450.15
2024-01-14 05:00:00,30.99,30.84,2.48,632.85
2024-01-14 06:00:00,32.12,28.75,2.38,753.33
2024-01-14 07:00:00,32.8,26.92,2.9,781.85
2024-01-14 08:00:00,32.99,26.04,3.74,749.95
2024-01-14 09:00:00,32.68,26.32,4.45,612.22
2024-01-14 10:00:00,31.73,28.35,5.02,437.73
2024-01-14 11:00:00,29.88,33.6,5.24,226.65
2024-01-14 12:00:00,25.95,48.7,4.24,35.2
2024-01-14 13:00:00,23.81,57.12,4.21,0.0
2024-01-14 14:00:00,22.78,60.32,3.97,0.0
2024-01-14 15:00:00,21.88,61.68,3.67,0.0
2024-01-14 16:00:00,21.0,62.02,3.43,0.0
2024-01-14 17:00:00,20.24,61.48,3.39,0.0
2024-01-14 18:00:00,19.55,60.75,3.4,0.0
2024-01-14 19:00:00,18.88,60.3,3.45,0.0
2024-01-14 20:00:00,18.26,60.07,3.51,0.0
2024-01-14 21:00:00,17.69,60.43,3.52,0.0
2024-01-14 22:00:00,17.16,61.33,3.47,0.0
2024-01-14 23:00:00,16.68,62.16,3.44,0.0
2024-01-15 00:00:00,16.27,62.91,3.41,0.0
2024-01-15 01:00:00,15.99,63.41,3.39,0.0
2024-01-15 02:00:00,19.1,53.03,3.3,99.07
2024-01-15 03:00:00,22.37,38.88,3.22,314.05
2024-01-15 04:00:00,26.91,25.12,2.59,450.88
2024-01-15 05:00:00,29.18,21.95,2.94,639.08
2024-01-15 06:00:00,30.46,20.77,3.0,782.47
2024-01-15 07:00:00,31.21,19.62,3.36,812.45
2024-01-15 08:00:00,31.48,19.09,3.85,772.95
2024-01-15 09:00:00,31.21,18.99,4.37,638.67
2024-01-15 10:00:00,30.24,20.03,4.68,456.92
2024-01-15 11:00:00,28.24,25.19,4.62,237.05
2024-01-15 12:00:00,23.57,44.05,3.77,38.17
2024-01-15 13:00:00,21.25,54.31,3.9,0.0
2024-01-15 14:00:00,20.21,60.04,3.71,0.0
2024-01-15 15:00:00,19.25,64.84,3.41,0.0
2024-01-15 16:00:00,18.46,68.51,3.2,0.0
2024-01-15 17:00:00,17.79,70.66,3.09,0.0
2024-01-15 18:00:00,17.15,71.98,3.04,0.0
2024-01-15 19:00:00,16.52,72.73,2.99,0.0
2024-01-15 20:00:00,15.95,72.72,2.97,0.0
2024-01-15 21:00:00,15.47,71.76,2.95,0.0
2024-01-15 22:00:00,15.07,69.95,2.95,0.0
2024-01-15 23:00:00,14.76,67.68,2.95,0.0
2024-01-16 00:00:00,14.55,64.9,2.94,0.0
2024-01-16 01:00:00,14.44,62.05,2.96,0.0
2024-01-16 02:00:00,17.62,51.25,2.83,99.03
2024-01-16 03:00:00,21.19,32.09,2.83,313.25
2024-01-16 04:00:00,25.09,24.4,1.96,444.58
2024-01-16 05:00:00,27.97,20.66,0.96,619.3
2024-01-16 06:00:00,29.45,20.61,0.63,781.5
2024-01-16 07:00:00,30.36,20.85,1.76,802.38
2024-01-16 08:00:00,30.62,21.64,2.61,763.2
2024-01-16 09:00:00,30.24,22.59,3.16,627.12
2024-01-16 10:00:00,29.3,23.96,3.45,447.62
2024-01-16 11:00:00,27.48,28.94,3.23,231.15
2024-01-16 12:00:00,23.04,51.66,2.81,37.35
2024-01-16 13:00:00,20.91,60.22,3.03,0.0
2024-01-16 14:00:00,20.12,65.24,2.87,0.0
2024-01-16 15:00:00,19.53,68.83,2.68,0.0
2024-01-16 16:00:00,18.99,71.42,2.58,0.0
2024-01-16 17:00:00,18.49,72.94,2.46,0.0
2024-01-16 18:00:00,18.02,73.61,2.31,0.0
2024-01-16 19:00:00,17.5,74.35,2.29,0.0
2024-01-16 20:00:00,16.96,75.24,2.36,0.0
2024-01-16 21:00:00,16.51,75.6,2.4,0.0
2024-01-16 22:00:00,16.17,75.33,2.39,0.0
2024-01-16 23:00:00,15.94,74.45,2.34,0.0
2024-01-17 00:00:00,15.75,73.55,2.33,0.0
2024-01-17 01:00:00,15.56,72.82,2.42,0.0
2024-01-17 02:00:00,18.14,64.09,2.52,83.38
2024-01-17 03:00:00,21.64,45.69,2.14,274.6
2024-01-17 04:00:00,24.58,38.15,1.22,469.62
2024-01-17 05:00:00,26.21,35.73,0.39,630.2
2024-01-17 06:00:00,27.65,33.91,0.7,732.78
2024-01-17 07:00:00,28.78,32.92,1.82,709.55
2024-01-17 08:00:00,29.29,32.87,2.65,655.95
2024-01-17 09:00:00,29.2,33.84,3.14,542.15
2024-01-17 10:00:00,28.53,35.95,3.46,370.88
2024-01-17 11:00:00,27.04,41.06,3.58,179.95
2024-01-17 12:00:00,23.55,60.3,2.84,28.83
2024-01-17 13:00:00,21.75,69.59,2.91,0.0
2024-01-17 14:00:00,21.03,74.07,2.7,0.0
2024-01-17 15:00:00,20.51,76.79,2.42,0.0
2024-01-17 16:00:00,20.19,77.55,2.15,0.0
2024-01-17 17:00:00,20.02,76.73,1.85,0.0
2024-01-17 18:00:00,19.75,76.05,1.64,0.0
2024-01-17 19:00:00,19.18,77.4,1.7,0.0
2024-01-17 20:00:00,18.52,79.43,1.86,0.0
2024-01-17 21:00:00,17.95,80.75,1.96,0.0
2024-01-17 22:00:00,17.44,81.72,2.05,0.0
2024-01-17 23:00:00,16.98,82.61,2.15,0.0
2024-01-18 00:00:00,16.61,83.04,2.23,0.0
2024-01-18 01:00:00,16.33,83.24,2.28,0.0
2024-01-18 02:00:00,18.65,73.35,2.39,68.45
2024-01-18 03:00:00,21.86,53.5,1.64,237.02
2024-01-18 04:00:00,24.92,41.21,1.42,429.67
2024-01-18 05:00:00,26.85,36.38,0.95,614.7
2024-01-18 06:00:00,28.09,33.58,0.7,737.72
2024-01-18 07:00:00,29.03,31.2,1.54,729.33
2024-01-18 08:00:00,29.41,30.18,2.26,681.22
2024-01-18 09:00:00,29.24,30.26,2.8,573.33
2024-01-18 10:00:00,28.56,31.39,3.14,401.08
2024-01-18 11:00:00,27.03,36.56,3.1,196.52
2024-01-18 12:00:00,23.26,56.6,2.84,30.4
2024-01-18 13:00:00,21.41,63.71,3.06,0.0
2024-01-18 14:00:00,20.59,68.12,2.96,0.0
2024-01-18 15:00:00,19.91,71.77,2.77,0.0
2024-01-18 16:00:00,19.3,74.41,2.6,0.0
2024-01-18 17:00:00,18.71,76.08,2.52,0.0
2024-01-18 18:00:00,18.15,76.94,2.46,0.0
2024-01-18 19:00:00,17.64,76.96,2.48,0.0
2024-01-18 20:00:00,17.14,76.54,2.54,0.0
2024-01-18 21:00:00,16.68,75.34,2.56,0.0
2024-01-18 22:00:00,16.22,73.94,2.62,0.0
2024-01-18 23:00:00,15.79,72.64,2.73,0.0
2024-01-19 00:00:00,15.44,71.5,2.82,0.0
2024-01-19 01:00:00,15.24,70.36,2.87,0.0
2024-01-19 02:00:00,18.2,60.03,2.94,75.62
2024-01-19 03:00:00,21.76,41.67,2.87,264.62
2024-01-19 04:00:00,25.72,30.33,1.27,338.65
2024-01-19 05:00:00,28.13,28.33,1.3,625.5
2024-01-19 06:00:00,29.46,27.9,1.93,721.7
2024-01-19 07:00:00,30.22,28.5,2.51,741.1
2024-01-19 08:00:00,30.46,29.06,2.94,686.62
2024-01-19 09:00:00,30.15,30.05,3.36,564.58
2024-01-19 10:00:00,29.29,31.81,3.69,391.67
2024-01-19 11:00:00,27.64,35.75,3.72,191.98
2024-01-19 12:00:00,23.76,53.99,2.89,31.1
2024-01-19 13:00:00,21.73,61.78,2.91,0.0
2024-01-19 14:00:00,20.96,64.94,2.73,0.0
2024-01-19 15:00:00,20.46,67.47,2.48,0.0
2024-01-19 16:00:00,20.16,68.41,2.17,0.0
2024-01-19 17:00:00,20.01,67.75,1.84,0.0
2024-01-19 18:00:00,19.97,66.19,1.48,0.0
2024-01-19 19:00:00,19.8,65.64,1.23,0.0
2024-01-19 20:00:00,19.48,65.89,1.02,0.0
2024-01-19 21:00:00,19.19,66.5,0.85,0.0
2024-01-19 22:00:00,18.87,67.4,0.81,0.0
2024-01-19 23:00:00,18.54,68.45,0.81,0.0
2024-01-20 00:00:00,18.26,69.48,0.91,0.0
2024-01-20 01:00:00,17.85,71.35,1.18,0.0
2024-01-20 02:00:00,19.22,70.98,1.42,79.0
2024-01-20 03:00:00,21.91,57.2,0.93,272.38
2024-01-20 04:00:00,25.59,43.52,1.5,370.23
2024-01-20 05:00:00,27.38,38.37,2.21,580.8
2024-01-20 06:00:00,28.59,35.89,2.71,732.78
2024-01-20 07:00:00,29.4,34.59,3.07,744.33
2024-01-20 08:00:00,29.74,34.35,3.28,693.83
2024-01-20 09:00:00,29.62,34.45,3.47,575.05
2024-01-20 10:00:00,29.01,35.12,3.57,402.9
2024-01-20 11:00:00,27.68,38.12,3.52,200.85
2024-01-20 12:00:00,23.97,55.63,2.89,33.47
2024-01-20 13:00:00,21.95,62.6,3.23,0.0
2024-01-20 14:00:00,21.09,65.85,3.37,0.0
2024-01-20 15:00:00,20.3,69.1,3.37,0.0
2024-01-20 16:00:00,19.53,71.3,3.27,0.0
2024-01-20 17:00:00,18.81,71.86,3.2,0.0
2024-01-20 18:00:00,18.15,71.21,3.2,0.0
2024-01-20 19:00:00,17.62,69.09,3.33,0.0
2024-01-20 20:00:00,17.14,66.37,3.49,0.0
2024-01-20 21:00:00,16.56,65.1,3.48,0.0
2024-01-20 22:00:00,16.05,64.77,3.5,0.0
2024-01-20 23:00:00,15.64,64.6,3.6,0.0
2024-01-21 00:00:00,15.28,64.58,3.68,0.0
2024-01-21 01:00:00,15.05,64.48,3.73,0.0
2024-01-21 02:00:00,17.85,52.28,4.63,79.72
2024-01-21 03:00:00,20.97,43.08,4.43,275.3
2024-01-21 04:00:00,25.8,32.73,3.1,435.58
2024-01-21 05:00:00,29.12,29.04,2.03,639.9
2024-01-21 06:00:00,30.56,27.35,1.55,737.9
2024-01-21 07:00:00,31.67,24.62,0.97,765.4
2024-01-21 08:00:00,32.36,23.19,0.43,717.6
2024-01-21 09:00:00,32.55,22.79,0.85,594.67
2024-01-21 10:00:00,32.09,23.76,1.63,410.02
2024-01-21 11:00:00,30.31,31.31,2.28,205.73
2024-01-21 12:00:00,25.56,50.74,3.05,35.4
2024-01-21 13:00:00,23.23,56.61,3.56,0.0
2024-01-21 14:00:00,22.06,62.75,3.34,0.0
2024-01-21 15:00:00,21.27,67.46,3.0,0.0
2024-01-21 16:00:00,20.88,69.36,2.5,0.0
2024-01-21 17:00:00,20.68,68.57,2.08,0.0
2024-01-21 18:00:00,19.94,68.76,2.19,0.0
2024-01-21 19:00:00,19.09,67.93,2.66,0.0
2024-01-21 20:00:00,18.25,66.63,3.15,0.0
2024-01-21 21:00:00,17.57,65.31,3.55,0.0
2024-01-21 22:00:00,17.14,63.93,3.86,0.0
2024-01-21 23:00:00,16.81,62.29,4.18,0.0
2024-01-22 00:00:00,16.57,60.14,4.59,0.0
2024-01-22 01:00:00,16.42,57.86,4.93,0.0
2024-01-22 02:00:00,18.6,47.77,6.27,79.2
2024-01-22 03:00:00,21.78,40.43,5.16,269.33
2024-01-22 04:00:00,26.81,31.73,3.69,482.62
2024-01-22 05:00:00,30.23,29.51,3.41,647.15
2024-01-22 06:00:00,31.53,28.61,3.54,748.7
2024-01-22 07:00:00,32.23,27.9,3.74,744.3
2024-01-22 08:00:00,32.35,27.94,4.05,691.33
2024-01-22 09:00:00,31.82,29.11,4.31,575.17
2024-01-22 10:00:00,30.66,31.93,4.5,389.6
2024-01-22 11:00:00,28.72,37.66,4.49,193.93
2024-01-22 12:00:00,24.82,54.11,3.33,34.53
2024-01-22 13:00:00,22.53,62.64,3.25,0.0
2024-01-22 14:00:00,21.43,64.43,3.14,0.0
2024-01-22 15:00:00,20.45,64.56,3.08,0.0
2024-01-22 16:00:00,19.62,63.58,2.99,0.0
2024-01-22 17:00:00,18.92,62.01,2.91,0.0
2024-01-22 18:00:00,18.28,60.26,2.9,0.0
2024-01-22 19:00:00,17.7,58.85,2.93,0.0
2024-01-22 20:00:00,17.14,57.74,3.17,0.0
2024-01-22 21:00:00,16.53,56.86,3.5,0.0
2024-01-22 22:00:00,15.94,56.82,3.63,0.0
2024-01-22 23:00:00,15.43,57.08,3.72,0.0
2024-01-23 00:00:00,15.0,57.2,3.84,0.0
2024-01-23 01:00:00,14.75,56.74,3.96,0.0
2024-01-23 02:00:00,17.76,44.18,5.0,87.8
2024-01-23 03:00:00,20.79,35.69,4.44,298.73
2024-01-23 04:00:00,25.72,25.77,4.56,500.27
2024-01-23 05:00:00,28.54,22.07,4.39,679.3
2024-01-23 06:00:00,30.01,20.29,3.93,781.08
2024-01-23 07:00:00,30.95,18.92,3.84,795.62
2024-01-23 08:00:00,31.41,17.67,4.09,744.67
2024-01-23 09:00:00,31.28,17.23,4.32,634.28
2024-01-23 10:00:00,30.52,18.06,4.46,455.42
2024-01-23 11:00:00,28.67,22.21,4.43,239.3
2024-01-23 12:00:00,23.74,39.08,3.99,43.88
2024-01-23 13:00:00,21.27,48.73,4.4,0.0
2024-01-23 14:00:00,20.22,54.94,4.29,0.0
2024-01-23 15:00:00,19.19,59.75,3.96,0.0
2024-01-23 16:00:00,18.26,62.43,3.7,0.0
2024-01-23 17:00:00,17.49,61.45,3.67,0.0
2024-01-23 18:00:00,16.68,59.36,3.63,0.0
2024-01-23 19:00:00,15.97,56.72,3.65,0.0
2024-01-23 20:00:00,15.36,54.92,3.71,0.0
2024-01-23 21:00:00,14.84,54.02,3.76,0.0
2024-01-23 22:00:00,14.35,54.39,3.83,0.0
2024-01-23 23:00:00,13.99,54.88,3.93,0.0
2024-01-24 00:00:00,13.76,55.13,4.03,0.0
2024-01-24 01:00:00,13.72,55.11,4.08,0.0
2024-01-24 02:00:00,17.05,43.56,4.85,89.55
2024-01-24 03:00:00,20.44,35.06,4.67,295.98
2024-01-24 04:00:00,25.52,24.11,4.08,510.4
2024-01-24 05:00:00,28.59,18.93,3.72,684.05
2024-01-24 06:00:00,30.04,18.15,3.21,799.47
2024-01-24 07:00:00,31.11,17.23,2.86,827.75
2024-01-24 08:00:00,31.8,16.2,2.84,777.72
2024-01-24 09:00:00,31.96,15.7,2.89,681.0
2024-01-24 10:00:00,31.54,16.04,2.9,480.38
2024-01-24 11:00:00,29.74,24.65,2.29,255.57
2024-01-24 12:00:00,24.73,43.55,2.66,48.2
2024-01-24 13:00:00,22.2,47.43,3.1,0.0
2024-01-24 14:00:00,20.95,51.0,3.19,0.0
2024-01-24 15:00:00,19.91,53.12,3.19,0.0
2024-01-24 16:00:00,18.92,51.53,3.55,0.0
2024-01-24 17:00:00,18.03,48.29,3.99,0.0
2024-01-24 18:00:00,17.23,45.9,4.37,0.0
2024-01-24 19:00:00,16.61,43.85,4.83,0.0
2024-01-24 20:00:00,16.14,42.46,5.37,0.0
2024-01-24 21:00:00,15.59,42.71,5.61,0.0
2024-01-24 22:00:00,14.97,44.36,5.6,0.0
2024-01-24 23:00:00,14.49,46.06,5.66,0.0
2024-01-25 00:00:00,14.17,47.44,5.8,0.0
2024-01-25 01:00:00,13.91,49.21,5.77,0.0
2024-01-25 02:00:00,16.0,43.24,6.54,89.47
2024-01-25 03:00:00,19.65,35.93,5.48,298.5
2024-01-25 04:00:00,24.99,25.52,4.82,476.85
2024-01-25 05:00:00,29.46,19.08,2.97,678.42
2024-01-25 06:00:00,31.26,18.25,1.76,789.22
2024-01-25 07:00:00,32.23,17.52,1.42,822.9
2024-01-25 08:00:00,32.78,16.99,1.14,794.6
2024-01-25 09:00:00,32.85,16.84,0.68,643.92
2024-01-25 10:00:00,32.43,17.33,0.16,448.6
2024-01-25 11:00:00,30.96,23.91,0.95,235.4
2024-01-25 12:00:00,25.99,44.08,2.27,44.6
2024-01-25 13:00:00,23.12,47.21,3.07,0.0
2024-01-25 14:00:00,21.73,50.82,3.3,0.0
2024-01-25 15:00:00,20.62,55.63,3.32,0.0
2024-01-25 16:00:00,19.72,59.8,3.18,0.0
2024-01-25 17:00:00,19.11,61.01,3.07,0.0
2024-01-25 18:00:00,18.57,59.42,3.23,0.0
2024-01-25 19:00:00,17.92,56.49,3.61,0.0
2024-01-25 20:00:00,17.4,51.9,4.03,0.0
2024-01-25 21:00:00,17.05,47.1,4.56,0.0
2024-01-25 22:00:00,16.81,43.97,5.21,0.0
2024-01-25 23:00:00,16.61,42.51,5.82,0.0
2024-01-26 00:00:00,16.18,43.19,6.01,0.0
2024-01-26 01:00:00,15.71,44.91,5.99,0.0
2024-01-26 02:00:00,17.66,39.97,6.7,82.75
2024-01-26 03:00:00,21.14,34.02,5.62,279.7
2024-01-26 04:00:00,26.53,26.23,4.49,493.52
2024-01-26 05:00:00,31.3,19.72,3.22,657.62
2024-01-26 06:00:00,32.76,18.46,2.26,757.25
2024-01-26 07:00:00,33.59,17.69,1.49,799.03
2024-01-26 08:00:00,33.9,17.46,1.3,750.72
2024-01-26 09:00:00,33.67,17.86,1.53,622.53
2024-01-26 10:00:00,32.9,18.9,1.94,437.77
2024-01-26 11:00:00,31.01,25.62,2.07,224.02
2024-01-26 12:00:00,26.05,44.23,2.72,41.53
2024-01-26 13:00:00,23.46,48.9,3.23,0.0
2024-01-26 14:00:00,22.19,53.95,3.35,0.0
2024-01-26 15:00:00,21.23,58.97,3.32,0.0
2024-01-26 16:00:00,20.45,61.81,3.21,0.0
2024-01-26 17:00:00,19.86,61.76,3.19,0.0
2024-01-26 18:00:00,19.47,58.79,3.24,0.0
2024-01-26 19:00:00,19.17,54.39,3.32,0.0
2024-01-26 20:00:00,18.84,51.07,3.49,0.0
2024-01-26 21:00:00,18.43,50.1,3.69,0.0
2024-01-26 22:00:00,18.01,50.43,3.94,0.0
2024-01-26 23:00:00,17.81,50.37,4.32,0.0
2024-01-27 00:00:00,17.78,50.49,4.74,0.0
2024-01-27 01:00:00,17.9,50.45,5.11,0.0
2024-01-27 02:00:00,20.64,42.55,6.5,74.2
2024-01-27 03:00:00,23.65,36.93,5.65,257.7
2024-01-27 04:00:00,27.98,30.42,3.55,467.9
2024-01-27 05:00:00,32.63,20.17,1.57,627.88
2024-01-27 06:00:00,34.03,18.63,0.92,723.55
2024-01-27 07:00:00,34.69,17.93,0.49,749.33
2024-01-27 08:00:00,34.96,17.45,0.45,667.53
2024-01-27 09:00:00,34.72,17.38,0.93,580.88
2024-01-27 10:00:00,33.97,18.21,1.36,409.3
2024-01-27 11:00:00,31.95,25.95,1.65,201.1
2024-01-27 12:00:00,27.03,44.97,2.5,38.62
2024-01-27 13:00:00,24.54,51.23,2.9,0.0
2024-01-27 14:00:00,23.31,56.39,2.95,0.0
2024-01-27 15:00:00,22.33,61.54,2.86,0.0
2024-01-27 16:00:00,21.5,64.63,2.89,0.0
2024-01-27 17:00:00,20.83,64.62,3.09,0.0
2024-01-27 18:00:00,20.31,61.42,3.27,0.0
2024-01-27 19:00:00,19.9,56.43,3.35,0.0
2024-01-27 20:00:00,19.57,53.13,3.38,0.0
2024-01-27 21:00:00,19.29,51.73,3.4,0.0
2024-01-27 22:00:00,18.97,51.44,3.5,0.0
2024-01-27 23:00:00,18.6,51.53,3.72,0.0
2024-01-28 00:00:00,18.3,51.62,3.91,0.0
2024-01-28 01:00:00,18.21,51.19,4.11,0.0
2024-01-28 02:00:00,21.01,42.03,5.13,75.85
2024-01-28 03:00:00,23.91,35.11,5.09,260.73
2024-01-28 04:00:00,28.17,28.52,3.19,415.73
2024-01-28 05:00:00,31.96,22.53,1.78,607.12
2024-01-28 06:00:00,33.36,21.64,1.27,714.9
2024-01-28 07:00:00,34.12,21.31,0.95,633.95
2024-01-28 08:00:00,34.38,21.27,0.87,671.28
2024-01-28 09:00:00,34.15,21.82,1.47,565.97
2024-01-28 10:00:00,33.28,23.41,2.33,397.62
2024-01-28 11:00:00,31.49,28.01,3.13,198.3
2024-01-28 12:00:00,27.19,43.84,3.03,38.85
2024-01-28 13:00:00,24.78,52.28,3.52,0.0
2024-01-28 14:00:00,23.56,58.0,3.46,0.0
2024-01-28 15:00:00,22.5,62.41,3.14,0.0
2024-01-28 16:00:00,21.65,63.97,3.08,0.0
2024-01-28 17:00:00,20.99,62.7,3.14,0.0
2024-01-28 18:00:00,20.4,59.46,3.17,0.0
2024-01-28 19:00:00,19.92,56.49,3.22,0.0
2024-01-28 20:00:00,19.55,54.6,3.27,0.0
2024-01-28 21:00:00,19.2,53.91,3.26,0.0
2024-01-28 22:00:00,18.87,53.93,3.23,0.0
2024-01-28 23:00:00,18.57,53.84,3.22,0.0
2024-01-29 00:00:00,18.27,53.82,3.2,0.0
2024-01-29 01:00:00,18.09,53.55,3.22,0.0
2024-01-29 02:00:00,21.08,43.8,3.29,66.85
2024-01-29 03:00:00,24.18,32.64,3.55,230.55
2024-01-29 04:00:00,28.77,25.56,2.8,421.45
2024-01-29 05:00:00,31.46,23.35,1.98,594.97
2024-01-29 06:00:00,32.88,22.3,1.3,701.38
2024-01-29 07:00:00,33.79,21.52,0.93,742.8
2024-01-29 08:00:00,34.21,21.06,1.36,699.83
2024-01-29 09:00:00,34.05,21.17,2.15,577.35
2024-01-29 10:00:00,33.21,22.36,2.92,412.83
2024-01-29 11:00:00,31.42,26.3,3.63,212.6
2024-01-29 12:00:00,27.25,38.95,3.71,42.67
2024-01-29 13:00:00,24.78,45.99,4.27,0.0
2024-01-29 14:00:00,23.52,50.19,4.16,0.0
2024-01-29 15:00:00,22.5,52.84,3.88,0.0
2024-01-29 16:00:00,21.68,53.65,3.69,0.0
2024-01-29 17:00:00,21.03,52.44,3.65,0.0
2024-01-29 18:00:00,20.47,50.61,3.63,0.0
2024-01-29 19:00:00,19.98,49.19,3.56,0.0
2024-01-29 20:00:00,19.58,48.34,3.55,0.0
2024-01-29 21:00:00,19.22,47.89,3.59,0.0
2024-01-29 22:00:00,18.85,47.82,3.6,0.0
2024-01-29 23:00:00,18.49,48.09,3.59,0.0
2024-01-30 00:00:00,18.16,48.74,3.55,0.0
2024-01-30 01:00:00,18.03,48.88,3.51,0.0
2024-01-30 02:00:00,20.98,38.98,4.07,74.9
2024-01-30 03:00:00,23.87,31.31,3.81,255.48
2024-01-30 04:00:00,28.17,28.06,2.87,333.67
2024-01-30 05:00:00,30.56,26.96,2.14,623.92
2024-01-30 06:00:00,32.07,24.68,1.24,725.0
2024-01-30 07:00:00,32.97,24.0,1.49,740.92
2024-01-30 08:00:00,33.18,24.41,2.43,691.0
2024-01-30 09:00:00,32.62,25.69,3.15,580.6
2024-01-30 10:00:00,31.65,27.58,3.55,412.02
2024-01-30 11:00:00,30.0,31.39,3.69,210.1
2024-01-30 12:00:00,26.4,43.86,2.92,42.28
2024-01-30 13:00:00,23.98,51.83,3.06,0.0
2024-01-30 14:00:00,22.86,56.53,2.96,0.0
2024-01-30 15:00:00,22.02,60.51,2.84,0.0
2024-01-30 16:00:00,21.32,63.43,2.68,0.0
2024-01-30 17:00:00,20.75,65.15,2.42,0.0
2024-01-30 18:00:00,20.34,65.53,2.18,0.0
2024-01-30 19:00:00,19.97,65.58,2.09,0.0
2024-01-30 20:00:00,19.56,65.56,2.11,0.0
2024-01-30 21:00:00,19.23,64.66,2.13,0.0
2024-01-30 22:00:00,18.97,63.39,2.09,0.0
2024-01-30 23:00:00,18.69,62.1,2.11,0.0
2024-01-31 00:00:00,18.35,61.07,2.19,0.0
2024-01-31 01:00:00,18.14,59.86,2.27,0.0
2024-01-31 02:00:00,20.73,50.93,2.34,75.6
2024-01-31 03:00:00,24.36,37.19,2.6,262.8
2024-01-31 04:00:00,27.69,30.32,2.21,434.0
2024-01-31 05:00:00,29.94,27.51,1.05,636.78
2024-01-31 06:00:00,31.59,25.56,1.76,749.92
2024-01-31 07:00:00,32.33,25.11,2.76,793.17
2024-01-31 08:00:00,32.36,25.43,3.51,783.78
2024-01-31 09:00:00,31.87,26.32,4.08,628.6
2024-01-31 10:00:00,30.78,28.58,4.31,455.0
2024-01-31 11:00:00,29.09,33.28,4.3,238.2
2024-01-31 12:00:00,25.83,45.99,3.17,49.47
2024-01-31 13:00:00,23.36,58.23,2.91,0.0
2024-01-31 14:00:00,22.38,64.21,2.77,0.0
2024-01-31 15:00:00,21.6,68.56,2.6,0.0
2024-01-31 16:00:00,20.99,71.4,2.39,0.0
2024-01-31 17:00:00,20.54,72.88,2.12,0.0
2024-01-31 18:00:00,20.35,72.92,1.75,0.0
2024-01-31 19:00:00,20.19,73.01,1.44,0.0
2024-01-31 20:00:00,19.73,74.87,1.39,0.0
2024-01-31 21:00:00,19.04,77.76,1.53,0.0
2024-01-31 22:00:00,18.28,81.0,1.75,0.0
2024-01-31 23:00:00,17.65,83.35,1.95,0.0
2024-02-01 00:00:00,17.17,84.25,2.12,0.0
2024-02-01 01:00:00,16.97,83.18,2.22,0.0
2024-02-01 02:00:00,19.66,69.36,2.56,88.0
2024-02-01 03:00:00,22.85,59.71,2.26,288.52
2024-02-01 04:00:00,25.33,49.49,2.17,497.92
2024-02-01 05:00:00,27.28,40.7,1.82,660.85
2024-02-01 06:00:00,28.9,34.76,1.88,766.08
2024-02-01 07:00:00,29.89,32.15,2.35,793.05
2024-02-01 08:00:00,30.33,31.09,3.0,744.35
2024-02-01 09:00:00,30.11,31.98,3.61,630.05
2024-02-01 10:00:00,29.33,34.66,4.07,484.83
2024-02-01 11:00:00,27.94,39.48,4.44,246.07
2024-02-01 12:00:00,25.29,51.61,3.93,51.85
2024-02-01 13:00:00,23.15,64.84,3.74,0.0
2024-02-01 14:00:00,22.19,72.23,3.34,0.0
2024-02-01 15:00:00,21.32,77.61,2.79,0.0
2024-02-01 16:00:00,20.56,81.41,2.53,0.0
2024-02-01 17:00:00,19.93,84.37,2.37,0.0
2024-02-01 18:00:00,19.42,86.77,2.19,0.0
2024-02-01 19:00:00,18.98,89.0,2.07,0.0
2024-02-01 20:00:00,18.48,91.49,2.04,0.0
2024-02-01 21:00:00,17.91,94.16,2.15,0.0
2024-02-01 22:00:00,17.38,96.13,2.31,0.0
2024-02-01 23:00:00,16.96,96.61,2.49,0.0
2024-02-02 00:00:00,16.68,95.3,2.68,0.0
2024-02-02 01:00:00,16.71,90.91,2.86,0.0
2024-02-02 02:00:00,19.59,71.85,4.16,86.03
2024-02-02 03:00:00,23.35,54.27,4.56,286.52
2024-02-02 04:00:00,26.91,39.85,4.38,492.88
2024-02-02 05:00:00,29.33,33.19,3.21,689.42
2024-02-02 06:00:00,30.8,29.5,2.5,766.53
2024-02-02 07:00:00,31.84,26.58,2.3,815.0
2024-02-02 08:00:00,32.41,24.95,2.42,739.55
2024-02-02 09:00:00,32.46,24.69,2.79,622.15
2024-02-02 10:00:00,31.94,25.65,3.31,485.95
2024-02-02 11:00:00,30.61,28.83,3.86,265.65
2024-02-02 12:00:00,27.09,40.49,3.54,52.15
2024-02-02 13:00:00,24.52,50.03,3.99,0.0
2024-02-02 14:00:00,23.25,56.23,3.75,0.0
2024-02-02 15:00:00,22.16,61.19,3.17,0.0
2024-02-02 16:00:00,21.36,63.7,2.86,0.0
2024-02-02 17:00:00,20.76,63.81,2.8,0.0
2024-02-02 18:00:00,20.26,62.23,2.91,0.0
2024-02-02 19:00:00,19.81,59.83,3.18,0.0
2024-02-02 20:00:00,19.44,57.52,3.49,0.0
2024-02-02 21:00:00,19.14,55.92,3.87,0.0
2024-02-02 22:00:00,18.94,55.0,4.28,0.0
2024-02-02 23:00:00,18.82,54.99,4.74,0.0
2024-02-03 00:00:00,18.73,55.56,5.22,0.0
2024-02-03 01:00:00,18.7,56.22,5.66,0.0
2024-02-03 02:00:00,20.66,50.48,6.63,92.28
2024-02-03 03:00:00,24.19,42.23,5.87,296.92
2024-02-03 04:00:00,29.53,30.75,6.51,506.85
2024-02-03 05:00:00,32.47,25.44,5.1,683.92
2024-02-03 06:00:00,34.27,22.3,3.86,773.4
2024-02-03 07:00:00,35.41,20.16,2.95,812.8
2024-02-03 08:00:00,36.04,18.88,2.29,762.4
2024-02-03 09:00:00,36.15,18.41,1.88,675.0
2024-02-03 10:00:00,35.74,18.65,1.91,465.77
2024-02-03 11:00:00,34.54,21.04,1.88,253.85
2024-02-03 12:00:00,30.06,39.05,1.96,56.4
2024-02-03 13:00:00,26.98,46.78,2.6,0.0
2024-02-03 14:00:00,25.52,54.31,2.7,0.0
2024-02-03 15:00:00,24.49,59.97,2.71,0.0
2024-02-03 16:00:00,23.79,62.36,2.68,0.0
2024-02-03 17:00:00,23.32,61.43,2.7,0.0
2024-02-03 18:00:00,22.8,59.07,2.89,0.0
2024-02-03 19:00:00,22.21,57.09,3.15,0.0
2024-02-03 20:00:00,21.65,55.8,3.34,0.0
2024-02-03 21:00:00,21.21,54.84,3.49,0.0
2024-02-03 22:00:00,20.85,54.19,3.67,0.0
2024-02-03 23:00:00,20.59,53.96,3.83,0.0
2024-02-04 00:00:00,20.45,53.8,4.03,0.0
2024-02-04 01:00:00,20.57,52.98,4.3,0.0
2024-02-04 02:00:00,23.36,44.27,5.6,89.72
2024-02-04 03:00:00,26.38,37.88,4.3,288.52
2024-02-04 04:00:00,31.63,27.94,2.94,495.58
2024-02-04 05:00:00,34.41,23.84,2.27,664.78
2024-02-04 06:00:00,35.67,22.57,1.93,760.22
2024-02-04 07:00:00,36.37,21.74,1.72,787.62
2024-02-04 08:00:00,36.59,21.46,1.78,738.8
2024-02-04 09:00:00,36.27,21.95,2.15,621.95
2024-02-04 10:00:00,35.39,23.37,2.64,452.67
2024-02-04 11:00:00,33.69,26.97,3.03,245.8
2024-02-04 12:00:00,29.62,40.23,2.75,46.3
2024-02-04 13:00:00,26.82,49.13,2.92,0.0
2024-02-04 14:00:00,25.53,53.89,2.8,0.0
2024-02-04 15:00:00,24.53,57.86,2.6,0.0
2024-02-04 16:00:00,23.79,59.6,2.57,0.0
2024-02-04 17:00:00,23.21,59.26,2.66,0.0
2024-02-04 18:00:00,22.76,57.84,2.74,0.0
2024-02-04 19:00:00,22.41,56.24,2.76,0.0
2024-02-04 20:00:00,22.11,54.97,2.75,0.0
2024-02-04 21:00:00,21.82,54.29,2.65,0.0
2024-02-04 22:00:00,21.61,53.81,2.47,0.0
2024-02-04 23:00:00,21.49,53.22,2.31,0.0
2024-02-05 00:00:00,21.36,52.87,2.21,0.0
2024-02-05 01:00:00,21.29,52.89,2.17,0.0
2024-02-05 02:00:00,23.8,45.72,2.25,91.03
2024-02-05 03:00:00,27.19,34.51,2.27,291.27
2024-02-05 04:00:00,30.57,29.74,1.79,501.77
2024-02-05 05:00:00,32.94,26.47,1.21,689.65
2024-02-05 06:00:00,34.53,24.66,1.54,774.25
2024-02-05 07:00:00,35.4,23.95,2.37,803.17
2024-02-05 08:00:00,35.53,24.05,3.23,757.92
2024-02-05 09:00:00,35.0,25.12,3.75,642.0
2024-02-05 10:00:00,34.02,27.38,3.96,495.75
2024-02-05 11:00:00,32.44,31.23,4.15,275.0
2024-02-05 12:00:00,29.23,41.67,3.38,57.8
2024-02-05 13:00:00,26.67,51.46,3.34,0.0
2024-02-05 14:00:00,25.57,56.56,3.44,0.0
2024-02-05 15:00:00,24.58,60.6,3.11,0.0
2024-02-05 16:00:00,23.69,62.96,2.78,0.0
2024-02-05 17:00:00,22.97,63.88,2.66,0.0
2024-02-05 18:00:00,22.35,63.96,2.67,0.0
2024-02-05 19:00:00,21.8,63.44,2.72,0.0
2024-02-05 20:00:00,21.28,62.43,2.8,0.0
2024-02-05 21:00:00,20.82,61.28,2.81,0.0
2024-02-05 22:00:00,20.45,60.36,2.79,0.0
2024-02-05 23:00:00,20.14,59.79,2.76,0.0
2024-02-06 00:00:00,19.87,59.6,2.72,0.0
2024-02-06 01:00:00,19.8,59.35,2.67,0.0
2024-02-06 02:00:00,22.98,48.65,2.92,93.55
2024-02-06 03:00:00,26.54,38.16,2.47,297.35
2024-02-06 04:00:00,29.92,31.35,1.42,506.33
2024-02-06 05:00:00,32.83,24.92,0.25,703.15
2024-02-06 06:00:00,35.14,21.8,1.21,781.22
2024-02-06 07:00:00,35.97,21.15,1.93,827.92
2024-02-06 08:00:00,36.01,21.51,2.72,759.09
2024-02-06 09:00:00,35.45,22.83,3.56,662.58
2024-02-06 10:00:00,34.35,25.17,4.21,494.67
2024-02-06 11:00:00,32.67,28.91,4.52,272.92
2024-02-06 12:00:00,29.39,38.87,3.73,58.6
2024-02-06 13:00:00,26.6,48.83,3.32,0.0
2024-02-06 14:00:00,25.37,54.17,3.14,0.0
2024-02-06 15:00:00,24.33,58.62,2.83,0.0
2024-02-06 16:00:00,23.54,61.37,2.65,0.0
2024-02-06 17:00:00,22.89,62.98,2.59,0.0
2024-02-06 18:00:00,22.3,64.26,2.64,0.0
2024-02-06 19:00:00,21.72,65.77,2.76,0.0
2024-02-06 20:00:00,21.19,67.29,2.93,0.0
2024-02-06 21:00:00,20.73,68.75,3.11,0.0
2024-02-06 22:00:00,20.28,69.97,3.17,0.0
2024-02-06 23:00:00,19.85,70.51,3.12,0.0
2024-02-07 00:00:00,19.45,69.79,2.99,0.0
2024-02-07 01:00:00,19.35,66.79,2.89,0.0
2024-02-07 02:00:00,22.49,52.05,3.66,95.95
2024-02-07 03:00:00,26.28,40.7,3.58,290.85
2024-02-07 04:00:00,29.86,32.55,3.06,491.17
2024-02-07 05:00:00,32.3,27.39,2.31,668.62
2024-02-07 06:00:00,34.12,23.72,2.38,783.05
2024-02-07 07:00:00,35.27,21.91,2.76,839.5
2024-02-07 08:00:00,35.76,21.08,2.75,783.7
2024-02-07 09:00:00,35.71,21.01,2.84,664.4
2024-02-07 10:00:00,34.95,22.21,3.34,492.05
2024-02-07 11:00:00,33.2,25.97,4.15,276.38
2024-02-07 12:00:00,29.42,37.34,4.11,67.32
2024-02-07 13:00:00,26.49,48.62,4.73,0.0
2024-02-07 14:00:00,25.11,56.11,4.96,0.0
2024-02-07 15:00:00,24.01,61.24,4.36,0.0
2024-02-07 16:00:00,23.04,63.91,3.6,0.0
2024-02-07 17:00:00,22.17,64.26,3.17,0.0
2024-02-07 18:00:00,21.47,62.12,3.08,0.0
2024-02-07 19:00:00,20.9,58.87,3.21,0.0
2024-02-07 20:00:00,20.4,56.21,3.4,0.0
2024-02-07 21:00:00,19.93,54.55,3.63,0.0
2024-02-07 22:00:00,19.56,53.43,3.99,0.0
2024-02-07 23:00:00,19.12,53.71,4.19,0.0
2024-02-08 00:00:00,18.69,54.62,4.21,0.0
2024-02-08 01:00:00,18.53,54.77,4.27,0.0
2024-02-08 02:00:00,21.0,46.32,5.3,95.12
2024-02-08 03:00:00,24.6,37.52,4.44,298.4
2024-02-08 04:00:00,30.05,27.09,3.86,521.3
2024-02-08 05:00:00,33.27,21.77,2.55,692.12
2024-02-08 06:00:00,35.07,18.34,2.19,798.55
2024-02-08 07:00:00,36.29,16.2,2.35,851.75
2024-02-08 08:00:00,36.82,15.48,2.93,788.83
2024-02-08 09:00:00,36.7,15.72,3.41,670.03
2024-02-08 10:00:00,35.9,16.93,3.85,495.55
2024-02-08 11:00:00,34.1,20.14,4.14,278.48
2024-02-08 12:00:00,29.73,32.06,3.46,62.88
2024-02-08 13:00:00,26.41,43.2,3.92,0.0
2024-02-08 14:00:00,24.84,52.13,3.73,0.0
2024-02-08 15:00:00,23.63,59.46,3.02,0.0
2024-02-08 16:00:00,22.72,64.08,2.6,0.0
2024-02-08 17:00:00,21.96,66.84,2.29,0.0
2024-02-08 18:00:00,21.54,67.06,1.97,0.0
2024-02-08 19:00:00,21.3,65.2,1.81,0.0
2024-02-08 20:00:00,20.77,64.02,2.0,0.0
2024-02-08 21:00:00,20.04,63.36,2.38,0.0
2024-02-08 22:00:00,19.36,62.48,2.83,0.0
2024-02-08 23:00:00,18.92,60.75,3.22,0.0
2024-02-09 00:00:00,18.64,58.68,3.51,0.0
2024-02-09 01:00:00,18.71,55.96,3.81,0.0
2024-02-09 02:00:00,21.92,44.41,5.38,105.5
2024-02-09 03:00:00,25.59,35.39,3.8,313.73
2024-02-09 04:00:00,30.38,26.37,1.64,529.28
2024-02-09 05:00:00,33.35,19.97,0.96,712.1
2024-02-09 06:00:00,35.07,17.16,1.58,817.88
2024-02-09 07:00:00,35.82,16.45,2.35,844.33
2024-02-09 08:00:00,35.86,16.94,3.01,797.65
2024-02-09 09:00:00,35.28,18.29,3.63,703.3
2024-02-09 10:00:00,34.16,20.44,4.02,512.97
2024-02-09 11:00:00,32.45,24.0,4.03,287.98
2024-02-09 12:00:00,28.76,35.02,3.04,72.38
2024-02-09 13:00:00,25.63,45.5,3.06,0.0
2024-02-09 14:00:00,24.4,50.36,3.12,0.0
2024-02-09 15:00:00,23.37,54.22,3.05,0.0
2024-02-09 16:00:00,22.5,56.58,3.03,0.0
2024-02-09 17:00:00,21.73,57.83,3.05,0.0
2024-02-09 18:00:00,21.04,58.46,3.02,0.0
2024-02-09 19:00:00,20.43,58.48,3.06,0.0
2024-02-09 20:00:00,19.87,57.77,3.11,0.0
2024-02-09 21:00:00,19.35,56.51,3.18,0.0
2024-02-09 22:00:00,18.88,55.1,3.18,0.0
2024-02-09 23:00:00,18.43,54.88,3.03,0.0
2024-02-10 00:00:00,18.09,55.41,2.81,0.0
2024-02-10 01:00:00,18.07,55.6,2.64,0.0
2024-02-10 02:00:00,21.6,44.53,2.78,118.15
2024-02-10 03:00:00,24.98,34.2,1.69,338.58
2024-02-10 04:00:00,29.5,25.08,1.17,486.8
2024-02-10 05:00:00,32.14,21.33,1.81,700.9
2024-02-10 06:00:00,33.62,19.08,2.37,833.7
2024-02-10 07:00:00,34.49,17.98,3.11,856.2
2024-02-10 08:00:00,34.62,18.01,3.85,830.5
2024-02-10 09:00:00,34.15,18.66,4.46,687.58
2024-02-10 10:00:00,33.15,19.98,4.89,513.9
2024-02-10 11:00:00,31.47,22.66,5.03,291.48
2024-02-10 12:00:00,28.08,30.42,4.17,74.53
2024-02-10 13:00:00,24.97,39.66,4.05,0.0
2024-02-10 14:00:00,23.72,44.48,4.05,0.0
2024-02-10 15:00:00,22.51,48.47,3.51,0.0
2024-02-10 16:00:00,21.46,50.61,3.13,0.0
2024-02-10 17:00:00,20.61,51.01,3.05,0.0
2024-02-10 18:00:00,19.91,50.37,3.09,0.0
2024-02-10 19:00:00,19.3,49.15,3.09,0.0
2024-02-10 20:00:00,18.72,47.59,3.15,0.0
2024-02-10 21:00:00,18.18,46.68,3.1,0.0
2024-02-10 22:00:00,17.69,45.9,3.11,0.0
2024-02-10 23:00:00,17.29,45.62,3.0,0.0
2024-02-11 00:00:00,16.96,45.62,2.91,0.0
2024-02-11 01:00:00,16.88,45.63,2.93,0.0
2024-02-11 02:00:00,20.84,35.2,3.14,118.3
2024-02-11 03:00:00,24.55,25.84,2.61,336.55
2024-02-11 04:00:00,29.0,19.81,1.48,477.67
2024-02-11 05:00:00,32.04,17.36,1.2,673.45
2024-02-11 06:00:00,33.91,15.82,1.92,823.78
2024-02-11 07:00:00,34.84,15.81,2.78,857.35
2024-02-11 08:00:00,35.01,16.44,3.29,824.1
2024-02-11 09:00:00,34.6,17.47,3.48,684.55
2024-02-11 10:00:00,33.7,18.97,3.63,512.85
2024-02-11 11:00:00,32.12,21.93,3.99,281.45
2024-02-11 12:00:00,28.44,31.8,3.41,71.07
2024-02-11 13:00:00,25.22,42.36,3.61,0.0
2024-02-11 14:00:00,23.9,48.97,3.53,0.0
2024-02-11 15:00:00,22.69,54.29,3.0,0.0
2024-02-11 16:00:00,21.75,57.18,2.76,0.0
2024-02-11 17:00:00,21.01,58.34,2.68,0.0
2024-02-11 18:00:00,20.4,58.35,2.62,0.0
2024-02-11 19:00:00,19.9,57.25,2.57,0.0
2024-02-11 20:00:00,19.45,55.79,2.56,0.0
2024-02-11 21:00:00,19.01,54.19,2.61,0.0
2024-02-11 22:00:00,18.61,52.49,2.73,0.0
2024-02-11 23:00:00,18.3,50.71,2.84,0.0
2024-02-12 00:00:00,18.09,49.02,2.87,0.0
2024-02-12 01:00:00,18.2,47.42,2.83,0.0
2024-02-12 02:00:00,21.98,36.89,3.01,99.75
2024-02-12 03:00:00,26.09,26.23,2.63,279.4
2024-02-12 04:00:00,29.81,22.8,1.7,506.25
2024-02-12 05:00:00,32.09,19.34,0.82,678.55
2024-02-12 06:00:00,33.78,17.42,1.7,797.55
2024-02-12 07:00:00,34.61,17.22,2.75,816.17
2024-02-12 08:00:00,34.81,17.71,3.44,701.3
2024-02-12 09:00:00,34.36,18.82,4.02,642.72
2024-02-12 10:00:00,33.26,20.94,4.34,457.92
2024-02-12 11:00:00,31.55,24.13,4.07,248.43
2024-02-12 12:00:00,28.32,32.91,2.81,62.4
2024-02-12 13:00:00,25.33,42.97,2.51,0.0
2024-02-12 14:00:00,24.16,48.34,2.34,0.0
2024-02-12 15:00:00,23.24,52.81,2.27,0.0
2024-02-12 16:00:00,22.47,56.3,2.35,0.0
2024-02-12 17:00:00,21.69,59.66,2.38,0.0
2024-02-12 18:00:00,20.91,62.82,2.39,0.0
2024-02-12 19:00:00,20.14,65.98,2.47,0.0
2024-02-12 20:00:00,19.42,68.4,2.57,0.0
2024-02-12 21:00:00,18.82,69.3,2.6,0.0
2024-02-12 22:00:00,18.32,68.63,2.6,0.0
2024-02-12 23:00:00,17.92,66.25,2.62,0.0
2024-02-13 00:00:00,17.55,62.49,2.82,0.0
2024-02-13 01:00:00,17.57,56.95,3.0,0.0
2024-02-13 02:00:00,21.58,40.51,3.43,97.93
2024-02-13 03:00:00,25.8,26.52,2.09,289.02
2024-02-13 04:00:00,29.2,20.88,0.22,500.1
2024-02-13 05:00:00,31.8,18.49,1.43,655.35
2024-02-13 06:00:00,33.37,16.85,2.28,778.22
2024-02-13 07:00:00,34.17,16.06,3.06,738.72
2024-02-13 08:00:00,34.25,16.21,4.03,693.38
2024-02-13 09:00:00,33.59,17.33,4.34,575.45
2024-02-13 10:00:00,32.62,19.04,3.89,400.7
2024-02-13 11:00:00,31.21,21.68,3.61,222.75
2024-02-13 12:00:00,28.01,30.48,2.86,55.42
2024-02-13 13:00:00,25.2,39.43,3.13,0.0
2024-02-13 14:00:00,24.22,44.08,3.32,0.0
2024-02-13 15:00:00,23.19,48.33,3.05,0.0
2024-02-13 16:00:00,22.18,51.56,2.86,0.0
2024-02-13 17:00:00,21.29,53.55,2.86,0.0
2024-02-13 18:00:00,20.58,54.27,2.93,0.0
2024-02-13 19:00:00,19.98,53.69,2.95,0.0
2024-02-13 20:00:00,19.46,51.75,2.99,0.0
2024-02-13 21:00:00,18.92,48.96,3.05,0.0
2024-02-13 22:00:00,18.52,46.31,3.03,0.0
2024-02-13 23:00:00,18.25,43.75,3.08,0.0
2024-02-14 00:00:00,18.0,41.83,3.15,0.0
2024-02-14 01:00:00,17.9,40.17,3.18,0.0
2024-02-14 02:00:00,21.36,29.71,3.91,93.18
2024-02-14 03:00:00,24.83,22.16,3.8,270.08
2024-02-14 04:00:00,29.67,16.34,3.93,455.48
2024-02-14 05:00:00,32.5,15.24,3.37,671.22
2024-02-14 06:00:00,34.53,14.06,2.89,762.3
2024-02-14 07:00:00,35.75,13.64,2.94,789.4
2024-02-14 08:00:00,35.96,14.28,3.73,766.28
2024-02-14 09:00:00,35.42,15.36,4.48,657.3
2024-02-14 10:00:00,34.3,16.9,4.94,479.8
2024-02-14 11:00:00,32.47,19.68,5.43,261.0
2024-02-14 12:00:00,29.25,26.1,5.24,65.78
2024-02-14 13:00:00,26.22,33.66,5.0,0.0
2024-02-14 14:00:00,24.7,38.56,4.77,0.0
2024-02-14 15:00:00,23.52,41.74,4.23,0.0
2024-02-14 16:00:00,22.61,42.94,3.94,0.0
2024-02-14 17:00:00,21.84,42.68,3.72,0.0
2024-02-14 18:00:00,21.13,41.82,3.5,0.0
2024-02-14 19:00:00,20.44,41.02,3.4,0.0
2024-02-14 20:00:00,19.83,40.37,3.39,0.0
2024-02-14 21:00:00,19.29,40.09,3.38,0.0
2024-02-14 22:00:00,18.85,40.18,3.42,0.0
2024-02-14 23:00:00,18.61,40.05,3.53,0.0
2024-02-15 00:00:00,18.46,39.93,3.71,0.0
2024-02-15 01:00:00,18.69,39.24,3.96,0.0
2024-02-15 02:00:00,21.89,31.49,5.31,108.32
2024-02-15 03:00:00,25.59,25.56,4.27,310.5
2024-02-15 04:00:00,31.24,19.71,4.62,472.05
2024-02-15 05:00:00,34.08,17.84,3.57,688.8
2024-02-15 06:00:00,35.83,17.09,2.31,794.83
2024-02-15 07:00:00,36.79,16.94,1.54,801.92
2024-02-15 08:00:00,37.08,17.29,1.82,800.3
2024-02-15 09:00:00,36.63,18.3,2.49,637.2
2024-02-15 10:00:00,35.66,19.84,2.94,464.15
2024-02-15 11:00:00,34.03,22.41,3.37,257.38
2024-02-15 12:00:00,30.53,29.72,3.53,66.78
2024-02-15 13:00:00,27.3,37.31,3.95,0.0
2024-02-15 14:00:00,25.7,42.48,3.84,0.0
2024-02-15 15:00:00,24.39,47.94,3.26,0.0
2024-02-15 16:00:00,23.44,52.42,2.89,0.0
2024-02-15 17:00:00,22.71,55.13,2.71,0.0
2024-02-15 18:00:00,22.15,55.78,2.61,0.0
2024-02-15 19:00:00,21.76,54.54,2.55,0.0
2024-02-15 20:00:00,21.48,52.46,2.48,0.0
2024-02-15 21:00:00,21.29,50.78,2.45,0.0
2024-02-15 22:00:00,21.19,50.07,2.46,0.0
2024-02-15 23:00:00,21.15,50.46,2.52,0.0
2024-02-16 00:00:00,21.15,51.58,2.73,0.0
2024-02-16 01:00:00,21.39,52.38,3.03,3.33
2024-02-16 02:00:00,24.95,43.2,4.24,111.57
2024-02-16 03:00:00,28.78,33.46,4.8,233.65
2024-02-16 04:00:00,32.51,26.26,5.21,386.33
2024-02-16 05:00:00,34.87,22.81,5.3,704.33
2024-02-16 06:00:00,36.32,21.01,5.14,811.58
2024-02-16 07:00:00,37.19,19.93,4.69,784.7
2024-02-16 08:00:00,37.5,19.55,4.06,743.88
2024-02-16 09:00:00,37.15,19.93,3.53,622.47
2024-02-16 10:00:00,36.28,20.98,3.17,460.75
2024-02-16 11:00:00,34.83,23.17,3.04,250.82
2024-02-16 12:00:00,31.35,33.22,2.88,66.9
2024-02-16 13:00:00,28.01,45.76,3.21,0.0
2024-02-16 14:00:00,26.55,52.83,3.11,0.0
2024-02-16 15:00:00,25.39,57.74,2.64,0.0
2024-02-16 16:00:00,24.55,60.75,2.42,0.0
2024-02-16 17:00:00,23.92,62.11,2.5,0.0
2024-02-16 18:00:00,23.44,61.2,2.66,0.0
2024-02-16 19:00:00,23.1,57.7,2.78,0.0
2024-02-16 20:00:00,22.84,52.8,2.85,0.0
2024-02-16 21:00:00,22.62,49.37,2.85,0.0
2024-02-16 22:00:00,22.45,47.77,2.81,0.0
2024-02-16 23:00:00,22.28,47.03,2.78,0.0
2024-02-17 00:00:00,22.14,46.44,2.77,0.0
2024-02-17 01:00:00,22.22,45.23,2.73,3.2
2024-02-17 02:00:00,25.56,35.23,3.26,97.2
2024-02-17 03:00:00,29.38,28.46,2.7,297.35
2024-02-17 04:00:00,33.45,23.46,1.66,513.05
2024-02-17 05:00:00,35.55,20.53,1.1,693.8
2024-02-17 06:00:00,36.85,18.76,1.13,807.85
2024-02-17 07:00:00,37.58,17.71,1.57,808.05
2024-02-17 08:00:00,37.78,17.52,2.22,764.67
2024-02-17 09:00:00,37.28,18.32,2.99,649.05
2024-02-17 10:00:00,36.22,20.01,3.61,482.65
2024-02-17 11:00:00,34.56,23.01,4.02,266.1
2024-02-17 12:00:00,31.45,31.84,3.87,59.5
2024-02-17 13:00:00,28.3,44.42,3.56,0.0
2024-02-17 14:00:00,26.82,51.36,2.93,0.0
2024-02-17 15:00:00,25.69,55.31,2.44,0.0
2024-02-17 16:00:00,24.83,57.45,2.28,0.0
2024-02-17 17:00:00,24.15,58.24,2.28,0.0
2024-02-17 18:00:00,23.57,57.93,2.35,0.0
2024-02-17 19:00:00,23.12,56.18,2.42,0.0
2024-02-17 20:00:00,22.77,53.74,2.44,0.0
2024-02-17 21:00:00,22.65,51.05,2.31,0.0
2024-02-17 22:00:00,22.49,49.22,2.28,0.0
2024-02-17 23:00:00,22.28,47.97,2.29,0.0
2024-02-18 00:00:00,22.01,47.24,2.32,0.0
2024-02-18 01:00:00,21.91,46.71,2.38,3.7
2024-02-18 02:00:00,25.23,37.67,2.68,109.28
2024-02-18 03:00:00,29.24,29.25,2.01,325.95
2024-02-18 04:00:00,32.86,23.13,1.74,540.8
2024-02-18 05:00:00,34.83,20.08,0.87,745.2
2024-02-18 06:00:00,36.17,18.12,0.3,822.0
2024-02-18 07:00:00,36.97,17.07,1.36,889.53
2024-02-18 08:00:00,37.12,17.04,2.2,809.08
2024-02-18 09:00:00,36.67,17.96,2.92,690.88
2024-02-18 10:00:00,35.64,19.6,3.58,515.7
2024-02-18 11:00:00,34.05,22.34,4.09,295.9
2024-02-18 12:00:00,31.11,29.55,3.82,82.45
2024-02-18 13:00:00,27.73,41.32,3.12,0.0
2024-02-18 14:00:00,26.22,47.58,2.67,0.0
2024-02-18 15:00:00,25.08,51.65,2.35,0.0
2024-02-18 16:00:00,24.31,54.51,2.11,0.0
2024-02-18 17:00:00,23.79,56.45,1.87,0.0
2024-02-18 18:00:00,23.34,57.42,1.73,0.0
2024-02-18 19:00:00,22.92,57.51,1.66,0.0
2024-02-18 20:00:00,22.5,56.93,1.66,0.0
2024-02-18 21:00:00,22.11,55.35,1.69,0.0
2024-02-18 22:00:00,21.82,53.17,1.67,0.0
2024-02-18 23:00:00,21.64,50.53,1.6,0.0
2024-02-19 00:00:00,21.45,48.11,1.58,0.0
2024-02-19 01:00:00,21.36,45.79,1.67,4.2
2024-02-19 02:00:00,24.29,37.95,1.87,122.7
2024-02-19 03:00:00,28.05,29.86,1.95,352.52
2024-02-19 04:00:00,31.43,22.78,1.39,569.35
2024-02-19 05:00:00,33.98,17.74,1.08,781.53
2024-02-19 06:00:00,35.41,16.09,1.73,851.28
2024-02-19 07:00:00,36.1,15.79,2.4,914.1
2024-02-19 08:00:00,36.24,16.18,3.03,845.67
2024-02-19 09:00:00,35.85,17.3,3.65,757.88
2024-02-19 10:00:00,34.92,19.01,4.2,571.38
2024-02-19 11:00:00,33.49,21.42,4.34,338.48
2024-02-19 12:00:00,30.59,28.48,3.37,93.18
2024-02-19 13:00:00,27.08,41.72,2.91,0.0
2024-02-19 14:00:00,25.76,48.88,2.79,0.0
2024-02-19 15:00:00,24.67,54.08,2.55,0.0
2024-02-19 16:00:00,23.89,58.44,2.22,0.0
2024-02-19 17:00:00,23.35,62.19,1.96,0.0
2024-02-19 18:00:00,22.69,66.83,1.88,0.0
2024-02-19 19:00:00,21.91,72.04,1.96,0.0
2024-02-19 20:00:00,21.2,76.84,2.06,0.0
2024-02-19 21:00:00,20.55,81.26,2.15,0.0
2024-02-19 22:00:00,20.01,84.71,2.24,0.0
2024-02-19 23:00:00,19.57,86.6,2.33,0.0
2024-02-20 00:00:00,19.21,86.93,2.45,0.0
2024-02-20 01:00:00,19.4,83.31,2.48,4.85
2024-02-20 02:00:00,23.17,64.04,3.29,137.15
2024-02-20 03:00:00,26.73,47.78,2.82,375.73
2024-02-20 04:00:00,30.7,31.5,2.07,594.03
2024-02-20 05:00:00,32.62,27.36,2.21,781.0
2024-02-20 06:00:00,33.8,25.31,3.21,872.03
2024-02-20 07:00:00,34.35,24.7,4.42,894.3
2024-02-20 08:00:00,34.31,25.03,5.28,866.33
2024-02-20 09:00:00,33.73,26.02,5.63,728.47
2024-02-20 10:00:00,32.75,27.55,5.65,549.55
2024-02-20 11:00:00,31.27,30.3,5.37,324.3
2024-02-20 12:00:00,28.96,36.12,4.26,96.53
2024-02-20 13:00:00,25.84,48.49,2.98,0.0
2024-02-20 14:00:00,24.54,57.54,2.74,0.0
2024-02-20 15:00:00,23.45,65.76,2.46,0.0
2024-02-20 16:00:00,22.67,72.19,2.15,0.0
2024-02-20 17:00:00,22.32,76.03,1.7,0.0
2024-02-20 18:00:00,22.19,78.14,1.19,0.0
2024-02-20 19:00:00,21.96,80.21,0.86,0.0
2024-02-20 20:00:00,21.66,82.49,0.78,0.0
2024-02-20 21:00:00,21.07,86.31,0.94,0.0
2024-02-20 22:00:00,20.55,90.37,1.25,0.0
2024-02-20 23:00:00,20.13,94.19,1.45,0.0
2024-02-21 00:00:00,19.9,96.97,1.47,0.0
2024-02-21 01:00:00,20.08,97.2,1.34,5.1
2024-02-21 02:00:00,22.95,81.32,1.59,128.68
2024-02-21 03:00:00,25.65,65.84,2.03,351.2
2024-02-21 04:00:00,27.98,53.55,2.34,565.1
2024-02-21 05:00:00,29.91,45.76,2.99,734.05
2024-02-21 06:00:00,31.63,39.12,3.87,859.08
2024-02-21 07:00:00,32.56,35.68,4.68,885.58
2024-02-21 08:00:00,32.6,35.47,5.27,843.4
2024-02-21 09:00:00,32.01,36.81,5.7,716.85
2024-02-21 10:00:00,30.96,39.03,5.95,536.67
2024-02-21 11:00:00,29.34,43.35,5.95,312.52
2024-02-21 12:00:00,27.07,51.72,5.37,90.38
2024-02-21 13:00:00,25.0,62.55,3.86,0.0
2024-02-21 14:00:00,23.73,70.89,2.53,0.0
2024-02-21 15:00:00,22.74,77.36,1.94,0.0
2024-02-21 16:00:00,22.11,81.99,1.62,0.0
2024-02-21 17:00:00,21.64,85.73,1.5,0.0
2024-02-21 18:00:00,21.11,90.0,1.65,0.0
2024-02-21 19:00:00,20.69,93.7,1.74,0.0
2024-02-21 20:00:00,20.48,96.06,1.66,0.0
2024-02-21 21:00:00,20.34,97.78,1.52,0.0
2024-02-21 22:00:00,20.26,99.0,1.33,0.0
2024-02-21 23:00:00,20.12,100.0,1.23,0.0
2024-02-22 00:00:00,20.06,100.0,1.23,0.0
2024-02-22 01:00:00,20.25,98.95,1.27,4.6
2024-02-22 02:00:00,22.81,83.01,1.36,110.6
2024-02-22 03:00:00,25.46,66.32,1.75,297.85
2024-02-22 04:00:00,28.1,51.1,2.22,544.92
2024-02-22 05:00:00,30.56,38.36,2.89,731.58
2024-02-22 06:00:00,32.08,32.39,3.57,847.35
2024-02-22 07:00:00,32.82,29.52,4.23,883.3
2024-02-22 08:00:00,32.91,28.65,4.84,837.6
2024-02-22 09:00:00,32.38,29.04,5.35,718.5
2024-02-22 10:00:00,31.26,30.73,5.75,547.08
2024-02-22 11:00:00,29.61,33.72,5.74,321.6
2024-02-22 12:00:00,27.37,39.77,4.98,96.32
2024-02-22 13:00:00,24.72,51.56,3.38,0.0
2024-02-22 14:00:00,23.37,60.29,2.94,0.0
2024-02-22 15:00:00,22.26,67.65,2.58,0.0
2024-02-22 16:00:00,21.37,73.64,2.37,0.0
2024-02-22 17:00:00,20.65,78.6,2.25,0.0
2024-02-22 18:00:00,20.1,82.58,2.18,0.0
2024-02-22 19:00:00,19.71,85.75,2.05,0.0
2024-02-22 20:00:00,19.41,88.16,1.93,0.0
2024-02-22 21:00:00,19.05,90.63,1.91,0.0
2024-02-22 22:00:00,18.66,93.08,1.95,0.0
2024-02-22 23:00:00,18.24,95.59,2.03,0.0
2024-02-23 00:00:00,17.84,97.85,2.13,0.0
2024-02-23 01:00:00,17.98,96.6,2.17,5.65
2024-02-23 02:00:00,21.35,77.04,2.58,134.57
2024-02-23 03:00:00,24.51,56.3,2.8,370.85
2024-02-23 04:00:00,27.33,39.93,2.78,595.9
2024-02-23 05:00:00,29.61,30.41,2.41,768.3
2024-02-23 06:00:00,31.39,24.93,2.06,879.58
2024-02-23 07:00:00,32.7,21.92,2.09,933.78
2024-02-23 08:00:00,33.47,19.92,2.65,874.08
2024-02-23 09:00:00,33.49,19.75,3.61,751.85
2024-02-23 10:00:00,32.65,21.25,4.47,569.75
2024-02-23 11:00:00,31.07,24.05,5.05,339.2
2024-02-23 12:00:00,28.4,29.83,5.24,104.97
2024-02-23 13:00:00,25.31,39.85,4.95,0.0
2024-02-23 14:00:00,23.79,46.22,4.47,0.0
2024-02-23 15:00:00,22.57,49.97,3.46,0.0
2024-02-23 16:00:00,21.62,51.73,3.01,0.0
2024-02-23 17:00:00,20.81,52.68,2.81,0.0
2024-02-23 18:00:00,20.17,53.03,2.61,0.0
2024-02-23 19:00:00,19.74,52.56,2.34,0.0
2024-02-23 20:00:00,19.3,51.99,2.26,0.0
2024-02-23 21:00:00,18.6,52.13,2.39,0.0
2024-02-23 22:00:00,17.87,51.78,2.58,0.0
2024-02-23 23:00:00,17.26,49.94,2.75,0.0
2024-02-24 00:00:00,16.81,46.24,2.88,0.0
2024-02-24 01:00:00,16.95,40.82,2.89,6.57
2024-02-24 02:00:00,21.16,27.46,3.43,149.73
2024-02-24 03:00:00,25.4,17.61,3.69,394.45
2024-02-24 04:00:00,29.51,13.18,3.52,597.95
2024-02-24 05:00:00,31.86,12.81,2.8,797.53
2024-02-24 06:00:00,33.54,11.77,3.27,908.97
2024-02-24 07:00:00,34.54,10.5,4.34,949.62
2024-02-24 08:00:00,34.73,10.06,5.09,889.95
2024-02-24 09:00:00,34.25,10.15,5.62,766.12
2024-02-24 10:00:00,33.24,10.67,5.82,584.75
2024-02-24 11:00:00,31.65,11.88,5.81,344.0
2024-02-24 12:00:00,28.47,15.96,4.94,108.62
2024-02-24 13:00:00,24.5,24.18,4.34,0.0
2024-02-24 14:00:00,23.06,28.84,4.36,0.0
2024-02-24 15:00:00,21.68,31.88,3.87,0.0
2024-02-24 16:00:00,20.36,32.83,3.38,0.0
2024-02-24 17:00:00,19.34,31.75,3.25,0.0
2024-02-24 18:00:00,18.54,29.92,3.29,0.0
2024-02-24 19:00:00,17.85,28.02,3.4,0.0
2024-02-24 20:00:00,17.25,26.32,3.56,0.0
2024-02-24 21:00:00,16.74,25.17,3.69,0.0
2024-02-24 22:00:00,16.26,24.91,3.77,0.0
2024-02-24 23:00:00,15.86,24.94,3.86,0.0
2024-02-25 00:00:00,15.55,24.99,3.98,0.0
2024-02-25 01:00:00,15.96,24.1,4.12,7.1
2024-02-25 02:00:00,20.23,17.55,5.63,155.62
2024-02-25 03:00:00,24.54,13.15,4.87,402.83
2024-02-25 04:00:00,30.32,9.3,3.97,592.83
2024-02-25 05:00:00,33.39,8.28,2.18,805.62
2024-02-25 06:00:00,35.22,7.63,1.9,911.65
2024-02-25 07:00:00,36.23,8.78,2.61,929.35
2024-02-25 08:00:00,36.44,10.58,3.46,876.42
2024-02-25 09:00:00,35.94,12.24,3.88,775.75
2024-02-25 10:00:00,34.9,13.75,4.07,570.1
2024-02-25 11:00:00,33.26,15.67,4.21,332.05
2024-02-25 12:00:00,29.99,20.05,3.84,92.35
2024-02-25 13:00:00,26.06,26.46,3.47,0.0
2024-02-25 14:00:00,24.55,31.04,3.15,0.0
2024-02-25 15:00:00,23.49,35.41,2.86,0.0
2024-02-25 16:00:00,22.76,38.22,2.6,0.0
2024-02-25 17:00:00,22.19,38.66,2.46,0.0
2024-02-25 18:00:00,21.64,36.69,2.52,0.0
2024-02-25 19:00:00,21.14,33.11,2.72,0.0
2024-02-25 20:00:00,20.76,29.84,2.94,0.0
2024-02-25 21:00:00,20.49,28.01,2.98,0.0
2024-02-25 22:00:00,20.23,27.79,3.02,0.0
2024-02-25 23:00:00,19.93,28.45,3.21,0.0
2024-02-26 00:00:00,19.64,29.89,3.43,0.0
2024-02-26 01:00:00,20.09,30.93,3.56,6.47
2024-02-26 02:00:00,24.35,25.56,4.89,114.0
2024-02-26 03:00:00,28.37,21.54,4.22,318.33
2024-02-26 04:00:00,33.46,17.41,3.63,519.25
2024-02-26 05:00:00,36.0,17.16,3.28,695.5
2024-02-26 06:00:00,37.28,17.64,3.09,807.22
2024-02-26 07:00:00,37.94,18.06,3.06,790.6
2024-02-26 08:00:00,38.04,18.92,3.22,736.55
2024-02-26 09:00:00,37.47,20.21,3.61,626.95
2024-02-26 10:00:00,36.31,21.93,4.16,450.95
2024-02-26 11:00:00,34.47,24.66,4.62,246.93
2024-02-26 12:00:00,31.41,30.97,4.51,69.45
2024-02-26 13:00:00,28.05,41.33,3.36,0.0
2024-02-26 14:00:00,26.43,48.24,2.29,0.0
2024-02-26 15:00:00,25.56,53.29,1.65,0.0
2024-02-26 16:00:00,25.07,56.74,1.42,0.0
2024-02-26 17:00:00,24.83,57.82,1.45,0.0
2024-02-26 18:00:00,24.75,56.27,1.47,0.0
2024-02-26 19:00:00,24.59,53.6,1.41,0.0
2024-02-26 20:00:00,24.44,50.38,1.4,0.0
2024-02-26 21:00:00,24.29,47.09,1.4,0.0
2024-02-26 22:00:00,24.12,44.24,1.37,0.0
2024-02-26 23:00:00,23.95,42.04,1.33,0.0
2024-02-27 00:00:00,23.83,40.38,1.32,0.0
2024-02-27 01:00:00,23.68,39.43,1.52,5.53
2024-02-27 02:00:00,26.03,32.73,2.06,101.15
2024-02-27 03:00:00,29.88,25.49,1.59,287.6
2024-02-27 04:00:00,33.32,21.06,1.04,485.15
2024-02-27 05:00:00,35.51,19.74,0.63,657.9
2024-02-27 06:00:00,36.79,19.9,1.5,777.85
2024-02-27 07:00:00,37.33,20.76,2.55,777.65
2024-02-27 08:00:00,37.15,22.13,3.47,791.28
2024-02-27 09:00:00,36.42,23.72,4.3,617.4
2024-02-27 10:00:00,35.3,25.48,4.99,443.77
2024-02-27 11:00:00,33.7,28.01,5.49,238.62
2024-02-27 12:00:00,31.26,33.1,5.43,69.68
2024-02-27 13:00:00,28.57,41.25,4.5,0.0
2024-02-27 14:00:00,27.13,46.45,3.75,0.0
2024-02-27 15:00:00,26.12,49.88,2.95,0.0
2024-02-27 16:00:00,25.46,51.59,2.61,0.0
2024-02-27 17:00:00,24.98,52.27,2.53,0.0
2024-02-27 18:00:00,24.59,52.51,2.56,0.0
2024-02-27 19:00:00,24.28,52.79,2.59,0.0
2024-02-27 20:00:00,24.05,53.08,2.62,0.0
2024-02-27 21:00:00,23.86,53.23,2.68,0.0
2024-02-27 22:00:00,23.62,53.51,2.72,0.0
2024-02-27 23:00:00,23.38,53.79,2.77,0.0
2024-02-28 00:00:00,23.13,54.07,2.85,0.0
2024-02-28 01:00:00,23.43,52.52,2.89,6.3
2024-02-28 02:00:00,26.7,42.67,4.04,116.05
2024-02-28 03:00:00,30.83,33.25,4.05,326.15
2024-02-28 04:00:00,34.55,26.68,3.99,501.48
2024-02-28 05:00:00,36.62,23.84,2.99,701.95
2024-02-28 06:00:00,38.08,21.92,1.79,811.83
2024-02-28 07:00:00,38.89,20.82,0.6,824.17
2024-02-28 08:00:00,39.29,19.97,0.65,816.35
2024-02-28 09:00:00,39.12,19.82,1.8,660.92
2024-02-28 10:00:00,38.24,20.8,2.9,484.25
2024-02-28 11:00:00,36.69,22.97,3.88,272.5
2024-02-28 12:00:00,33.9,28.75,4.98,80.45
2024-02-28 13:00:00,30.58,38.51,5.41,0.0
2024-02-28 14:00:00,28.71,45.46,5.29,0.0
2024-02-28 15:00:00,27.58,49.79,4.64,0.0
2024-02-28 16:00:00,26.81,52.28,3.88,0.0
2024-02-28 17:00:00,26.1,53.82,3.2,0.0
2024-02-28 18:00:00,25.47,54.16,2.77,0.0
2024-02-28 19:00:00,24.93,53.14,2.53,0.0
2024-02-28 20:00:00,24.45,51.55,2.47,0.0
2024-02-28 21:00:00,24.01,50.51,2.49,0.0
2024-02-28 22:00:00,23.62,49.57,2.5,0.0
2024-02-28 23:00:00,23.33,48.73,2.51,0.0
2024-02-29 00:00:00,23.13,48.63,2.6,0.0
2024-02-29 01:00:00,23.72,47.84,2.67,7.43
2024-02-29 02:00:00,26.96,40.47,3.85,130.6
2024-02-29 03:00:00,31.73,31.53,4.2,344.88
2024-02-29 04:00:00,35.69,26.04,4.21,558.72
2024-02-29 05:00:00,37.71,23.43,3.48,726.8
2024-02-29 06:00:00,39.08,21.11,2.41,843.03
2024-02-29 07:00:00,39.84,19.37,1.15,841.25
2024-02-29 08:00:00,40.05,18.51,0.22,821.97
2024-02-29 09:00:00,39.77,18.34,1.33,701.8
2024-02-29 10:00:00,38.96,19.06,2.12,527.22
2024-02-29 11:00:00,37.58,20.83,2.78,308.75
2024-02-29 12:00:00,35.03,26.55,3.67,97.88
2024-02-29 13:00:00,31.52,39.5,4.36,0.0
2024-02-29 14:00:00,29.4,51.06,4.14,0.0
2024-02-29 15:00:00,28.03,60.48,3.16,0.0
2024-02-29 16:00:00,27.19,67.33,2.18,0.0
2024-02-29 17:00:00,26.73,71.35,1.61,0.0
2024-02-29 18:00:00,26.46,73.03,1.23,0.0
2024-02-29 19:00:00,26.23,73.15,0.93,0.0
2024-02-29 20:00:00,26.27,70.72,0.64,0.0
2024-02-29 21:00:00,26.23,69.34,0.44,0.0
2024-02-29 22:00:00,25.82,71.74,0.94,0.0
2024-02-29 23:00:00,25.59,73.43,1.09,0.0
2024-03-01 00:00:00,25.54,73.26,1.01,0.0
2024-03-01 01:00:00,25.82,71.02,0.94,6.1
2024-03-01 02:00:00,27.36,61.26,1.33,77.55
2024-03-01 03:00:00,31.01,41.38,1.74,207.35
2024-03-01 04:00:00,34.96,28.31,1.54,373.1
2024-03-01 05:00:00,37.07,24.36,1.29,566.95
2024-03-01 06:00:00,37.98,23.84,2.09,789.5
2024-03-01 07:00:00,38.31,24.41,3.2,795.2
2024-03-01 08:00:00,37.92,25.91,4.2,744.75
2024-03-01 09:00:00,36.99,27.91,4.78,608.92
2024-03-01 10:00:00,35.79,30.18,5.04,466.35
2024-03-01 11:00:00,34.18,33.34,5.05,255.05
2024-03-01 12:00:00,31.85,39.66,4.85,76.0
2024-03-01 13:00:00,29.19,50.44,4.23,0.0
2024-03-01 14:00:00,27.71,57.87,3.36,0.0
2024-03-01 15:00:00,26.85,62.7,2.13,0.0
2024-03-01 16:00:00,26.14,66.95,1.35,0.0
2024-03-01 17:00:00,25.57,70.8,1.41,0.0
2024-03-01 18:00:00,25.11,74.25,1.44,0.0
2024-03-01 19:00:00,24.86,76.39,1.45,0.0
2024-03-01 20:00:00,24.58,78.21,1.54,0.0
2024-03-01 21:00:00,24.3,80.03,1.63,0.0
2024-03-01 22:00:00,24.0,82.0,1.68,0.0
2024-03-01 23:00:00,23.44,85.2,1.67,0.0
2024-03-02 00:00:00,23.01,87.72,1.65,0.0
2024-03-02 01:00:00,23.25,86.79,1.5,8.38
2024-03-02 02:00:00,25.46,71.62,1.36,128.68
2024-03-02 03:00:00,28.87,47.81,0.69,339.7
2024-03-02 04:00:00,31.96,36.98,1.9,548.17
2024-03-02 05:00:00,33.83,31.98,3.31,727.67
2024-03-02 06:00:00,34.77,29.83,4.67,832.65
2024-03-02 07:00:00,34.93,29.79,5.82,880.78
2024-03-02 08:00:00,34.47,31.17,6.43,840.72
2024-03-02 09:00:00,33.69,33.08,6.38,711.1
2024-03-02 10:00:00,32.57,35.9,5.93,519.83
2024-03-02 11:00:00,31.02,40.33,5.48,307.5
2024-03-02 12:00:00,28.84,48.62,5.13,101.88
2024-03-02 13:00:00,26.73,60.95,4.49,0.0
2024-03-02 14:00:00,25.59,70.17,3.94,0.0
2024-03-02 15:00:00,24.85,76.35,3.22,0.0
2024-03-02 16:00:00,24.35,80.03,2.67,0.0
2024-03-02 17:00:00,24.26,80.45,2.93,0.0
2024-03-02 18:00:00,24.14,80.55,2.79,0.0
2024-03-02 19:00:00,23.88,81.57,2.45,0.0
2024-03-02 20:00:00,23.57,82.84,2.24,0.0
2024-03-02 21:00:00,23.43,83.39,2.24,0.0
2024-03-02 22:00:00,23.21,85.5,2.2,0.0
2024-03-02 23:00:00,23.08,87.2,2.34,0.0
2024-03-03 00:00:00,23.0,88.52,3.08,0.0
2024-03-03 01:00:00,22.99,87.8,4.38,7.93
2024-03-03 02:00:00,23.82,77.96,6.11,136.62
2024-03-03 03:00:00,25.22,65.62,6.42,350.08
2024-03-03 04:00:00,26.72,56.58,6.09,570.1
2024-03-03 05:00:00,28.39,49.21,5.81,763.7
2024-03-03 06:00:00,29.66,44.24,5.81,870.5
2024-03-03 07:00:00,30.31,41.69,6.0,895.05
2024-03-03 08:00:00,30.41,40.72,6.12,861.8
2024-03-03 09:00:00,29.97,40.79,6.15,750.85
2024-03-03 10:00:00,29.08,41.86,5.98,571.92
2024-03-03 11:00:00,27.69,44.45,5.63,342.17
2024-03-03 12:00:00,25.71,49.43,5.12,114.57
2024-03-03 13:00:00,23.94,54.77,4.24,0.0
2024-03-03 14:00:00,22.99,57.3,3.34,0.0
2024-03-03 15:00:00,22.12,59.62,2.52,0.0
2024-03-03 16:00:00,21.38,61.63,2.26,0.0
2024-03-03 17:00:00,20.7,63.92,2.12,0.0
2024-03-03 18:00:00,20.08,66.26,2.12,0.0
2024-03-03 19:00:00,19.51,68.69,2.13,0.0
2024-03-03 20:00:00,18.99,71.35,2.15,0.0
2024-03-03 21:00:00,18.58,73.55,2.1,0.0
2024-03-03 22:00:00,18.24,75.36,2.03,0.0
2024-03-03 23:00:00,17.95,76.86,2.03,0.0
2024-03-04 00:00:00,17.67,78.11,2.07,0.0
2024-03-04 01:00:00,18.1,75.69,2.07,12.1
2024-03-04 02:00:00,21.82,58.45,2.93,184.38
2024-03-04 03:00:00,25.1,43.68,3.59,436.4
2024-03-04 04:00:00,27.44,34.78,3.58,666.5
2024-03-04 05:00:00,29.49,27.92,3.62,840.4
2024-03-04 06:00:00,31.17,22.49,3.79,949.08
2024-03-04 07:00:00,32.28,19.07,4.16,976.45
2024-03-04 08:00:00,32.61,18.09,4.6,843.89
2024-03-04 09:00:00,32.38,17.98,4.99,800.9
2024-03-04 10:00:00,31.7,18.23,5.08,616.3
2024-03-04 11:00:00,30.47,19.22,4.91,377.5
2024-03-04 12:00:00,28.08,23.67,4.36,130.98
2024-03-04 13:00:00,24.22,35.4,3.59,0.0
2024-03-04 14:00:00,22.75,42.29,3.47,0.0
2024-03-04 15:00:00,21.51,47.2,3.02,0.0
2024-03-04 16:00:00,20.54,50.25,2.81,0.0
2024-03-04 17:00:00,19.76,51.97,2.62,0.0
2024-03-04 18:00:00,19.16,52.78,2.4,0.0
2024-03-04 19:00:00,18.68,52.73,2.22,0.0
2024-03-04 20:00:00,18.16,52.46,2.19,0.0
2024-03-04 21:00:00,17.57,51.88,2.27,0.0
2024-03-04 22:00:00,17.03,50.47,2.35,0.0
2024-03-04 23:00:00,16.56,48.19,2.41,0.0
2024-03-05 00:00:00,16.1,45.46,2.53,0.0
2024-03-05 01:00:00,16.44,41.0,2.53,13.3
2024-03-05 02:00:00,20.72,27.64,3.04,195.93
2024-03-05 03:00:00,25.7,13.51,2.45,455.7
2024-03-05 04:00:00,29.4,9.86,1.26,697.17
2024-03-05 05:00:00,32.04,10.03,0.78,860.67
2024-03-05 06:00:00,34.26,12.5,2.69,963.25
2024-03-05 07:00:00,35.13,13.44,3.86,995.28
2024-03-05 08:00:00,35.02,14.28,4.87,923.92
2024-03-05 09:00:00,34.22,15.21,5.51,795.6
2024-03-05 10:00:00,32.94,16.69,5.58,604.88
2024-03-05 11:00:00,31.22,18.47,5.23,363.17
2024-03-05 12:00:00,28.72,21.82,4.34,124.28
2024-03-05 13:00:00,25.03,30.99,3.15,0.0
2024-03-05 14:00:00,23.74,36.28,3.03,0.0
2024-03-05 15:00:00,22.72,40.57,2.86,0.0
2024-03-05 16:00:00,21.91,43.67,2.7,0.0
2024-03-05 17:00:00,21.23,45.71,2.53,0.0
2024-03-05 18:00:00,20.66,47.06,2.4,0.0
2024-03-05 19:00:00,20.07,48.17,2.37,0.0
2024-03-05 20:00:00,19.42,48.65,2.45,0.0
2024-03-05 21:00:00,18.92,47.04,2.44,0.0
2024-03-05 22:00:00,18.61,43.64,2.37,0.0
2024-03-05 23:00:00,18.53,39.45,2.23,0.0
2024-03-06 00:00:00,18.66,35.14,1.98,0.0
2024-03-06 01:00:00,19.19,31.5,1.71,13.18
2024-03-06 02:00:00,22.7,23.66,1.29,187.73
2024-03-06 03:00:00,26.78,15.96,0.36,441.75
2024-03-06 04:00:00,29.82,13.34,1.44,682.1
2024-03-06 05:00:00,31.71,13.14,2.4,845.12
2024-03-06 06:00:00,33.14,13.79,3.23,945.88
2024-03-06 07:00:00,34.13,13.72,3.83,989.35
2024-03-06 08:00:00,34.49,13.48,4.3,912.75
2024-03-06 09:00:00,34.29,13.47,4.75,789.42
2024-03-06 10:00:00,33.58,13.7,5.02,594.6
2024-03-06 11:00:00,32.25,14.67,4.99,355.67
2024-03-06 12:00:00,29.5,18.33,4.04,118.55
2024-03-06 13:00:00,25.16,28.65,3.24,0.0
2024-03-06 14:00:00,23.63,35.7,3.09,0.0
2024-03-06 15:00:00,22.44,41.69,2.76,0.0
2024-03-06 16:00:00,21.88,45.23,2.25,0.0
2024-03-06 17:00:00,21.97,45.81,1.59,0.0
2024-03-06 18:00:00,21.85,46.25,1.04,0.0
2024-03-06 19:00:00,21.49,47.25,0.88,0.0
2024-03-06 20:00:00,20.76,49.19,1.02,0.0
2024-03-06 21:00:00,20.0,51.19,1.4,0.0
2024-03-06 22:00:00,19.08,53.26,1.82,0.0
2024-03-06 23:00:00,18.37,53.21,2.11,0.0
2024-03-07 00:00:00,17.86,50.86,2.35,0.0
2024-03-07 01:00:00,18.22,44.79,2.54,12.38
2024-03-07 02:00:00,22.62,32.06,3.31,169.7
2024-03-07 03:00:00,26.77,23.57,3.36,409.52
2024-03-07 04:00:00,30.64,16.5,3.12,639.6
2024-03-07 05:00:00,33.63,14.61,2.6,802.03
2024-03-07 06:00:00,35.89,13.28,2.66,905.55
2024-03-07 07:00:00,37.18,13.26,3.26,943.05
2024-03-07 08:00:00,37.65,13.64,4.1,908.2
2024-03-07 09:00:00,37.25,14.58,5.07,764.83
2024-03-07 10:00:00,36.12,16.28,5.94,576.08
2024-03-07 11:00:00,34.3,18.86,6.61,345.75
2024-03-07 12:00:00,31.46,23.25,6.88,117.4
2024-03-07 13:00:00,28.27,30.49,6.14,0.0
2024-03-07 14:00:00,26.59,35.96,4.99,0.0
2024-03-07 15:00:00,25.35,39.86,3.8,0.0
2024-03-07 16:00:00,24.49,42.07,3.4,0.0
2024-03-07 17:00:00,23.81,42.74,3.22,0.0
2024-03-07 18:00:00,23.17,42.62,3.13,0.0
2024-03-07 19:00:00,22.59,42.04,3.12,0.0
2024-03-07 20:00:00,22.06,41.53,3.16,0.0
2024-03-07 21:00:00,21.54,41.61,3.16,0.0
2024-03-07 22:00:00,21.06,42.21,3.12,0.0
2024-03-07 23:00:00,20.64,43.0,3.11,0.0
2024-03-08 00:00:00,20.27,43.62,3.15,0.0
2024-03-08 01:00:00,20.86,41.77,3.11,13.43
2024-03-08 02:00:00,24.82,32.27,4.14,174.5
2024-03-08 03:00:00,29.6,23.82,3.99,416.15
2024-03-08 04:00:00,33.04,19.87,3.68,634.12
2024-03-08 05:00:00,35.36,16.06,3.4,809.85
2024-03-08 06:00:00,36.97,13.69,3.43,914.78
2024-03-08 07:00:00,37.9,12.81,3.8,948.9
2024-03-08 08:00:00,38.15,12.83,4.54,914.25
2024-03-08 09:00:00,37.68,13.6,5.5,773.15
2024-03-08 10:00:00,36.58,15.01,6.23,586.83
2024-03-08 11:00:00,34.89,17.16,6.71,355.2
2024-03-08 12:00:00,32.29,21.24,6.71,122.57
2024-03-08 13:00:00,29.1,28.27,5.86,0.0
2024-03-08 14:00:00,27.46,33.74,5.32,0.0
2024-03-08 15:00:00,26.13,37.91,4.2,0.0
2024-03-08 16:00:00,25.02,40.45,3.47,0.0
2024-03-08 17:00:00,24.17,41.01,3.23,0.0
2024-03-08 18:00:00,23.48,39.87,3.19,0.0
2024-03-08 19:00:00,22.88,38.3,3.24,0.0
2024-03-08 20:00:00,22.33,37.27,3.28,0.0
2024-03-08 21:00:00,21.78,37.25,3.28,0.0
2024-03-08 22:00:00,21.22,38.05,3.26,0.0
2024-03-08 23:00:00,20.75,38.78,3.33,0.0
2024-03-09 00:00:00,20.4,39.05,3.47,0.0
2024-03-09 01:00:00,21.16,36.65,3.8,14.65
2024-03-09 02:00:00,24.87,28.48,5.2,183.43
2024-03-09 03:00:00,29.9,21.11,4.37,427.4
2024-03-09 04:00:00,34.07,16.58,3.08,637.17
2024-03-09 05:00:00,36.5,13.89,1.21,817.5
2024-03-09 06:00:00,38.1,13.08,1.16,921.22
2024-03-09 07:00:00,38.82,13.26,2.69,952.22
2024-03-09 08:00:00,38.79,13.87,3.92,919.47
2024-03-09 09:00:00,38.08,15.0,4.8,775.8
2024-03-09 10:00:00,36.85,16.65,5.51,589.12
2024-03-09 11:00:00,35.17,18.99,5.92,357.88
2024-03-09 12:00:00,32.7,23.01,5.46,115.0
2024-03-09 13:00:00,29.13,30.43,3.7,0.0
2024-03-09 14:00:00,27.46,34.73,3.35,0.0
2024-03-09 15:00:00,26.17,38.09,2.98,0.0
2024-03-09 16:00:00,25.09,41.23,2.82,0.0
2024-03-09 17:00:00,24.15,44.89,2.73,0.0
2024-03-09 18:00:00,23.3,49.14,2.66,0.0
2024-03-09 19:00:00,22.56,53.13,2.63,0.0
2024-03-09 20:00:00,21.92,55.09,2.6,0.0
2024-03-09 21:00:00,21.4,53.86,2.55,0.0
2024-03-09 22:00:00,20.95,50.35,2.51,0.0
2024-03-09 23:00:00,20.55,45.55,2.57,0.0
2024-03-10 00:00:00,20.17,40.77,2.72,0.0
2024-03-10 01:00:00,20.75,35.77,2.75,15.8
2024-03-10 02:00:00,25.11,25.43,3.27,189.43
2024-03-10 03:00:00,29.92,17.84,1.36,435.15
2024-03-10 04:00:00,34.03,14.18,1.12,648.42
2024-03-10 05:00:00,36.12,13.11,2.39,813.83
2024-03-10 06:00:00,37.33,12.49,3.0,935.7
2024-03-10 07:00:00,37.94,12.34,3.68,982.1
2024-03-10 08:00:00,38.0,12.53,4.25,911.3
2024-03-10 09:00:00,37.55,12.93,4.58,784.2
2024-03-10 10:00:00,36.68,13.6,4.64,593.75
2024-03-10 11:00:00,35.24,14.89,4.52,357.0
2024-03-10 12:00:00,32.56,18.7,3.82,122.38
2024-03-10 13:00:00,28.28,28.23,3.07,0.0
2024-03-10 14:00:00,26.68,34.27,3.03,0.0
2024-03-10 15:00:00,25.39,40.02,2.84,0.0
2024-03-10 16:00:00,24.36,45.25,2.71,0.0
2024-03-10 17:00:00,23.55,49.27,2.62,0.0
2024-03-10 18:00:00,22.89,51.67,2.6,0.0
2024-03-10 19:00:00,22.35,52.08,2.7,0.0
2024-03-10 20:00:00,21.93,50.32,2.86,0.0
2024-03-10 21:00:00,21.61,47.34,2.98,0.0
2024-03-10 22:00:00,21.28,44.83,3.01,0.0
2024-03-10 23:00:00,20.94,43.07,3.01,0.0
2024-03-11 00:00:00,20.65,41.43,3.01,0.0
2024-03-11 01:00:00,21.3,38.26,2.91,15.7
2024-03-11 02:00:00,25.68,27.99,3.61,181.62
2024-03-11 03:00:00,30.37,20.54,3.31,422.7
2024-03-11 04:00:00,34.1,16.49,2.99,586.45
2024-03-11 05:00:00,36.55,13.9,2.44,785.65
2024-03-11 06:00:00,38.19,12.82,2.37,909.03
2024-03-11 07:00:00,39.11,12.68,2.86,942.85
2024-03-11 08:00:00,39.31,13.27,3.7,872.97
2024-03-11 09:00:00,38.74,14.48,4.63,749.28
2024-03-11 10:00:00,37.6,16.11,5.35,562.92
2024-03-11 11:00:00,35.84,18.69,5.89,336.85
2024-03-11 12:00:00,33.07,23.9,6.0,117.28
2024-03-11 13:00:00,29.53,33.96,4.87,0.0
2024-03-11 14:00:00,27.61,41.79,4.04,0.0
2024-03-11 15:00:00,26.17,48.28,2.97,0.0
2024-03-11 16:00:00,25.12,54.29,2.48,0.0
2024-03-11 17:00:00,24.33,60.16,2.32,0.0
2024-03-11 18:00:00,23.66,65.17,2.26,0.0
2024-03-11 19:00:00,23.1,68.16,2.3,0.0
2024-03-11 20:00:00,22.63,68.7,2.37,0.0
2024-03-11 21:00:00,22.2,67.58,2.43,0.0
2024-03-11 22:00:00,21.85,65.38,2.44,0.0
2024-03-11 23:00:00,21.58,62.3,2.45,0.0
2024-03-12 00:00:00,21.37,58.75,2.47,0.0
2024-03-12 01:00:00,22.08,52.28,2.36,16.4
2024-03-12 02:00:00,25.98,38.39,2.76,183.32
2024-03-12 03:00:00,30.19,27.67,2.73,422.08
2024-03-12 04:00:00,34.01,21.55,2.66,577.55
2024-03-12 05:00:00,36.33,18.84,2.53,774.58
2024-03-12 06:00:00,37.85,17.43,3.07,917.53
2024-03-12 07:00:00,38.71,16.61,4.04,937.72
2024-03-12 08:00:00,38.82,16.52,5.16,886.7
2024-03-12 09:00:00,38.2,17.31,6.0,787.33
2024-03-12 10:00:00,36.96,19.22,6.48,577.72
2024-03-12 11:00:00,35.2,22.26,6.54,349.85
2024-03-12 12:00:00,32.73,27.43,5.93,123.75
2024-03-12 13:00:00,29.35,37.39,3.92,0.0
2024-03-12 14:00:00,27.56,45.28,3.39,0.0
2024-03-12 15:00:00,26.23,51.79,2.94,0.0
2024-03-12 16:00:00,25.09,57.97,2.58,0.0
2024-03-12 17:00:00,24.16,63.85,2.34,0.0
2024-03-12 18:00:00,23.42,69.37,2.15,0.0
2024-03-12 19:00:00,22.81,74.29,2.01,0.0
2024-03-12 20:00:00,22.28,78.62,1.99,0.0
2024-03-12 21:00:00,21.79,83.29,2.02,0.0
2024-03-12 22:00:00,21.41,88.29,2.01,0.0
2024-03-12 23:00:00,21.18,91.78,1.91,0.0
2024-03-13 00:00:00,21.02,93.83,1.75,0.0
2024-03-13 01:00:00,21.59,90.99,1.53,17.62
2024-03-13 02:00:00,24.61,70.64,2.1,178.12
2024-03-13 03:00:00,28.34,47.37,2.93,401.88
2024-03-13 04:00:00,31.65,35.96,3.34,617.97
2024-03-13 05:00:00,33.73,30.36,3.69,775.8
2024-03-13 06:00:00,35.3,25.91,4.36,920.25
2024-03-13 07:00:00,36.24,23.22,5.06,946.55
2024-03-13 08:00:00,36.51,22.1,5.59,917.3
2024-03-13 09:00:00,36.17,22.18,5.85,768.58
2024-03-13 10:00:00,35.33,23.03,5.93,581.75
2024-03-13 11:00:00,33.83,25.3,5.94,351.62
2024-03-13 12:00:00,31.45,30.33,5.64,123.82
2024-03-13 13:00:00,28.28,40.11,4.39,0.0
2024-03-13 14:00:00,26.43,48.76,3.59,0.0
2024-03-13 15:00:00,24.99,56.52,2.88,0.0
2024-03-13 16:00:00,23.94,62.77,2.52,0.0
2024-03-13 17:00:00,23.11,68.36,2.25,0.0
2024-03-13 18:00:00,22.45,73.53,2.01,0.0
2024-03-13 19:00:00,22.01,77.83,1.74,0.0
2024-03-13 20:00:00,21.8,80.37,1.4,0.0
2024-03-13 21:00:00,21.65,82.12,1.1,0.0
2024-03-13 22:00:00,21.32,84.34,1.02,0.0
2024-03-13 23:00:00,20.9,86.58,1.15,0.0
2024-03-14 00:00:00,20.5,88.4,1.34,0.0
2024-03-14 01:00:00,20.88,85.91,1.54,17.5
2024-03-14 02:00:00,23.98,71.47,2.66,165.77
2024-03-14 03:00:00,27.3,54.26,3.78,385.58
2024-03-14 04:00:00,30.22,41.86,3.78,618.92
2024-03-14 05:00:00,32.65,33.66,3.51,778.78
2024-03-14 06:00:00,34.51,27.4,3.82,928.0
2024-03-14 07:00:00,35.47,24.19,4.59,959.03
2024-03-14 08:00:00,35.59,23.16,5.37,931.03
2024-03-14 09:00:00,34.96,23.56,5.91,785.88
2024-03-14 10:00:00,33.89,24.49,6.12,597.85
2024-03-14 11:00:00,32.35,26.35,5.96,366.92
2024-03-14 12:00:00,30.17,30.05,5.21,135.07
2024-03-14 13:00:00,26.86,38.86,3.26,0.0
2024-03-14 14:00:00,25.16,45.88,3.02,0.0
2024-03-14 15:00:00,23.97,51.34,2.89,0.0
2024-03-14 16:00:00,23.01,56.07,2.73,0.0
2024-03-14 17:00:00,22.17,60.86,2.55,0.0
2024-03-14 18:00:00,21.51,65.44,2.26,0.0
2024-03-14 19:00:00,21.24,68.51,1.82,0.0
2024-03-14 20:00:00,21.2,70.14,1.33,0.0
2024-03-14 21:00:00,20.82,72.79,1.21,0.0
2024-03-14 22:00:00,20.19,76.47,1.36,0.0
2024-03-14 23:00:00,19.58,80.06,1.54,0.0
2024-03-15 00:00:00,19.07,83.21,1.67,0.0
2024-03-15 01:00:00,19.47,81.51,1.69,20.3
2024-03-15 02:00:00,22.61,67.91,2.28,195.0
2024-03-15 03:00:00,25.63,52.14,2.44,434.77
2024-03-15 04:00:00,28.47,38.52,2.03,668.5
2024-03-15 05:00:00,31.02,29.46,2.29,828.6
2024-03-15 06:00:00,32.94,25.01,3.15,957.95
2024-03-15 07:00:00,34.17,22.31,3.45,976.78
2024-03-15 08:00:00,34.75,21.19,3.74,949.12
2024-03-15 09:00:00,34.59,21.3,4.1,797.28
2024-03-15 10:00:00,33.62,22.72,4.58,604.65
2024-03-15 11:00:00,31.95,25.43,4.59,368.58
2024-03-15 12:00:00,29.59,29.96,4.39,132.23
2024-03-15 13:00:00,26.44,39.9,3.23,0.0
2024-03-15 14:00:00,24.78,48.25,2.84,0.0
2024-03-15 15:00:00,23.57,54.38,2.42,0.0
2024-03-15 16:00:00,22.72,58.75,2.13,0.0
2024-03-15 17:00:00,22.11,61.92,1.88,0.0
2024-03-15 18:00:00,21.57,64.79,1.92,0.0
2024-03-15 19:00:00,21.11,67.5,1.94,0.0
2024-03-15 20:00:00,20.83,69.48,1.8,0.0
2024-03-15 21:00:00,20.78,70.38,1.42,0.0
2024-03-15 22:00:00,20.58,71.77,1.18,0.0
2024-03-15 23:00:00,20.23,73.89,1.18,0.0
2024-03-16 00:00:00,19.8,76.35,1.27,0.0
2024-03-16 01:00:00,19.93,75.91,1.37,21.35
2024-03-16 02:00:00,22.69,62.41,1.39,203.35
2024-03-16 03:00:00,25.73,46.88,1.11,443.67
2024-03-16 04:00:00,29.22,30.6,0.77,653.67
2024-03-16 05:00:00,32.02,22.33,2.27,830.47
2024-03-16 06:00:00,33.68,19.8,3.69,939.25
2024-03-16 07:00:00,34.63,18.62,4.93,938.92
2024-03-16 08:00:00,34.82,18.83,5.72,873.9
2024-03-16 09:00:00,34.24,19.91,5.72,755.17
2024-03-16 10:00:00,33.22,21.39,5.17,567.0
2024-03-16 11:00:00,31.79,23.56,4.49,335.48
2024-03-16 12:00:00,29.74,27.23,3.63,116.57
2024-03-16 13:00:00,26.48,37.27,2.34,0.0
2024-03-16 14:00:00,25.13,45.34,2.0,0.0
2024-03-16 15:00:00,24.48,50.42,1.6,0.0
2024-03-16 16:00:00,24.04,54.23,1.33,0.0
2024-03-16 17:00:00,23.55,57.69,1.08,0.0
2024-03-16 18:00:00,23.08,60.68,0.98,0.0
2024-03-16 19:00:00,22.65,63.4,0.88,0.0
2024-03-16 20:00:00,22.18,66.34,0.84,0.0
2024-03-16 21:00:00,21.6,69.94,1.0,0.0
2024-03-16 22:00:00,21.2,72.61,0.89,0.0
2024-03-16 23:00:00,20.95,74.27,0.76,0.0
2024-03-17 00:00:00,20.45,76.84,0.85,0.0
2024-03-17 01:00:00,20.58,76.02,1.07,20.98
2024-03-17 02:00:00,23.34,60.91,0.78,198.02
2024-03-17 03:00:00,26.57,41.16,0.3,427.65
2024-03-17 04:00:00,29.65,28.27,1.0,654.12
2024-03-17 05:00:00,32.65,21.0,2.24,827.58
2024-03-17 06:00:00,35.03,18.83,3.81,934.62
2024-03-17 07:00:00,35.98,19.14,4.66,947.35
2024-03-17 08:00:00,36.04,20.13,5.05,892.53
2024-03-17 09:00:00,35.47,21.85,5.2,793.92
2024-03-17 10:00:00,34.41,24.19,5.21,572.4
2024-03-17 11:00:00,32.82,27.34,4.94,335.0
2024-03-17 12:00:00,30.7,31.46,4.28,117.72
2024-03-17 13:00:00,27.9,39.55,2.61,0.0
2024-03-17 14:00:00,26.36,46.88,2.11,0.0
2024-03-17 15:00:00,25.27,52.56,1.74,0.0
2024-03-17 16:00:00,24.72,56.36,1.15,0.0
2024-03-17 17:00:00,24.34,59.32,0.59,0.0
2024-03-17 18:00:00,23.96,61.79,0.43,0.0
2024-03-17 19:00:00,23.49,65.01,0.5,0.0
2024-03-17 20:00:00,22.96,68.73,0.78,0.0
2024-03-17 21:00:00,22.48,71.78,1.06,0.0
2024-03-17 22:00:00,22.01,74.44,1.25,0.0
2024-03-17 23:00:00,21.55,76.77,1.45,0.0
2024-03-18 00:00:00,21.17,78.25,1.63,0.0
2024-03-18 01:00:00,21.65,75.2,1.76,20.85
2024-03-18 02:00:00,24.02,62.43,1.98,182.68
2024-03-18 03:00:00,27.46,40.52,1.61,427.27
2024-03-18 04:00:00,31.06,26.15,1.53,639.03
2024-03-18 05:00:00,33.84,20.26,1.6,816.8
2024-03-18 06:00:00,35.75,17.6,2.38,932.5
2024-03-18 07:00:00,36.66,16.96,3.38,939.72
2024-03-18 08:00:00,36.71,17.62,4.22,919.97
2024-03-18 09:00:00,36.09,19.2,4.77,757.88
2024-03-18 10:00:00,35.03,21.34,4.97,568.47
2024-03-18 11:00:00,33.48,24.84,4.86,337.83
2024-03-18 12:00:00,31.27,31.36,4.49,119.97
2024-03-18 13:00:00,27.98,45.38,3.04,0.0
2024-03-18 14:00:00,26.33,58.13,2.71,0.0
2024-03-18 15:00:00,25.16,68.33,2.31,0.0
2024-03-18 16:00:00,24.37,75.6,1.92,0.0
2024-03-18 17:00:00,23.95,79.95,1.44,0.0
2024-03-18 18:00:00,23.62,83.25,1.08,0.0
2024-03-18 19:00:00,23.34,85.91,0.82,0.0
2024-03-18 20:00:00,23.05,88.22,0.4,0.0
2024-03-18 21:00:00,22.74,89.95,0.41,0.0
2024-03-18 22:00:00,22.26,92.48,0.72,0.0
2024-03-18 23:00:00,21.63,95.59,1.11,0.0
2024-03-19 00:00:00,20.95,98.7,1.53,0.0
2024-03-19 01:00:00,21.39,94.85,1.72,23.42
2024-03-19 02:00:00,24.26,76.08,2.23,208.2
2024-03-19 03:00:00,28.08,49.76,3.22,415.45
2024-03-19 04:00:00,32.39,26.95,4.49,665.3
2024-03-19 05:00:00,34.84,19.59,4.88,842.85
2024-03-19 06:00:00,36.39,16.42,4.65,954.53
2024-03-19 07:00:00,37.35,14.56,4.41,971.62
2024-03-19 08:00:00,37.48,13.84,4.3,951.05
2024-03-19 09:00:00,37.45,13.63,4.41,773.3
2024-03-19 10:00:00,37.06,14.15,5.08,570.72
2024-03-19 11:00:00,35.71,15.73,5.45,344.92
2024-03-19 12:00:00,33.07,20.55,5.45,114.95
2024-03-19 13:00:00,28.82,34.75,4.48,3.55
2024-03-19 14:00:00,26.56,48.36,3.79,0.0
2024-03-19 15:00:00,24.9,59.14,2.86,0.0
2024-03-19 16:00:00,23.81,66.74,2.29,0.0
2024-03-19 17:00:00,22.95,73.25,2.12,0.0
2024-03-19 18:00:00,22.05,79.69,2.38,0.0
2024-03-19 19:00:00,21.32,82.25,2.63,0.0
2024-03-19 20:00:00,20.78,79.26,2.78,0.0
2024-03-19 21:00:00,20.44,71.03,2.89,0.0
2024-03-19 22:00:00,20.3,59.84,3.02,0.0
2024-03-19 23:00:00,20.22,46.58,3.26,0.0
2024-03-20 00:00:00,20.08,35.2,3.51,0.0
2024-03-20 01:00:00,21.2,27.15,3.61,26.9
2024-03-20 02:00:00,25.98,17.75,5.01,227.25
2024-03-20 03:00:00,30.87,13.08,4.57,478.12
2024-03-20 04:00:00,35.95,10.81,5.69,698.22
2024-03-20 05:00:00,37.93,9.97,4.58,866.62
2024-03-20 06:00:00,39.32,8.92,3.16,951.47
2024-03-20 07:00:00,40.27,8.0,2.37,989.08
2024-03-20 08:00:00,40.65,7.83,2.82,938.97
2024-03-20 09:00:00,40.45,8.06,3.71,796.97
2024-03-20 10:00:00,39.73,8.56,4.33,602.17
2024-03-20 11:00:00,38.35,9.74,4.87,355.08
2024-03-20 12:00:00,35.45,13.76,5.12,118.95
2024-03-20 13:00:00,30.76,23.63,4.52,3.62
2024-03-20 14:00:00,28.7,32.4,4.31,0.0
2024-03-20 15:00:00,27.07,38.32,3.55,0.0
2024-03-20 16:00:00,26.37,38.56,3.21,0.0
2024-03-20 17:00:00,26.53,33.98,3.12,0.0
2024-03-20 18:00:00,26.13,29.37,3.16,0.0
2024-03-20 19:00:00,25.38,26.22,3.26,0.0
2024-03-20 20:00:00,24.66,24.28,3.33,0.0
2024-03-20 21:00:00,24.14,22.91,3.4,0.0
2024-03-20 22:00:00,23.5,22.26,3.53,0.0
2024-03-20 23:00:00,22.69,22.06,3.73,0.0
2024-03-21 00:00:00,22.09,21.87,3.92,0.0
2024-03-21 01:00:00,23.11,20.68,4.45,25.98
2024-03-21 02:00:00,26.48,18.54,5.73,206.32
2024-03-21 03:00:00,29.63,17.44,4.45,458.23
2024-03-21 04:00:00,33.96,15.6,3.91,664.88
2024-03-21 05:00:00,36.64,12.93,2.89,823.08
2024-03-21 06:00:00,38.11,11.74,2.17,927.17
2024-03-21 07:00:00,39.3,11.22,2.11,936.97
2024-03-21 08:00:00,40.15,11.05,2.66,885.3
2024-03-21 09:00:00,39.9,11.63,3.37,759.12
2024-03-21 10:00:00,39.01,12.58,3.95,566.97
2024-03-21 11:00:00,37.52,14.06,4.45,333.0
2024-03-21 12:00:00,34.87,17.29,4.5,107.97
2024-03-21 13:00:00,30.56,24.63,3.55,3.35
2024-03-21 14:00:00,28.7,30.34,3.11,0.0
2024-03-21 15:00:00,27.26,35.92,2.49,0.0
2024-03-21 16:00:00,26.52,39.95,1.86,0.0
2024-03-21 17:00:00,25.84,43.54,1.66,0.0
2024-03-21 18:00:00,24.99,46.49,1.91,0.0
2024-03-21 19:00:00,24.34,46.7,2.07,0.0
2024-03-21 20:00:00,23.97,44.75,2.02,0.0
2024-03-21 21:00:00,23.95,41.85,1.75,0.0
2024-03-21 22:00:00,23.96,39.74,1.52,0.0
2024-03-21 23:00:00,23.71,38.99,1.52,0.0
2024-03-22 00:00:00,23.43,38.8,1.6,0.0
2024-03-22 01:00:00,23.7,38.63,1.66,24.3
2024-03-22 02:00:00,26.71,32.04,1.82,192.2
2024-03-22 03:00:00,31.7,19.22,0.41,415.8
2024-03-22 04:00:00,35.19,13.22,0.42,634.83
2024-03-22 05:00:00,37.48,11.87,0.7,810.22
2024-03-22 06:00:00,38.95,12.35,1.41,918.42
2024-03-22 07:00:00,39.41,13.88,2.67,861.8
2024-03-22 08:00:00,39.07,16.07,4.07,878.17
2024-03-22 09:00:00,38.19,18.1,4.93,781.55
2024-03-22 10:00:00,36.99,19.89,5.29,557.95
2024-03-22 11:00:00,35.38,22.42,5.46,329.52
2024-03-22 12:00:00,32.95,27.93,5.63,108.0
2024-03-22 13:00:00,29.7,41.93,4.35,3.33
2024-03-22 14:00:00,27.67,55.55,2.55,0.0
2024-03-22 15:00:00,26.47,64.6,1.6,0.0
2024-03-22 16:00:00,25.74,71.38,1.23,0.0
2024-03-22 17:00:00,24.99,78.02,1.22,0.0
2024-03-22 18:00:00,24.27,83.29,1.31,0.0
2024-03-22 19:00:00,23.63,85.67,1.51,0.0
2024-03-22 20:00:00,23.09,84.97,1.7,0.0
2024-03-22 21:00:00,22.67,82.28,1.8,0.0
2024-03-22 22:00:00,22.34,78.98,1.83,0.0
2024-03-22 23:00:00,22.01,76.01,1.91,0.0
2024-03-23 00:00:00,21.74,72.47,1.97,0.0
2024-03-23 01:00:00,22.49,64.52,1.86,23.1
2024-03-23 02:00:00,26.07,46.14,2.12,181.95
2024-03-23 03:00:00,30.82,24.41,2.82,389.23
2024-03-23 04:00:00,34.02,17.77,3.16,634.25
2024-03-23 05:00:00,36.27,15.11,2.8,802.88
2024-03-23 06:00:00,37.75,14.97,2.72,905.7
2024-03-23 07:00:00,38.39,15.85,3.58,937.92
2024-03-23 08:00:00,38.29,17.17,4.63,917.97
2024-03-23 09:00:00,37.7,18.57,5.27,751.55
2024-03-23 10:00:00,36.62,20.15,5.55,559.5
2024-03-23 11:00:00,34.98,22.38,5.58,327.62
2024-03-23 12:00:00,32.91,25.82,5.26,105.62
2024-03-23 13:00:00,30.27,33.4,3.68,3.47
2024-03-23 14:00:00,28.74,41.13,2.93,0.0
2024-03-23 15:00:00,27.59,49.47,2.67,0.0
2024-03-23 16:00:00,26.65,58.07,2.61,0.0
2024-03-23 17:00:00,26.03,65.13,2.51,0.0
2024-03-23 18:00:00,25.64,70.09,2.39,0.0
2024-03-23 19:00:00,25.08,75.02,2.28,0.0
2024-03-23 20:00:00,24.4,80.12,2.19,0.0
2024-03-23 21:00:00,24.03,82.94,2.11,0.0
2024-03-23 22:00:00,23.92,83.48,2.1,0.0
2024-03-23 23:00:00,23.63,84.6,2.09,0.0
2024-03-24 00:00:00,23.02,87.49,2.11,0.0
2024-03-24 01:00:00,23.72,83.39,2.25,25.58
2024-03-24 02:00:00,26.6,63.04,2.83,183.25
2024-03-24 03:00:00,30.21,37.17,2.68,411.05
2024-03-24 04:00:00,34.01,22.93,2.06,630.0
2024-03-24 05:00:00,36.7,20.17,1.45,800.33
2024-03-24 06:00:00,38.29,19.52,1.7,897.65
2024-03-24 07:00:00,39.08,19.56,2.77,936.38
2024-03-24 08:00:00,39.02,20.44,3.86,918.58
2024-03-24 09:00:00,38.27,21.91,4.73,746.2
2024-03-24 10:00:00,36.99,23.89,5.48,557.42
2024-03-24 11:00:00,35.14,26.94,5.86,320.3
2024-03-24 12:00:00,32.76,31.83,5.66,103.78
2024-03-24 13:00:00,30.13,39.44,4.32,3.45
2024-03-24 14:00:00,28.5,46.09,2.51,0.0
2024-03-24 15:00:00,27.44,50.79,1.66,0.0
2024-03-24 16:00:00,26.77,54.46,1.39,0.0
2024-03-24 17:00:00,26.21,58.02,1.33,0.0
2024-03-24 18:00:00,25.62,62.1,1.39,0.0
2024-03-24 19:00:00,25.02,66.78,1.43,0.0
2024-03-24 20:00:00,24.46,71.55,1.55,0.0
2024-03-24 21:00:00,23.93,76.22,1.86,0.0
2024-03-24 22:00:00,23.52,80.3,2.08,0.0
2024-03-24 23:00:00,23.19,83.57,2.13,0.0
2024-03-25 00:00:00,22.86,86.21,2.12,0.0
2024-03-25 01:00:00,23.59,82.67,2.49,27.88
2024-03-25 02:00:00,26.33,66.23,3.06,199.93
2024-03-25 03:00:00,29.78,44.87,2.9,427.1
2024-03-25 04:00:00,33.55,30.32,2.25,646.38
2024-03-25 05:00:00,37.35,21.46,1.52,815.95
2024-03-25 06:00:00,39.28,19.43,1.98,916.75
2024-03-25 07:00:00,39.93,19.56,3.27,939.5
2024-03-25 08:00:00,39.78,20.51,4.63,868.15
2024-03-25 09:00:00,39.09,21.52,5.53,758.53
2024-03-25 10:00:00,38.06,22.53,6.02,569.83
2024-03-25 11:00:00,36.61,24.12,6.16,338.17
2024-03-25 12:00:00,34.35,27.71,5.9,115.22
2024-03-25 13:00:00,31.02,37.18,4.14,3.75
2024-03-25 14:00:00,28.91,46.6,2.97,0.0
2024-03-25 15:00:00,27.42,55.49,2.47,0.0
2024-03-25 16:00:00,26.34,64.13,2.34,0.0
2024-03-25 17:00:00,25.5,72.07,2.24,0.0
2024-03-25 18:00:00,24.81,78.96,2.05,0.0
2024-03-25 19:00:00,24.27,84.22,1.77,0.0
2024-03-25 20:00:00,23.89,87.5,1.51,0.0
2024-03-25 21:00:00,23.55,89.39,1.39,0.0
2024-03-25 22:00:00,23.34,89.71,1.27,0.0
2024-03-25 23:00:00,23.21,89.23,1.03,0.0
2024-03-26 00:00:00,23.15,88.34,0.78,0.0
2024-03-26 01:00:00,23.57,85.44,0.76,30.38
2024-03-26 02:00:00,26.3,68.81,1.13,209.15
2024-03-26 03:00:00,29.81,49.51,1.4,437.58
2024-03-26 04:00:00,33.5,34.27,0.79,646.6
2024-03-26 05:00:00,37.98,19.36,0.13,811.28
2024-03-26 06:00:00,40.0,16.66,1.42,915.67
2024-03-26 07:00:00,40.59,17.32,2.63,947.7
2024-03-26 08:00:00,40.33,19.25,3.85,862.6
2024-03-26 09:00:00,39.34,22.0,4.9,732.4
2024-03-26 10:00:00,37.88,25.58,5.79,541.53
2024-03-26 11:00:00,35.89,30.46,6.3,309.3
2024-03-26 12:00:00,33.25,38.17,6.41,100.3
2024-03-26 13:00:00,30.48,49.34,5.34,3.53
2024-03-26 14:00:00,28.96,57.89,3.69,0.0
2024-03-26 15:00:00,28.16,62.75,1.89,0.0
2024-03-26 16:00:00,27.49,66.75,1.05,0.0
2024-03-26 17:00:00,26.97,70.43,0.97,0.0
2024-03-26 18:00:00,26.46,74.31,1.03,0.0
2024-03-26 19:00:00,25.97,78.58,1.14,0.0
2024-03-26 20:00:00,25.47,83.19,1.28,0.0
2024-03-26 21:00:00,24.99,87.67,1.35,0.0
2024-03-26 22:00:00,24.68,91.04,1.26,0.0
2024-03-26 23:00:00,24.59,92.42,0.94,0.0
2024-03-27 00:00:00,24.63,92.31,0.7,0.0
2024-03-27 01:00:00,25.06,89.48,0.99,25.7
2024-03-27 02:00:00,26.85,75.9,1.52,159.43
2024-03-27 03:00:00,29.63,56.41,1.87,365.42
2024-03-27 04:00:00,32.87,41.48,1.97,586.5
2024-03-27 05:00:00,36.08,30.19,1.46,764.47
2024-03-27 06:00:00,38.68,23.46,0.88,863.88
2024-03-27 07:00:00,40.29,20.49,1.66,888.08
2024-03-27 08:00:00,40.74,20.27,2.92,830.67
2024-03-27 09:00:00,40.14,21.81,4.36,737.42
2024-03-27 10:00:00,38.57,25.16,5.86,518.03
2024-03-27 11:00:00,36.23,30.79,6.84,298.73
2024-03-27 12:00:00,33.31,39.19,6.78,96.62
2024-03-27 13:00:00,30.59,48.92,5.48,3.53
2024-03-27 14:00:00,29.14,55.32,3.94,0.0
2024-03-27 15:00:00,28.37,59.4,2.46,0.0
2024-03-27 16:00:00,27.67,63.43,1.66,0.0
2024-03-27 17:00:00,27.11,66.7,1.61,0.0
2024-03-27 18:00:00,26.6,70.03,1.61,0.0
2024-03-27 19:00:00,26.11,73.39,1.72,0.0
2024-03-27 20:00:00,25.64,77.0,1.81,0.0
2024-03-27 21:00:00,25.2,80.78,1.84,0.0
2024-03-27 22:00:00,24.89,84.08,1.83,0.0
2024-03-27 23:00:00,24.77,86.46,1.74,0.0
2024-03-28 00:00:00,24.87,87.29,1.45,0.0
2024-03-28 01:00:00,25.29,85.71,1.21,20.62
2024-03-28 02:00:00,26.8,73.64,1.43,123.85
2024-03-28 03:00:00,29.18,57.34,1.57,316.25
2024-03-28 04:00:00,32.25,42.61,1.56,498.25
2024-03-28 05:00:00,34.85,34.07,1.26,659.8
2024-03-28 06:00:00,37.43,27.77,1.33,810.08
2024-03-28 07:00:00,39.11,25.01,2.33,814.17
2024-03-28 08:00:00,39.67,25.16,3.54,760.03
2024-03-28 09:00:00,39.2,26.76,4.42,646.53
2024-03-28 10:00:00,38.18,28.78,5.09,474.7
2024-03-28 11:00:00,36.61,31.84,5.48,264.67
2024-03-28 12:00:00,34.37,37.4,5.5,86.15
2024-03-28 13:00:00,31.67,46.97,4.81,3.3
2024-03-28 14:00:00,29.97,54.92,3.75,0.0
2024-03-28 15:00:00,28.87,61.21,2.52,0.0
2024-03-28 16:00:00,28.0,67.37,1.57,0.0
2024-03-28 17:00:00,27.37,72.67,1.55,0.0
2024-03-28 18:00:00,26.98,76.62,1.59,0.0
2024-03-28 19:00:00,26.76,79.59,1.7,0.0
2024-03-28 20:00:00,26.53,81.79,1.2,0.0
2024-03-28 21:00:00,26.31,82.4,0.84,0.0
2024-03-28 22:00:00,26.17,82.65,0.49,0.0
2024-03-28 23:00:00,25.93,83.57,0.72,0.0
2024-03-29 00:00:00,25.59,84.54,1.17,0.0
2024-03-29 01:00:00,26.03,81.62,1.45,21.33
2024-03-29 02:00:00,27.83,69.03,1.49,123.12
2024-03-29 03:00:00,31.22,47.87,1.37,321.23
2024-03-29 04:00:00,35.53,29.08,1.47,518.9
2024-03-29 05:00:00,38.27,22.76,0.85,694.6
2024-03-29 06:00:00,39.54,21.73,1.86,830.42
2024-03-29 07:00:00,39.65,22.86,3.28,807.22
2024-03-29 08:00:00,39.47,24.12,4.45,750.7
2024-03-29 09:00:00,39.14,25.19,5.25,629.65
2024-03-29 10:00:00,38.24,26.69,5.45,458.45
2024-03-29 11:00:00,36.92,28.78,5.54,251.18
2024-03-29 12:00:00,34.96,32.32,5.48,80.18
2024-03-29 13:00:00,32.4,39.19,4.74,3.22
2024-03-29 14:00:00,30.54,47.2,4.02,0.0
2024-03-29 15:00:00,29.29,54.86,3.3,0.0
2024-03-29 16:00:00,28.51,61.97,2.76,0.0
2024-03-29 17:00:00,27.94,68.31,2.26,0.0
2024-03-29 18:00:00,27.42,73.26,1.87,0.0
2024-03-29 19:00:00,26.69,78.28,1.4,0.0
2024-03-29 20:00:00,25.84,83.78,1.54,0.0
2024-03-29 21:00:00,25.27,87.92,1.56,0.0
2024-03-29 22:00:00,24.89,90.64,1.37,0.0
2024-03-29 23:00:00,24.63,92.4,1.22,0.0
2024-03-30 00:00:00,24.45,93.41,1.1,0.0
2024-03-30 01:00:00,25.05,89.55,1.05,25.77
2024-03-30 02:00:00,27.67,66.41,1.65,140.18
2024-03-30 03:00:00,31.4,41.16,2.18,349.5
2024-03-30 04:00:00,34.81,29.28,1.9,573.08
2024-03-30 05:00:00,37.55,23.11,1.44,738.6
2024-03-30 06:00:00,39.32,21.09,2.14,840.15
2024-03-30 07:00:00,40.13,20.6,3.37,829.62
2024-03-30 08:00:00,40.07,21.19,4.67,687.9
2024-03-30 09:00:00,39.16,22.93,5.93,651.9
2024-03-30 10:00:00,37.66,25.48,6.86,473.45
2024-03-30 11:00:00,35.74,28.47,7.37,268.2
2024-03-30 12:00:00,33.46,32.48,7.23,85.57
2024-03-30 13:00:00,31.01,39.24,6.01,3.38
2024-03-30 14:00:00,29.42,46.54,4.68,0.0
2024-03-30 15:00:00,28.42,52.38,3.4,0.0
2024-03-30 16:00:00,27.63,58.26,2.35,0.0
2024-03-30 17:00:00,27.14,63.93,2.0,0.0
2024-03-30 18:00:00,26.74,69.23,1.94,0.0
2024-03-30 19:00:00,26.4,73.72,2.06,0.0
2024-03-30 20:00:00,26.17,76.64,2.34,0.0
2024-03-30 21:00:00,25.95,78.61,2.4,0.0
2024-03-30 22:00:00,25.68,79.98,2.21,0.0
2024-03-30 23:00:00,25.39,80.53,2.05,0.0
2024-03-31 00:00:00,25.14,79.61,1.89,0.0
2024-03-31 01:00:00,25.88,72.69,2.11,30.33
2024-03-31 02:00:00,28.69,53.44,2.65,180.5
2024-03-31 03:00:00,32.45,33.93,2.79,391.95
2024-03-31 04:00:00,35.52,24.24,2.35,597.53
2024-03-31 05:00:00,38.04,19.48,1.66,761.15
2024-03-31 06:00:00,39.15,18.06,1.68,856.75
2024-03-31 07:00:00,39.56,18.31,2.69,916.38
2024-03-31 08:00:00,39.75,18.8,3.71,834.78
2024-03-31 09:00:00,39.54,19.55,4.65,707.85
2024-03-31 10:00:00,38.72,20.81,5.5,524.72
2024-03-31 11:00:00,37.2,22.87,6.27,305.05
2024-03-31 12:00:00,34.88,26.9,6.71,101.8
2024-03-31 13:00:00,31.96,34.27,5.96,3.92
2024-03-31 14:00:00,30.11,41.26,4.62,0.0
2024-03-31 15:00:00,28.88,46.26,3.08,0.0
2024-03-31 16:00:00,27.92,50.61,2.34,0.0
2024-03-31 17:00:00,27.13,55.03,2.08,0.0
2024-03-31 18:00:00,26.44,59.9,2.02,0.0
2024-03-31 19:00:00,25.91,64.51,2.08,0.0
2024-03-31 20:00:00,25.66,67.6,2.29,0.0
2024-03-31 21:00:00,25.43,69.63,2.4,0.0
2024-03-31 22:00:00,25.07,71.53,2.3,0.0
2024-03-31 23:00:00,24.73,72.92,2.12,0.0
2024-04-01 00:00:00,24.42,73.65,1.97,0.0
2024-04-01 01:00:00,25.3,69.29,1.94,35.62
2024-04-01 02:00:00,27.96,55.64,2.56,201.57
2024-04-01 03:00:00,31.08,39.97,3.3,414.58
2024-04-01 04:00:00,33.98,30.18,3.44,611.6
2024-04-01 05:00:00,36.27,25.07,3.2,748.97
2024-04-01 06:00:00,38.27,20.73,3.18,846.17
2024-04-01 07:00:00,39.23,19.89,3.72,904.33
2024-04-01 08:00:00,39.26,20.68,4.43,855.83
2024-04-01 09:00:00,38.65,22.09,4.88,743.55
2024-04-01 10:00:00,37.35,24.22,5.13,553.58
2024-04-01 11:00:00,35.67,26.85,4.99,327.7
2024-04-01 12:00:00,33.6,30.59,4.47,110.8
2024-04-01 13:00:00,31.34,36.49,3.63,4.2
2024-04-01 14:00:00,29.92,41.99,3.05,0.0
2024-04-01 15:00:00,28.9,46.63,2.72,0.0
2024-04-01 16:00:00,27.82,51.74,2.54,0.0
2024-04-01 17:00:00,26.64,57.71,2.22,0.0
2024-04-01 18:00:00,25.76,63.01,2.07,0.0
2024-04-01 19:00:00,25.09,67.16,1.89,0.0
2024-04-01 20:00:00,24.55,70.08,1.82,0.0
2024-04-01 21:00:00,24.09,72.44,1.76,0.0
2024-04-01 22:00:00,23.75,73.93,1.66,0.0
2024-04-01 23:00:00,23.48,74.24,1.51,0.0
2024-04-02 00:00:00,23.28,73.36,1.45,0.0
2024-04-02 01:00:00,24.16,67.37,1.49,40.1
2024-04-02 02:00:00,26.93,54.7,1.32,229.1
2024-04-02 03:00:00,30.15,38.96,0.81,460.48
2024-04-02 04:00:00,33.53,26.25,0.61,676.62
2024-04-02 05:00:00,36.8,18.88,1.93,841.78
2024-04-02 06:00:00,38.84,16.89,3.2,937.6
2024-04-02 07:00:00,39.27,17.52,4.06,964.85
2024-04-02 08:00:00,39.08,18.65,4.75,924.67
2024-04-02 09:00:00,38.38,20.27,5.24,773.8
2024-04-02 10:00:00,37.25,22.29,5.56,581.72
2024-04-02 11:00:00,35.65,24.79,5.51,347.15
2024-04-02 12:00:00,33.4,29.49,5.17,123.07
2024-04-02 13:00:00,30.59,38.92,4.36,4.68
2024-04-02 14:00:00,28.74,49.14,3.78,0.0
2024-04-02 15:00:00,27.47,56.97,2.95,0.0
2024-04-02 16:00:00,26.42,63.32,2.27,0.0
2024-04-02 17:00:00,25.65,68.39,1.99,0.0
2024-04-02 18:00:00,25.08,72.21,1.66,0.0
2024-04-02 19:00:00,24.77,74.27,1.25,0.0
2024-04-02 20:00:00,24.44,75.71,1.16,0.0
2024-04-02 21:00:00,24.12,76.42,1.16,0.0
2024-04-02 22:00:00,23.94,76.15,1.03,0.0
2024-04-02 23:00:00,23.77,75.9,0.9,0.0
2024-04-03 00:00:00,23.57,75.83,0.79,0.0
2024-04-03 01:00:00,24.18,72.31,0.76,42.0
2024-04-03 02:00:00,27.12,55.33,0.89,228.77
2024-04-03 03:00:00,30.94,35.86,1.48,452.48
2024-04-03 04:00:00,33.71,28.06,1.44,666.28
2024-04-03 05:00:00,36.16,22.8,1.97,823.8
2024-04-03 06:00:00,38.31,19.44,3.02,918.3
2024-04-03 07:00:00,39.42,18.96,3.89,926.17
2024-04-03 08:00:00,39.57,19.75,4.57,885.15
2024-04-03 09:00:00,38.96,21.3,5.14,745.5
2024-04-03 10:00:00,37.77,23.5,5.47,553.95
2024-04-03 11:00:00,36.12,26.17,5.35,323.92
2024-04-03 12:00:00,33.87,30.62,4.96,110.72
2024-04-03 13:00:00,31.14,38.92,4.11,4.62
2024-04-03 14:00:00,29.31,47.84,3.62,0.0
2024-04-03 15:00:00,28.05,54.59,2.86,0.0
2024-04-03 16:00:00,27.0,59.99,2.24,0.0
2024-04-03 17:00:00,26.11,64.67,2.0,0.0
2024-04-03 18:00:00,25.41,68.99,1.84,0.0
2024-04-03 19:00:00,24.84,72.78,1.61,0.0
2024-04-03 20:00:00,24.42,75.63,1.48,0.0
2024-04-03 21:00:00,24.04,77.91,1.47,0.0
2024-04-03 22:00:00,23.67,79.81,1.56,0.0
2024-04-03 23:00:00,23.26,81.83,1.74,0.0
2024-04-04 00:00:00,22.9,83.55,1.89,0.0
2024-04-04 01:00:00,23.96,78.21,2.24,41.3
2024-04-04 02:00:00,26.93,62.35,2.88,216.82
2024-04-04 03:00:00,30.47,42.39,3.23,445.65
2024-04-04 04:00:00,33.74,30.56,3.25,657.0
2024-04-04 05:00:00,36.33,23.98,3.28,807.5
2024-04-04 06:00:00,38.5,19.55,3.62,888.8
2024-04-04 07:00:00,39.76,17.95,4.23,901.33
2024-04-04 08:00:00,40.1,18.12,4.98,820.35
2024-04-04 09:00:00,39.52,19.38,5.58,724.1
2024-04-04 10:00:00,38.46,20.98,5.88,512.88
2024-04-04 11:00:00,36.96,23.04,5.85,307.33
2024-04-04 12:00:00,34.86,26.3,5.59,108.32
2024-04-04 13:00:00,32.06,33.57,4.47,4.65
2024-04-04 14:00:00,30.23,41.89,3.98,0.0
2024-04-04 15:00:00,28.92,49.57,3.15,0.0
2024-04-04 16:00:00,27.81,56.95,2.45,0.0
2024-04-04 17:00:00,26.87,64.64,2.14,0.0
2024-04-04 18:00:00,26.07,72.84,1.97,0.0
2024-04-04 19:00:00,25.42,80.46,1.85,0.0
2024-04-04 20:00:00,24.9,86.05,1.68,0.0
2024-04-04 21:00:00,24.58,89.41,1.45,0.0
2024-04-04 22:00:00,24.43,91.08,1.18,0.0
2024-04-04 23:00:00,24.28,92.13,0.99,0.0
2024-04-05 00:00:00,24.02,93.21,0.99,0.0
2024-04-05 01:00:00,24.77,88.42,1.27,44.2
2024-04-05 02:00:00,27.61,67.01,1.21,235.0
2024-04-05 03:00:00,31.56,43.59,1.88,473.62
2024-04-05 04:00:00,35.18,30.28,2.68,682.4
2024-04-05 05:00:00,37.57,24.78,3.26,840.25
2024-04-05 06:00:00,39.29,21.98,3.85,933.9
2024-04-05 07:00:00,40.23,20.5,4.6,933.65
2024-04-05 08:00:00,40.47,19.69,5.29,895.28
2024-04-05 09:00:00,40.16,19.3,5.88,765.12
2024-04-05 10:00:00,39.32,19.29,6.3,575.53
2024-04-05 11:00:00,37.89,20.04,6.6,347.17
2024-04-05 12:00:00,35.65,22.91,6.74,120.12
2024-04-05 13:00:00,32.37,31.76,5.51,4.88
2024-04-05 14:00:00,30.11,42.99,4.44,0.0
2024-04-05 15:00:00,28.54,54.22,3.63,0.0
2024-04-05 16:00:00,27.44,64.56,3.28,0.0
2024-04-05 17:00:00,26.61,72.91,2.83,0.0
2024-04-05 18:00:00,25.93,79.64,2.37,0.0
2024-04-05 19:00:00,25.39,84.57,2.11,0.0
2024-04-05 20:00:00,24.96,87.41,2.08,0.0
2024-04-05 21:00:00,24.62,87.91,2.16,0.0
2024-04-05 22:00:00,24.39,85.21,2.23,0.0
2024-04-05 23:00:00,24.25,79.79,2.3,0.0
2024-04-06 00:00:00,24.17,73.1,2.34,0.0
2024-04-06 01:00:00,25.58,61.28,2.34,47.42
2024-04-06 02:00:00,29.04,42.9,2.95,239.27
2024-04-06 03:00:00,33.69,26.91,3.67,473.9
2024-04-06 04:00:00,36.69,20.73,3.78,683.35
2024-04-06 05:00:00,38.65,17.77,3.92,837.53
2024-04-06 06:00:00,39.97,16.01,4.45,938.47
2024-04-06 07:00:00,40.59,15.28,5.2,936.6
2024-04-06 08:00:00,40.56,15.25,5.87,873.53
2024-04-06 09:00:00,39.93,15.99,6.3,750.47
2024-04-06 10:00:00,38.83,17.46,6.52,562.67
2024-04-06 11:00:00,37.33,19.61,6.58,335.38
2024-04-06 12:00:00,35.24,23.44,6.37,117.2
2024-04-06 13:00:00,32.36,31.56,5.22,4.85
2024-04-06 14:00:00,30.46,40.33,4.26,0.0
2024-04-06 15:00:00,29.33,47.12,3.13,0.0
2024-04-06 16:00:00,28.3,53.72,2.43,0.0
2024-04-06 17:00:00,27.41,60.33,2.25,0.0
2024-04-06 18:00:00,26.66,66.45,2.19,0.0
2024-04-06 19:00:00,26.04,71.6,2.23,0.0
2024-04-06 20:00:00,25.57,75.37,2.36,0.0
2024-04-06 21:00:00,25.18,78.9,2.36,0.0
2024-04-06 22:00:00,24.84,82.32,2.25,0.0
2024-04-06 23:00:00,24.79,83.45,2.12,0.0
2024-04-07 00:00:00,25.02,82.5,1.99,0.0
2024-04-07 01:00:00,25.96,77.89,2.33,47.58
2024-04-07 02:00:00,28.15,62.35,3.34,226.27
2024-04-07 03:00:00,31.34,39.48,4.27,466.55
2024-04-07 04:00:00,34.74,25.96,4.33,692.0
2024-04-07 05:00:00,37.21,20.58,4.15,858.75
2024-04-07 06:00:00,38.8,17.86,4.3,959.8
2024-04-07 07:00:00,39.51,16.49,4.89,959.88
2024-04-07 08:00:00,39.42,16.14,5.63,936.08
2024-04-07 09:00:00,38.7,16.39,6.13,776.33
2024-04-07 10:00:00,37.6,17.08,6.18,590.75
2024-04-07 11:00:00,36.18,18.11,5.93,361.1
2024-04-07 12:00:00,34.23,20.59,5.34,132.27
2024-04-07 13:00:00,30.92,29.87,3.36,5.43
2024-04-07 14:00:00,28.86,41.9,2.75,0.0
2024-04-07 15:00:00,27.55,52.67,2.34,0.0
2024-04-07 16:00:00,26.57,61.72,1.98,0.0
2024-04-07 17:00:00,25.96,69.02,1.66,0.0
2024-04-07 18:00:00,25.43,75.46,1.46,0.0
2024-04-07 19:00:00,24.89,80.39,1.45,0.0
2024-04-07 20:00:00,24.4,83.31,1.55,0.0
2024-04-07 21:00:00,23.93,85.98,1.63,0.0
2024-04-07 22:00:00,23.52,88.39,1.64,0.0
2024-04-07 23:00:00,23.15,90.47,1.65,0.0
2024-04-08 00:00:00,22.73,92.24,1.76,0.0
2024-04-08 01:00:00,23.85,84.84,2.15,55.6
2024-04-08 02:00:00,27.0,63.17,2.42,259.58
2024-04-08 03:00:00,31.08,36.88,2.75,492.73
2024-04-08 04:00:00,34.5,24.88,2.44,710.65
2024-04-08 05:00:00,37.12,19.5,1.75,864.58
2024-04-08 06:00:00,39.12,17.03,1.73,963.28
2024-04-08 07:00:00,40.23,16.52,2.66,983.97
2024-04-08 08:00:00,40.39,17.37,3.7,936.53
2024-04-08 09:00:00,39.73,19.25,4.65,789.17
2024-04-08 10:00:00,38.44,21.72,5.15,597.95
2024-04-08 11:00:00,36.79,24.75,4.98,366.48
2024-04-08 12:00:00,34.54,29.9,4.71,133.95
2024-04-08 13:00:00,31.54,40.48,4.06,5.53
2024-04-08 14:00:00,29.55,51.84,3.29,0.0
2024-04-08 15:00:00,28.32,59.84,2.12,0.0
2024-04-08 16:00:00,27.37,65.7,1.61,0.0
2024-04-08 17:00:00,26.68,70.17,1.42,0.0
2024-04-08 18:00:00,26.23,73.46,1.2,0.0
2024-04-08 19:00:00,25.81,76.74,1.17,0.0
2024-04-08 20:00:00,25.45,79.95,0.98,0.0
2024-04-08 21:00:00,25.26,82.07,0.57,0.0
2024-04-08 22:00:00,25.02,83.98,0.36,0.0
2024-04-08 23:00:00,24.73,85.94,0.53,0.0
2024-04-09 00:00:00,24.34,88.08,0.71,0.0
2024-04-09 01:00:00,24.93,84.8,0.77,56.7
2024-04-09 02:00:00,27.66,64.86,0.55,260.6
2024-04-09 03:00:00,31.47,40.7,1.07,489.23
2024-04-09 04:00:00,34.79,27.51,1.03,701.6
2024-04-09 05:00:00,37.52,20.06,1.65,856.55
2024-04-09 06:00:00,39.19,17.82,2.73,945.97
2024-04-09 07:00:00,39.92,17.81,3.82,945.62
2024-04-09 08:00:00,39.82,18.98,4.75,864.4
2024-04-09 09:00:00,39.02,21.06,5.5,755.2
2024-04-09 10:00:00,37.81,23.35,5.83,569.78
2024-04-09 11:00:00,36.26,26.07,5.57,349.98
2024-04-09 12:00:00,34.22,30.48,4.92,113.85
2024-04-09 13:00:00,31.39,41.33,3.37,5.03
2024-04-09 14:00:00,29.41,54.1,2.3,0.0
2024-04-09 15:00:00,28.1,64.42,1.68,0.0
2024-04-09 16:00:00,27.22,72.09,1.38,0.0
2024-04-09 17:00:00,26.67,77.38,0.99,0.0
2024-04-09 18:00:00,26.33,80.14,0.62,0.0
2024-04-09 19:00:00,26.0,82.28,0.35,0.0
2024-04-09 20:00:00,25.65,84.92,0.05,0.0
2024-04-09 21:00:00,25.22,87.47,0.61,0.0
2024-04-09 22:00:00,24.73,89.21,1.11,0.0
2024-04-09 23:00:00,24.36,89.13,1.45,0.0
2024-04-10 00:00:00,24.09,87.24,1.61,0.0
2024-04-10 01:00:00,25.18,77.76,2.0,51.78
2024-04-10 02:00:00,28.05,59.19,1.96,225.45
2024-04-10 03:00:00,32.29,33.39,1.22,447.25
2024-04-10 04:00:00,36.0,19.77,0.39,647.83
2024-04-10 05:00:00,38.53,16.17,1.59,818.38
2024-04-10 06:00:00,39.73,16.09,2.86,923.6
2024-04-10 07:00:00,40.06,17.1,4.02,939.92
2024-04-10 08:00:00,39.82,18.5,4.84,885.8
2024-04-10 09:00:00,39.12,20.23,5.37,757.7
2024-04-10 10:00:00,37.93,22.43,5.9,570.85
2024-04-10 11:00:00,36.3,25.35,6.27,345.35
2024-04-10 12:00:00,34.2,29.66,6.06,122.72
2024-04-10 13:00:00,31.51,39.79,4.74,5.32
2024-04-10 14:00:00,29.65,51.89,3.45,0.0
2024-04-10 15:00:00,28.34,61.24,2.51,0.0
2024-04-10 16:00:00,27.25,68.96,2.04,0.0
2024-04-10 17:00:00,26.42,75.19,1.8,0.0
2024-04-10 18:00:00,25.78,79.73,1.59,0.0
2024-04-10 19:00:00,25.27,82.96,1.45,0.0
2024-04-10 20:00:00,24.8,85.43,1.46,0.0
2024-04-10 21:00:00,24.36,86.65,1.66,0.0
2024-04-10 22:00:00,24.02,85.51,1.92,0.0
2024-04-10 23:00:00,23.76,82.08,2.19,0.0
2024-04-11 00:00:00,23.64,76.2,2.38,0.0
2024-04-11 01:00:00,25.2,62.86,2.65,50.62
2024-04-11 02:00:00,28.48,46.95,2.61,227.23
2024-04-11 03:00:00,32.49,27.2,2.01,445.12
2024-04-11 04:00:00,35.4,17.66,1.19,663.95
2024-04-11 05:00:00,38.12,12.65,0.33,825.35
2024-04-11 06:00:00,40.04,11.76,1.46,917.75
2024-04-11 07:00:00,40.84,12.37,2.71,920.83
2024-04-11 08:00:00,40.76,13.86,3.85,831.88
2024-04-11 09:00:00,39.94,16.03,4.71,781.92
2024-04-11 10:00:00,38.74,18.44,5.24,515.7
2024-04-11 11:00:00,37.02,21.36,5.54,295.45
2024-04-11 12:00:00,34.71,25.81,5.53,100.85
2024-04-11 13:00:00,31.75,35.82,5.23,4.78
2024-04-11 14:00:00,29.8,48.29,4.61,0.0
2024-04-11 15:00:00,28.96,54.84,3.45,0.0
2024-04-11 16:00:00,28.46,58.79,2.29,0.0
2024-04-11 17:00:00,27.85,62.18,1.38,0.0
2024-04-11 18:00:00,27.25,64.67,1.1,0.0
2024-04-11 19:00:00,26.88,65.74,0.97,0.0
2024-04-11 20:00:00,26.42,66.63,1.14,0.0
2024-04-11 21:00:00,26.13,66.36,1.09,0.0
2024-04-11 22:00:00,26.06,65.47,0.78,0.0
2024-04-11 23:00:00,25.83,65.74,0.66,0.0
2024-04-12 00:00:00,25.59,66.19,0.58,0.0
2024-04-12 01:00:00,26.16,63.67,0.56,49.78
2024-04-12 02:00:00,28.86,46.53,0.3,230.43
2024-04-12 03:00:00,32.68,26.47,0.47,461.08
2024-04-12 04:00:00,35.56,21.07,1.29,669.75
2024-04-12 05:00:00,37.44,19.39,2.22,821.8
2024-04-12 06:00:00,38.55,19.58,3.32,911.47
2024-04-12 07:00:00,38.93,20.59,4.39,933.7
2024-04-12 08:00:00,38.74,21.96,5.1,908.58
2024-04-12 09:00:00,38.07,23.99,5.65,746.17
2024-04-12 10:00:00,36.9,26.77,5.94,559.72
2024-04-12 11:00:00,35.43,29.45,5.66,338.65
2024-04-12 12:00:00,33.51,33.11,5.05,121.47
2024-04-12 13:00:00,31.09,40.54,3.96,5.7
2024-04-12 14:00:00,29.4,49.55,3.24,0.0
2024-04-12 15:00:00,28.23,56.52,2.31,0.0
2024-04-12 16:00:00,27.26,61.9,1.76,0.0
2024-04-12 17:00:00,26.49,65.92,1.58,0.0
2024-04-12 18:00:00,25.91,69.19,1.23,0.0
2024-04-12 19:00:00,25.68,70.76,0.54,0.0
2024-04-12 20:00:00,25.39,72.19,0.07,0.0
2024-04-12 21:00:00,24.96,73.99,0.34,0.0
2024-04-12 22:00:00,24.64,75.08,0.5,0.0
2024-04-12 23:00:00,24.27,76.34,0.73,0.0
2024-04-13 00:00:00,23.91,77.49,1.0,0.0
2024-04-13 01:00:00,24.72,73.02,1.29,60.12
2024-04-13 02:00:00,27.17,55.97,0.93,261.15
2024-04-13 03:00:00,30.35,35.31,0.23,489.6
2024-04-13 04:00:00,33.65,22.86,1.35,704.6
2024-04-13 05:00:00,35.83,19.18,2.27,857.72
2024-04-13 06:00:00,37.43,17.14,3.25,950.85
2024-04-13 07:00:00,38.18,16.96,4.08,981.4
2024-04-13 08:00:00,38.19,18.12,4.79,931.75
2024-04-13 09:00:00,37.57,20.22,5.26,789.6
2024-04-13 10:00:00,36.42,23.21,5.48,600.3
2024-04-13 11:00:00,34.77,27.2,5.39,370.75
2024-04-13 12:00:00,32.58,33.18,5.1,137.32
2024-04-13 13:00:00,29.87,44.94,4.54,6.25
2024-04-13 14:00:00,28.19,57.02,3.98,0.0
2024-04-13 15:00:00,27.18,65.21,3.23,0.0
2024-04-13 16:00:00,26.4,71.16,2.47,0.0
2024-04-13 17:00:00,25.7,76.19,1.87,0.0
2024-04-13 18:00:00,25.09,80.51,1.58,0.0
2024-04-13 19:00:00,24.67,83.27,1.22,0.0
2024-04-13 20:00:00,24.4,84.83,0.88,0.0
2024-04-13 21:00:00,24.01,86.44,0.96,0.0
2024-04-13 22:00:00,23.6,87.46,1.1,0.0
2024-04-13 23:00:00,23.26,87.38,1.21,0.0
2024-04-14 00:00:00,23.04,86.13,1.23,0.0
2024-04-14 01:00:00,24.08,78.75,1.29,59.9
2024-04-14 02:00:00,26.68,60.88,1.49,249.77
2024-04-14 03:00:00,30.2,40.45,1.57,474.52
2024-04-14 04:00:00,33.82,26.04,0.94,674.08
2024-04-14 05:00:00,37.04,17.43,0.98,836.97
2024-04-14 06:00:00,38.87,15.75,2.3,946.28
2024-04-14 07:00:00,39.64,16.41,3.46,964.53
2024-04-14 08:00:00,39.63,18.31,4.46,900.22
2024-04-14 09:00:00,38.85,21.32,5.18,772.5
2024-04-14 10:00:00,37.59,25.3,5.58,585.72
2024-04-14 11:00:00,35.9,30.46,5.68,360.35
2024-04-14 12:00:00,33.75,37.85,5.58,132.38
2024-04-14 13:00:00,31.23,49.16,5.24,6.22
2024-04-14 14:00:00,29.71,59.59,4.6,0.0
2024-04-14 15:00:00,28.84,66.1,3.56,0.0
2024-04-14 16:00:00,28.13,70.74,2.44,0.0
2024-04-14 17:00:00,27.47,74.48,1.73,0.0
2024-04-14 18:00:00,26.96,77.3,1.51,0.0
2024-04-14 19:00:00,26.62,79.01,1.32,0.0
2024-04-14 20:00:00,26.4,80.1,1.17,0.0
2024-04-14 21:00:00,26.1,81.55,1.25,0.0
2024-04-14 22:00:00,25.76,83.21,1.44,0.0
2024-04-14 23:00:00,25.46,84.79,1.5,0.0
2024-04-15 00:00:00,25.27,85.78,1.43,0.0
2024-04-15 01:00:00,26.4,79.69,1.71,63.53
2024-04-15 02:00:00,29.23,63.34,2.73,254.68
2024-04-15 03:00:00,33.04,44.8,3.39,474.45
2024-04-15 04:00:00,36.96,31.05,2.89,682.58
2024-04-15 05:00:00,39.93,23.8,1.47,834.62
2024-04-15 06:00:00,41.85,20.57,0.94,922.22
2024-04-15 07:00:00,42.89,19.82,1.99,913.7
2024-04-15 08:00:00,43.01,20.46,3.1,877.42
2024-04-15 09:00:00,42.32,22.16,4.11,719.78
2024-04-15 10:00:00,41.09,24.77,5.25,534.15
2024-04-15 11:00:00,39.27,28.43,6.35,308.88
2024-04-15 12:00:00,36.88,33.87,6.87,106.82
2024-04-15 13:00:00,34.23,41.89,6.23,5.5
2024-04-15 14:00:00,32.45,49.8,4.81,0.0
2024-04-15 15:00:00,31.56,53.75,3.49,0.0
2024-04-15 16:00:00,31.1,55.3,2.69,0.0
2024-04-15 17:00:00,30.97,55.19,2.5,0.0
2024-04-15 18:00:00,30.85,54.89,2.36,0.0
2024-04-15 19:00:00,30.69,54.55,2.33,0.0
2024-04-15 20:00:00,30.54,54.28,2.64,0.0
2024-04-15 21:00:00,30.43,53.51,3.04,0.0
2024-04-15 22:00:00,30.36,51.39,3.13,0.0
2024-04-15 23:00:00,30.26,48.31,3.16,0.0
2024-04-16 00:00:00,30.17,45.69,3.37,0.0
2024-04-16 01:00:00,31.48,41.19,4.47,53.1
2024-04-16 02:00:00,34.08,34.66,6.58,200.98
2024-04-16 03:00:00,36.54,29.7,7.44,377.45
2024-04-16 04:00:00,38.77,26.45,6.63,590.65
2024-04-16 05:00:00,40.77,23.58,5.27,785.05
2024-04-16 06:00:00,42.17,21.43,3.88,894.88
2024-04-16 07:00:00,43.06,19.97,3.16,868.85
2024-04-16 08:00:00,43.22,19.6,3.46,806.97
2024-04-16 09:00:00,42.87,19.91,4.0,678.92
2024-04-16 10:00:00,42.42,20.28,4.49,499.52
2024-04-16 11:00:00,41.34,21.3,4.99,292.67
2024-04-16 12:00:00,40.08,22.59,5.05,100.72
2024-04-16 13:00:00,38.33,24.74,4.37,5.68
2024-04-16 14:00:00,37.18,26.35,4.2,0.0
2024-04-16 15:00:00,36.15,27.81,3.7,0.0
2024-04-16 16:00:00,35.21,28.96,3.03,0.0
2024-04-16 17:00:00,34.46,29.75,2.51,0.0
2024-04-16 18:00:00,33.9,30.33,2.29,0.0
2024-04-16 19:00:00,33.37,31.13,2.27,0.0
2024-04-16 20:00:00,32.79,32.75,2.52,0.0
2024-04-16 21:00:00,32.06,35.97,3.04,0.0
2024-04-16 22:00:00,31.28,40.5,3.04,0.0
2024-04-16 23:00:00,30.52,43.82,2.58,0.0
2024-04-17 00:00:00,30.01,44.32,2.3,0.0
2024-04-17 01:00:00,30.91,39.93,2.56,58.67
2024-04-17 02:00:00,33.6,31.81,2.79,216.45
2024-04-17 03:00:00,37.47,23.01,2.61,399.4
2024-04-17 04:00:00,40.15,18.66,1.33,600.62
2024-04-17 05:00:00,41.91,16.88,0.33,778.0
2024-04-17 06:00:00,43.06,16.86,1.85,811.58
2024-04-17 07:00:00,43.41,17.85,3.29,767.62
2024-04-17 08:00:00,43.02,19.41,4.6,759.12
2024-04-17 09:00:00,42.05,21.48,5.39,635.15
2024-04-17 10:00:00,40.72,23.8,5.88,470.8
2024-04-17 11:00:00,39.1,26.32,6.06,253.3
2024-04-17 12:00:00,37.1,29.88,5.75,85.8
2024-04-17 13:00:00,34.71,36.66,4.65,4.95
2024-04-17 14:00:00,32.81,46.27,3.32,0.0
2024-04-17 15:00:00,31.62,53.91,2.31,0.0
2024-04-17 16:00:00,30.74,61.02,1.84,0.0
2024-04-17 17:00:00,30.03,67.39,1.85,0.0
2024-04-17 18:00:00,29.41,73.08,1.77,0.0
2024-04-17 19:00:00,28.91,77.83,1.63,0.0
2024-04-17 20:00:00,28.51,81.23,1.47,0.0
2024-04-17 21:00:00,28.16,83.16,1.25,0.0
2024-04-17 22:00:00,27.94,83.77,0.93,0.0
2024-04-17 23:00:00,27.76,83.92,0.71,0.0
2024-04-18 00:00:00,27.47,84.48,0.63,0.0
2024-04-18 01:00:00,28.11,80.07,0.69,59.6
2024-04-18 02:00:00,31.02,52.39,0.83,221.27
2024-04-18 03:00:00,34.51,35.74,2.52,420.5
2024-04-18 04:00:00,37.4,28.68,3.54,615.9
2024-04-18 05:00:00,39.67,24.47,3.57,771.5
2024-04-18 06:00:00,41.16,22.38,3.38,879.22
2024-04-18 07:00:00,41.84,21.92,3.68,891.35
2024-04-18 08:00:00,41.72,22.79,4.41,847.67
2024-04-18 09:00:00,41.04,24.52,4.87,712.4
2024-04-18 10:00:00,39.87,26.99,5.08,531.75
2024-04-18 11:00:00,38.49,30.02,5.01,315.98
2024-04-18 12:00:00,36.89,33.69,4.73,110.72
2024-04-18 13:00:00,34.78,39.94,4.46,5.97
2024-04-18 14:00:00,33.17,46.41,4.12,0.0
2024-04-18 15:00:00,32.28,49.69,3.77,0.0
2024-04-18 16:00:00,31.63,52.87,3.54,0.0
2024-04-18 17:00:00,31.03,56.87,3.47,0.0
2024-04-18 18:00:00,30.44,60.75,3.52,0.0
2024-04-18 19:00:00,29.91,63.72,3.57,0.0
2024-04-18 20:00:00,29.45,66.35,3.51,0.0
2024-04-18 21:00:00,29.06,68.93,3.05,0.0
2024-04-18 22:00:00,28.73,71.05,2.2,0.0
2024-04-18 23:00:00,28.41,72.79,1.33,0.0
2024-04-19 00:00:00,28.13,73.88,1.05,0.0
2024-04-19 01:00:00,28.71,70.91,0.85,61.38
2024-04-19 02:00:00,30.79,57.17,0.89,229.9
2024-04-19 03:00:00,34.1,40.71,1.87,427.9
2024-04-19 04:00:00,36.71,32.44,2.64,637.28
2024-04-19 05:00:00,38.26,28.97,3.27,779.9
2024-04-19 06:00:00,39.27,27.3,3.96,866.78
2024-04-19 07:00:00,39.78,26.78,4.63,899.6
2024-04-19 08:00:00,39.7,27.19,5.18,824.72
2024-04-19 09:00:00,39.19,28.19,5.78,692.1
2024-04-19 10:00:00,38.35,29.48,6.2,508.92
2024-04-19 11:00:00,37.06,31.6,6.39,264.15
2024-04-19 12:00:00,35.23,35.25,6.48,91.6
2024-04-19 13:00:00,32.98,42.11,6.12,5.15
2024-04-19 14:00:00,31.31,50.58,5.32,0.0
2024-04-19 15:00:00,30.36,57.24,4.46,0.0
2024-04-19 16:00:00,29.77,62.77,3.65,0.0
2024-04-19 17:00:00,29.32,67.42,3.03,0.0
2024-04-19 18:00:00,28.96,70.68,2.55,0.0
2024-04-19 19:00:00,28.66,72.82,2.1,0.0
2024-04-19 20:00:00,28.39,74.34,1.57,0.0
2024-04-19 21:00:00,28.2,74.73,1.2,0.0
2024-04-19 22:00:00,28.04,74.64,0.98,0.0
2024-04-19 23:00:00,28.02,74.1,1.08,0.0
2024-04-20 00:00:00,28.0,73.82,1.23,0.0
2024-04-20 01:00:00,28.56,70.71,2.05,59.78
2024-04-20 02:00:00,29.89,61.5,3.14,232.57
2024-04-20 03:00:00,31.78,49.44,3.85,441.25
2024-04-20 04:00:00,34.2,38.46,3.85,637.62
2024-04-20 05:00:00,36.77,30.81,3.35,787.6
2024-04-20 06:00:00,38.83,26.16,2.8,874.15
2024-04-20 07:00:00,40.14,24.33,3.05,873.7
2024-04-20 08:00:00,40.53,24.36,4.2,651.33
2024-04-20 09:00:00,39.99,25.45,5.31,672.83
2024-04-20 10:00:00,38.54,27.79,6.31,497.75
2024-04-20 11:00:00,36.6,31.07,6.9,287.0
2024-04-20 12:00:00,34.3,35.6,6.85,100.07
2024-04-20 13:00:00,32.15,41.28,5.68,5.55
2024-04-20 14:00:00,30.82,46.32,4.28,0.0
2024-04-20 15:00:00,30.13,49.87,3.04,0.0
2024-04-20 16:00:00,29.7,52.99,2.2,0.0
2024-04-20 17:00:00,29.28,56.39,2.0,0.0
2024-04-20 18:00:00,28.84,60.46,1.87,0.0
2024-04-20 19:00:00,28.34,64.79,1.69,0.0
2024-04-20 20:00:00,27.77,69.19,1.69,0.0
2024-04-20 21:00:00,27.26,73.38,2.0,0.0
2024-04-20 22:00:00,27.03,75.97,2.29,0.0
2024-04-20 23:00:00,26.9,77.43,2.46,0.0
2024-04-21 00:00:00,26.63,79.04,2.3,0.0
2024-04-21 01:00:00,27.35,75.25,3.2,63.75
2024-04-21 02:00:00,29.33,61.7,3.86,236.02
2024-04-21 03:00:00,32.11,45.27,4.07,442.8
2024-04-21 04:00:00,34.12,36.51,3.71,640.85
2024-04-21 05:00:00,35.34,32.7,3.68,785.67
2024-04-21 06:00:00,37.04,29.17,4.43,853.25
2024-04-21 07:00:00,38.13,26.74,5.04,657.95
2024-04-21 08:00:00,38.4,25.86,5.68,754.55
2024-04-21 09:00:00,37.99,26.16,6.19,631.9
2024-04-21 10:00:00,37.18,27.3,6.36,459.45
2024-04-21 11:00:00,35.89,29.4,6.41,252.73
2024-04-21 12:00:00,33.96,33.08,6.45,92.5
2024-04-21 13:00:00,31.76,39.14,5.89,5.57
2024-04-21 14:00:00,30.39,44.96,4.88,0.0
2024-04-21 15:00:00,29.64,49.65,3.67,0.0
2024-04-21 16:00:00,29.19,53.62,2.42,0.0
2024-04-21 17:00:00,28.84,57.27,1.48,0.0
2024-04-21 18:00:00,28.44,61.2,1.1,0.0
2024-04-21 19:00:00,28.07,64.91,1.05,0.0
2024-04-21 20:00:00,27.69,68.54,1.07,0.0
2024-04-21 21:00:00,27.31,71.88,1.25,0.0
2024-04-21 22:00:00,26.99,74.91,1.61,0.0
2024-04-21 23:00:00,26.76,77.71,1.98,0.0
2024-04-22 00:00:00,26.54,80.18,2.29,0.0
2024-04-22 01:00:00,27.29,77.26,3.7,54.83
2024-04-22 02:00:00,29.09,66.44,4.38,200.52
2024-04-22 03:00:00,31.52,52.22,4.05,387.73
2024-04-22 04:00:00,34.06,40.27,3.11,550.97
2024-04-22 05:00:00,36.15,34.09,2.54,682.55
2024-04-22 06:00:00,37.67,30.96,3.21,826.72
2024-04-22 07:00:00,38.51,29.79,4.27,772.05
2024-04-22 08:00:00,38.59,29.81,5.07,791.22
2024-04-22 09:00:00,38.11,30.46,5.43,667.75
2024-04-22 10:00:00,37.23,31.45,5.5,516.45
2024-04-22 11:00:00,35.93,33.32,5.32,307.05
2024-04-22 12:00:00,34.24,35.99,4.97,110.22
2024-04-22 13:00:00,32.26,40.11,4.48,6.43
2024-04-22 14:00:00,30.88,44.44,3.99,0.0
2024-04-22 15:00:00,29.94,47.89,3.47,0.0
2024-04-22 16:00:00,29.05,51.89,2.88,0.0
2024-04-22 17:00:00,28.2,56.37,2.42,0.0
2024-04-22 18:00:00,27.46,61.04,2.28,0.0
2024-04-22 19:00:00,26.82,65.61,2.21,0.0
2024-04-22 20:00:00,26.28,70.0,2.16,0.0
2024-04-22 21:00:00,25.81,73.74,2.08,0.0
2024-04-22 22:00:00,25.48,76.49,1.9,0.0
2024-04-22 23:00:00,25.23,78.47,1.75,0.0
2024-04-23 00:00:00,25.0,80.12,1.71,0.0
2024-04-23 01:00:00,26.43,73.69,2.39,78.4
2024-04-23 02:00:00,28.95,59.62,3.25,277.75
2024-04-23 03:00:00,31.85,44.47,3.21,498.48
2024-04-23 04:00:00,34.55,34.73,2.59,700.62
2024-04-23 05:00:00,36.79,29.49,2.36,850.17
2024-04-23 06:00:00,38.46,26.26,3.14,935.55
2024-04-23 07:00:00,39.32,25.21,4.19,922.4
2024-04-23 08:00:00,39.32,25.91,5.09,889.55
2024-04-23 09:00:00,38.8,27.22,5.49,730.78
2024-04-23 10:00:00,37.64,29.23,5.69,549.0
2024-04-23 11:00:00,36.17,31.9,5.7,331.05
2024-04-23 12:00:00,34.6,34.85,5.45,122.15
2024-04-23 13:00:00,32.56,39.66,4.83,6.9
2024-04-23 14:00:00,31.0,45.14,4.19,0.0
2024-04-23 15:00:00,29.93,50.03,3.51,0.0
2024-04-23 16:00:00,29.02,55.27,2.69,0.0
2024-04-23 17:00:00,28.2,60.6,2.05,0.0
2024-04-23 18:00:00,27.53,65.39,1.79,0.0
2024-04-23 19:00:00,27.0,69.18,1.62,0.0
2024-04-23 20:00:00,26.61,71.83,1.4,0.0
2024-04-23 21:00:00,26.26,74.04,1.24,0.0
2024-04-23 22:00:00,25.94,76.06,1.25,0.0
2024-04-23 23:00:00,25.64,78.08,1.42,0.0
2024-04-24 00:00:00,25.29,80.5,1.66,0.0
2024-04-24 01:00:00,26.46,75.53,2.44,74.88
2024-04-24 02:00:00,28.68,63.07,2.61,261.2
2024-04-24 03:00:00,31.75,47.58,2.01,474.92
2024-04-24 04:00:00,35.21,34.35,1.12,671.8
2024-04-24 05:00:00,37.96,27.51,1.35,821.45
2024-04-24 06:00:00,39.46,25.39,2.62,910.5
2024-04-24 07:00:00,39.91,25.52,4.03,910.78
2024-04-24 08:00:00,39.55,26.93,5.13,891.83
2024-04-24 09:00:00,38.78,28.8,5.68,718.53
2024-04-24 10:00:00,37.67,31.05,5.86,535.67
2024-04-24 11:00:00,36.06,34.54,5.85,321.3
2024-04-24 12:00:00,34.04,39.41,5.62,116.22
2024-04-24 13:00:00,31.65,46.96,5.02,6.5
2024-04-24 14:00:00,30.0,54.28,3.97,0.0
2024-04-24 15:00:00,29.11,58.86,2.81,0.0
2024-04-24 16:00:00,28.55,61.94,1.74,0.0
2024-04-24 17:00:00,28.06,64.82,0.93,0.0
2024-04-24 18:00:00,27.6,67.75,0.75,0.0
2024-04-24 19:00:00,27.19,70.27,0.83,0.0
2024-04-24 20:00:00,26.82,72.66,0.97,0.0
2024-04-24 21:00:00,26.59,74.65,1.07,0.0
2024-04-24 22:00:00,26.51,75.95,1.07,0.0
2024-04-24 23:00:00,26.38,77.34,1.14,0.0
2024-04-25 00:00:00,26.22,78.81,1.28,0.0
2024-04-25 01:00:00,26.91,76.03,1.91,68.85
2024-04-25 02:00:00,28.68,65.98,2.3,217.57
2024-04-25 03:00:00,31.41,50.95,2.38,424.98
2024-04-25 04:00:00,34.63,37.54,1.98,627.1
2024-04-25 05:00:00,37.74,28.25,1.41,806.03
2024-04-25 06:00:00,39.78,24.53,1.64,899.0
2024-04-25 07:00:00,40.83,23.5,2.89,917.17
2024-04-25 08:00:00,40.94,23.81,4.09,852.65
2024-04-25 09:00:00,40.4,25.0,4.67,723.6
2024-04-25 10:00:00,39.45,26.73,5.04,541.05
2024-04-25 11:00:00,37.98,29.37,5.49,317.0
2024-04-25 12:00:00,35.96,33.55,5.77,114.43
2024-04-25 13:00:00,33.36,40.35,5.67,6.82
2024-04-25 14:00:00,31.37,47.38,5.02,0.0
2024-04-25 15:00:00,30.1,53.34,4.11,0.0
2024-04-25 16:00:00,29.45,57.73,3.5,0.0
2024-04-25 17:00:00,29.06,61.48,3.21,0.0
2024-04-25 18:00:00,28.74,64.8,2.99,0.0
2024-04-25 19:00:00,28.41,67.72,2.78,0.0
2024-04-25 20:00:00,28.15,69.9,2.61,0.0
2024-04-25 21:00:00,27.91,71.58,2.5,0.0
2024-04-25 22:00:00,27.7,73.05,2.37,0.0
2024-04-25 23:00:00,27.44,74.92,2.08,0.0
2024-04-26 00:00:00,27.08,77.34,1.84,0.0
2024-04-26 01:00:00,27.84,74.11,2.84,66.05
2024-04-26 02:00:00,29.95,61.89,3.47,225.32
2024-04-26 03:00:00,33.21,45.0,3.68,417.95
2024-04-26 04:00:00,36.22,35.61,3.36,622.55
2024-04-26 05:00:00,38.5,30.4,3.29,784.4
2024-04-26 06:00:00,39.9,27.9,3.69,892.28
2024-04-26 07:00:00,40.55,26.99,4.59,869.35
2024-04-26 08:00:00,40.4,27.48,5.61,813.6
2024-04-26 09:00:00,39.57,28.92,6.2,690.58
2024-04-26 10:00:00,38.65,30.31,6.24,511.8
2024-04-26 11:00:00,37.41,32.39,6.03,301.15
2024-04-26 12:00:00,35.75,35.45,5.66,108.35
2024-04-26 13:00:00,33.67,40.54,5.06,6.68
2024-04-26 14:00:00,32.02,46.23,4.42,0.0
2024-04-26 15:00:00,30.83,51.48,3.64,0.0
2024-04-26 16:00:00,30.03,55.72,2.94,0.0
2024-04-26 17:00:00,29.48,59.27,2.45,0.0
2024-04-26 18:00:00,28.98,62.82,2.04,0.0
2024-04-26 19:00:00,28.5,66.58,1.66,0.0
2024-04-26 20:00:00,28.04,70.29,1.28,0.0
2024-04-26 21:00:00,27.65,73.66,1.21,0.0
2024-04-26 22:00:00,27.33,76.39,1.22,0.0
2024-04-26 23:00:00,26.93,79.52,1.25,0.0
2024-04-27 00:00:00,26.64,82.69,1.22,0.0
2024-04-27 01:00:00,27.66,77.98,1.58,63.45
2024-04-27 02:00:00,30.65,57.11,2.42,205.23
2024-04-27 03:00:00,34.86,37.35,2.86,418.5
2024-04-27 04:00:00,38.23,27.29,2.5,627.8
2024-04-27 05:00:00,40.53,22.4,1.9,789.08
2024-04-27 06:00:00,42.05,20.27,2.0,885.3
2024-04-27 07:00:00,42.89,19.84,2.87,874.45
2024-04-27 08:00:00,43.04,20.3,3.89,823.97
2024-04-27 09:00:00,42.48,21.41,4.86,695.28
2024-04-27 10:00:00,41.39,22.91,5.76,513.95
2024-04-27 11:00:00,39.69,25.38,6.5,301.17
2024-04-27 12:00:00,37.51,29.19,6.92,108.25
2024-04-27 13:00:00,34.85,35.68,6.64,6.85
2024-04-27 14:00:00,32.79,43.51,5.69,0.0
2024-04-27 15:00:00,31.57,49.99,4.47,0.0
2024-04-27 16:00:00,30.71,56.27,3.61,0.0
2024-04-27 17:00:00,30.05,62.02,2.97,0.0
2024-04-27 18:00:00,29.45,67.81,2.44,0.0
2024-04-27 19:00:00,28.88,73.91,2.06,0.0
2024-04-27 20:00:00,28.4,79.57,1.8,0.0
2024-04-27 21:00:00,28.08,83.47,1.52,0.0
2024-04-27 22:00:00,27.84,85.81,1.04,0.0
2024-04-27 23:00:00,27.59,87.3,1.05,0.0
2024-04-28 00:00:00,27.45,87.11,1.41,0.0
2024-04-28 01:00:00,28.42,79.46,2.61,72.88
2024-04-28 02:00:00,31.36,54.09,4.05,232.65
2024-04-28 03:00:00,35.24,33.73,4.84,441.55
2024-04-28 04:00:00,38.85,24.47,4.28,623.85
2024-04-28 05:00:00,41.42,20.83,2.93,762.25
2024-04-28 06:00:00,43.07,18.81,1.94,880.58
2024-04-28 07:00:00,43.96,18.13,2.25,881.1
2024-04-28 08:00:00,44.11,18.37,3.41,837.85
2024-04-28 09:00:00,43.45,19.26,4.72,693.38
2024-04-28 10:00:00,42.23,20.5,5.86,483.9
2024-04-28 11:00:00,40.64,22.12,6.72,270.12
2024-04-28 12:00:00,38.67,24.4,7.05,100.1
2024-04-28 13:00:00,36.22,28.82,6.29,7.07
2024-04-28 14:00:00,34.21,34.61,5.28,0.0
2024-04-28 15:00:00,32.95,38.73,4.3,0.0
2024-04-28 16:00:00,31.89,43.48,3.49,0.0
2024-04-28 17:00:00,30.94,49.95,2.92,0.0
2024-04-28 18:00:00,30.05,57.87,2.6,0.0
2024-04-28 19:00:00,29.29,65.6,2.3,0.0
2024-04-28 20:00:00,28.72,71.58,1.96,0.0
2024-04-28 21:00:00,28.32,74.91,1.61,0.0
2024-04-28 22:00:00,27.97,76.82,1.74,0.0
2024-04-28 23:00:00,27.73,77.05,2.03,0.0
2024-04-29 00:00:00,27.57,75.45,2.29,0.0
2024-04-29 01:00:00,28.99,64.71,3.59,78.0
2024-04-29 02:00:00,31.92,43.92,4.82,242.7
2024-04-29 03:00:00,35.26,28.09,4.9,443.12
2024-04-29 04:00:00,38.31,20.97,4.21,627.88
2024-04-29 05:00:00,40.93,18.02,3.51,793.62
2024-04-29 06:00:00,42.46,16.83,3.49,916.53
2024-04-29 07:00:00,43.21,16.53,4.24,923.72
2024-04-29 08:00:00,43.2,16.77,5.25,884.97
2024-04-29 09:00:00,42.66,17.24,6.24,743.53
2024-04-29 10:00:00,41.58,17.99,7.03,564.0
2024-04-29 11:00:00,40.04,19.18,7.5,347.83
2024-04-29 12:00:00,38.02,21.1,7.59,132.5
2024-04-29 13:00:00,35.33,25.45,6.41,8.23
2024-04-29 14:00:00,33.21,31.76,4.62,0.0
2024-04-29 15:00:00,31.76,38.1,2.98,0.0
2024-04-29 16:00:00,30.56,44.96,1.9,0.0
2024-04-29 17:00:00,29.61,52.16,1.52,0.0
2024-04-29 18:00:00,28.83,59.56,1.26,0.0
2024-04-29 19:00:00,28.17,66.75,1.11,0.0
2024-04-29 20:00:00,27.59,73.31,1.04,0.0
2024-04-29 21:00:00,27.08,78.96,1.0,0.0
2024-04-29 22:00:00,26.75,82.42,0.93,0.0
2024-04-29 23:00:00,26.48,83.67,0.93,0.0
2024-04-30 00:00:00,26.08,83.57,1.21,0.0
2024-04-30 01:00:00,27.39,73.29,1.88,97.25
2024-04-30 02:00:00,30.54,52.46,2.3,297.85
2024-04-30 03:00:00,35.21,29.15,3.39,514.2
2024-04-30 04:00:00,38.51,20.59,3.59,714.62
2024-04-30 05:00:00,40.79,17.23,3.52,865.17
2024-04-30 06:00:00,42.32,15.71,3.99,952.33
2024-04-30 07:00:00,43.06,15.36,4.88,966.2
2024-04-30 08:00:00,43.05,15.61,5.77,894.62
2024-04-30 09:00:00,42.51,15.93,6.35,777.03
2024-04-30 10:00:00,41.51,16.37,6.59,595.55
2024-04-30 11:00:00,40.02,17.26,6.54,372.98
2024-04-30 12:00:00,38.02,19.01,6.18,145.7
2024-04-30 13:00:00,35.22,24.05,4.77,8.88
2024-04-30 14:00:00,32.97,32.79,3.97,0.0
2024-04-30 15:00:00,31.41,42.78,3.66,0.0
2024-04-30 16:00:00,30.11,53.72,3.25,0.0
2024-04-30 17:00:00,29.1,62.94,2.61,0.0
2024-04-30 18:00:00,28.3,70.23,2.08,0.0
2024-04-30 19:00:00,27.73,75.38,1.81,0.0
2024-04-30 20:00:00,27.32,78.6,1.63,0.0
2024-04-30 21:00:00,26.97,80.56,1.43,0.0
2024-04-30 22:00:00,26.69,81.31,1.32,0.0
2024-04-30 23:00:00,26.42,82.13,1.36,0.0
2024-05-01 00:00:00,26.16,83.21,1.39,0.0
2024-05-01 01:00:00,27.52,75.91,1.44,104.25
2024-05-01 02:00:00,30.34,54.23,2.35,319.17
2024-05-01 03:00:00,33.85,31.91,3.14,551.9
2024-05-01 04:00:00,36.56,22.85,3.32,802.35
2024-05-01 05:00:00,38.41,19.12,3.78,903.8
2024-05-01 06:00:00,39.68,17.13,4.4,984.22
2024-05-01 07:00:00,40.28,16.28,5.07,1014.58
2024-05-01 08:00:00,40.2,16.21,5.64,969.4
2024-05-01 09:00:00,39.62,16.71,6.0,821.85
2024-05-01 10:00:00,38.7,17.48,6.12,635.08
2024-05-01 11:00:00,37.31,19.12,5.94,407.58
2024-05-01 12:00:00,35.31,22.42,5.52,167.62
2024-05-01 13:00:00,32.49,30.71,4.12,10.57
2024-05-01 14:00:00,30.2,44.11,2.9,0.0
2024-05-01 15:00:00,28.74,55.19,2.19,0.0
2024-05-01 16:00:00,27.71,64.34,1.95,0.0
2024-05-01 17:00:00,26.98,71.53,1.85,0.0
2024-05-01 18:00:00,26.41,77.34,1.68,0.0
2024-05-01 19:00:00,25.96,81.82,1.45,0.0
2024-05-01 20:00:00,25.57,85.21,1.37,0.0
2024-05-01 21:00:00,25.31,87.56,1.38,0.0
2024-05-01 22:00:00,24.94,90.23,1.21,0.0
2024-05-01 23:00:00,24.75,91.64,1.02,0.0
2024-05-02 00:00:00,24.59,92.26,0.83,0.0
2024-05-02 01:00:00,25.86,84.16,0.56,114.4
2024-05-02 02:00:00,28.85,60.15,1.49,336.23
2024-05-02 03:00:00,32.48,36.52,2.55,567.67
2024-05-02 04:00:00,35.46,25.14,2.56,778.22
2024-05-02 05:00:00,37.72,20.02,2.42,922.7
2024-05-02 06:00:00,39.38,17.09,2.67,1001.7
2024-05-02 07:00:00,40.34,16.18,3.33,1030.57
2024-05-02 08:00:00,40.56,16.4,3.97,957.6
2024-05-02 09:00:00,40.16,17.16,4.55,824.7
2024-05-02 10:00:00,39.15,18.4,5.06,633.88
2024-05-02 11:00:00,37.5,20.63,5.33,403.05
2024-05-02 12:00:00,35.24,24.12,5.36,163.88
2024-05-02 13:00:00,32.28,31.23,4.82,10.65
2024-05-02 14:00:00,30.02,41.83,3.81,0.0
2024-05-02 15:00:00,28.56,50.18,2.55,0.0
2024-05-02 16:00:00,27.45,56.58,2.04,0.0
2024-05-02 17:00:00,26.64,62.18,1.94,0.0
2024-05-02 18:00:00,26.01,67.38,1.83,0.0
2024-05-02 19:00:00,25.61,71.13,1.67,0.0
2024-05-02 20:00:00,25.34,73.66,1.46,0.0
2024-05-02 21:00:00,24.85,77.17,1.42,0.0
2024-05-02 22:00:00,24.41,80.58,1.45,0.0
2024-05-02 23:00:00,24.08,83.5,1.48,0.0
2024-05-03 00:00:00,23.84,85.73,1.44,0.0
2024-05-03 01:00:00,25.41,78.16,1.56,113.3
2024-05-03 02:00:00,28.1,61.18,2.28,331.6
2024-05-03 03:00:00,31.38,41.11,2.63,561.6
2024-05-03 04:00:00,34.33,29.36,2.63,770.45
2024-05-03 05:00:00,36.56,24.27,2.72,914.42
2024-05-03 06:00:00,38.19,21.81,3.2,993.1
2024-05-03 07:00:00,39.13,20.89,3.87,1007.53
2024-05-03 08:00:00,39.41,21.22,4.42,943.85
2024-05-03 09:00:00,39.08,22.19,4.89,837.83
2024-05-03 10:00:00,38.27,23.66,5.15,621.75
2024-05-03 11:00:00,36.97,25.97,5.16,394.2
2024-05-03 12:00:00,35.13,29.31,5.06,159.12
2024-05-03 13:00:00,32.43,36.5,4.77,10.38
2024-05-03 14:00:00,30.21,46.85,4.48,0.0
2024-05-03 15:00:00,28.86,54.56,3.6,0.0
2024-05-03 16:00:00,27.83,60.61,2.45,0.0
2024-05-03 17:00:00,27.0,65.63,1.96,0.0
2024-05-03 18:00:00,26.38,69.61,1.76,0.0
2024-05-03 19:00:00,25.9,72.84,1.56,0.0
2024-05-03 20:00:00,25.52,75.61,1.36,0.0
2024-05-03 21:00:00,25.15,78.44,1.3,0.0
2024-05-03 22:00:00,24.83,81.2,1.24,0.0
2024-05-03 23:00:00,24.57,83.66,1.16,0.0
2024-05-04 00:00:00,24.36,85.96,1.08,0.0
2024-05-04 01:00:00,25.61,80.92,1.21,114.97
2024-05-04 02:00:00,28.25,65.93,2.22,325.25
2024-05-04 03:00:00,31.41,48.92,3.07,546.3
2024-05-04 04:00:00,34.18,37.99,3.29,764.78
2024-05-04 05:00:00,36.34,32.18,3.2,905.55
2024-05-04 06:00:00,38.0,28.94,3.35,984.1
2024-05-04 07:00:00,39.08,27.21,3.98,985.97
2024-05-04 08:00:00,39.44,26.99,4.76,922.8
2024-05-04 09:00:00,39.21,27.25,5.39,779.8
2024-05-04 10:00:00,38.51,27.36,5.79,601.95
2024-05-04 11:00:00,37.3,28.42,6.01,375.65
2024-05-04 12:00:00,35.44,31.59,5.97,152.98
2024-05-04 13:00:00,32.79,39.62,5.31,10.43
2024-05-04 14:00:00,30.61,50.62,4.32,0.0
2024-05-04 15:00:00,29.16,60.07,3.27,0.0
2024-05-04 16:00:00,28.16,68.17,2.51,0.0
2024-05-04 17:00:00,27.54,74.66,2.21,0.0
2024-05-04 18:00:00,27.08,80.1,2.06,0.0
2024-05-04 19:00:00,26.7,84.82,1.84,0.0
2024-05-04 20:00:00,26.35,88.95,1.62,0.0
2024-05-04 21:00:00,26.17,91.48,1.29,0.0
2024-05-04 22:00:00,26.25,91.89,0.83,0.0
2024-05-04 23:00:00,26.33,91.78,0.31,0.0
2024-05-05 00:00:00,26.27,91.99,0.31,0.0
2024-05-05 01:00:00,27.2,86.4,0.57,113.28
2024-05-05 02:00:00,29.8,67.88,1.09,323.38
2024-05-05 03:00:00,33.44,46.86,2.42,551.0
2024-05-05 04:00:00,36.34,36.63,3.05,787.03
2024-05-05 05:00:00,38.54,30.92,3.66,895.67
2024-05-05 06:00:00,40.07,27.78,4.38,974.75
2024-05-05 07:00:00,40.85,26.25,5.29,988.08
2024-05-05 08:00:00,40.86,25.91,6.14,949.65
2024-05-05 09:00:00,40.28,26.16,6.79,799.2
2024-05-05 10:00:00,39.24,26.72,7.07,616.7
2024-05-05 11:00:00,37.8,27.84,7.08,391.02
2024-05-05 12:00:00,35.84,30.52,6.89,162.15
2024-05-05 13:00:00,33.23,37.13,6.2,11.0
2024-05-05 14:00:00,31.15,47.59,5.31,0.0
2024-05-05 15:00:00,29.84,56.64,4.49,0.0
2024-05-05 16:00:00,28.93,64.4,3.55,0.0
2024-05-05 17:00:00,28.21,71.09,2.61,0.0
2024-05-05 18:00:00,27.61,76.92,2.06,0.0
2024-05-05 19:00:00,27.24,81.08,1.82,0.0
2024-05-05 20:00:00,26.88,84.73,1.66,0.0
2024-05-05 21:00:00,26.62,87.53,1.61,0.0
2024-05-05 22:00:00,26.48,89.39,1.69,0.0
2024-05-05 23:00:00,26.53,90.1,1.75,0.0
2024-05-06 00:00:00,26.55,90.72,1.9,3.12
2024-05-06 01:00:00,27.91,82.82,3.21,106.3
2024-05-06 02:00:00,29.91,70.96,3.7,320.15
2024-05-06 03:00:00,32.4,57.74,3.83,551.95
2024-05-06 04:00:00,34.9,46.45,3.93,748.88
2024-05-06 05:00:00,36.92,38.41,4.13,898.95
2024-05-06 06:00:00,38.36,32.78,4.57,973.65
2024-05-06 07:00:00,39.15,29.36,5.09,988.38
2024-05-06 08:00:00,39.3,27.77,5.61,900.08
2024-05-06 09:00:00,38.79,27.58,6.03,800.38
2024-05-06 10:00:00,37.8,28.54,6.2,619.8
2024-05-06 11:00:00,36.35,30.93,6.09,398.7
2024-05-06 12:00:00,34.45,35.23,5.76,166.38
2024-05-06 13:00:00,32.03,43.76,5.15,11.73
2024-05-06 14:00:00,30.21,54.25,4.59,0.0
2024-05-06 15:00:00,29.08,62.9,3.91,0.0
2024-05-06 16:00:00,28.35,69.76,3.17,0.0
2024-05-06 17:00:00,27.81,75.41,2.5,0.0
2024-05-06 18:00:00,27.34,80.16,2.07,0.0
2024-05-06 19:00:00,26.92,84.14,1.83,0.0
2024-05-06 20:00:00,26.6,87.08,1.8,0.0
2024-05-06 21:00:00,26.43,88.39,1.88,0.0
2024-05-06 22:00:00,26.42,88.43,1.92,0.0
2024-05-06 23:00:00,26.33,88.84,1.88,0.0
2024-05-07 00:00:00,26.22,89.2,1.82,3.3
2024-05-07 01:00:00,27.51,81.76,2.38,106.15
2024-05-07 02:00:00,29.45,70.01,2.5,304.38
2024-05-07 03:00:00,32.19,54.8,2.74,521.65
2024-05-07 04:00:00,35.21,41.56,2.92,727.67
2024-05-07 05:00:00,37.33,35.46,3.01,882.6
2024-05-07 06:00:00,38.74,31.74,3.49,970.15
2024-05-07 07:00:00,39.47,29.86,4.23,977.2
2024-05-07 08:00:00,39.5,29.73,4.99,913.62
2024-05-07 09:00:00,38.87,31.01,5.58,787.2
2024-05-07 10:00:00,37.72,33.45,5.91,606.17
2024-05-07 11:00:00,36.11,37.3,5.91,373.77
2024-05-07 12:00:00,34.11,43.03,5.68,153.95
2024-05-07 13:00:00,31.79,52.24,5.23,11.23
2024-05-07 14:00:00,30.2,61.71,4.71,0.0
2024-05-07 15:00:00,29.22,68.46,3.93,0.0
2024-05-07 16:00:00,28.51,73.66,3.18,0.0
2024-05-07 17:00:00,27.95,77.9,2.7,0.0
2024-05-07 18:00:00,27.51,81.05,2.44,0.0
2024-05-07 19:00:00,27.12,83.44,2.14,0.0
2024-05-07 20:00:00,26.77,84.81,1.8,0.0
2024-05-07 21:00:00,26.66,84.74,1.61,0.0
2024-05-07 22:00:00,26.45,84.79,1.37,0.0
2024-05-07 23:00:00,26.22,84.79,1.18,0.0
2024-05-08 00:00:00,26.13,83.97,0.88,3.22
2024-05-08 01:00:00,27.0,78.58,0.81,98.38
2024-05-08 02:00:00,29.24,62.69,1.4,281.55
2024-05-08 03:00:00,32.59,44.17,2.4,535.4
2024-05-08 04:00:00,35.37,34.6,2.78,743.47
2024-05-08 05:00:00,37.66,28.74,2.64,893.03
2024-05-08 06:00:00,39.47,24.66,2.66,975.65
2024-05-08 07:00:00,40.52,23.1,3.42,969.12
2024-05-08 08:00:00,40.67,23.47,4.51,919.03
2024-05-08 09:00:00,39.93,25.3,5.48,817.45
2024-05-08 10:00:00,38.58,28.39,6.13,603.83
2024-05-08 11:00:00,36.68,33.0,6.48,378.52
2024-05-08 12:00:00,34.27,39.75,6.47,156.02
2024-05-08 13:00:00,31.56,49.92,5.75,11.57
2024-05-08 14:00:00,29.81,59.44,4.53,0.0
2024-05-08 15:00:00,28.99,64.75,3.35,0.0
2024-05-08 16:00:00,28.49,68.46,2.44,0.0
2024-05-08 17:00:00,28.0,72.27,1.81,0.0
2024-05-08 18:00:00,27.48,75.63,1.54,0.0
2024-05-08 19:00:00,27.0,78.76,1.5,0.0
2024-05-08 20:00:00,26.59,81.53,1.35,0.0
2024-05-08 21:00:00,26.27,83.74,1.16,0.0
2024-05-08 22:00:00,26.01,85.45,0.98,0.0
2024-05-08 23:00:00,25.74,87.05,0.93,0.0
2024-05-09 00:00:00,25.5,88.31,0.96,3.35
2024-05-09 01:00:00,26.65,81.76,1.2,95.18
2024-05-09 02:00:00,29.14,62.9,1.44,273.83
2024-05-09 03:00:00,32.06,47.87,1.59,525.1
2024-05-09 04:00:00,34.65,39.23,1.54,720.92
2024-05-09 05:00:00,37.3,31.46,1.93,856.22
2024-05-09 06:00:00,38.89,28.18,3.34,943.58
2024-05-09 07:00:00,39.29,28.49,4.78,936.2
2024-05-09 08:00:00,38.95,30.37,5.95,925.58
2024-05-09 09:00:00,38.0,33.28,6.69,754.58
2024-05-09 10:00:00,36.7,36.8,6.89,572.85
2024-05-09 11:00:00,35.13,41.21,6.57,356.88
2024-05-09 12:00:00,33.26,46.89,5.87,140.38
2024-05-09 13:00:00,31.18,54.87,5.0,10.8
2024-05-09 14:00:00,29.83,61.75,4.15,0.0
2024-05-09 15:00:00,29.09,65.84,3.23,0.0
2024-05-09 16:00:00,28.63,68.37,2.46,0.0
2024-05-09 17:00:00,28.23,70.55,1.99,0.0
2024-05-09 18:00:00,27.84,72.94,1.71,0.0
2024-05-09 19:00:00,27.44,75.48,1.72,0.0
2024-05-09 20:00:00,27.1,77.88,1.82,0.0
2024-05-09 21:00:00,26.83,79.9,1.93,0.0
2024-05-09 22:00:00,26.61,81.55,1.95,0.0
2024-05-09 23:00:00,26.48,82.36,1.79,0.0
2024-05-10 00:00:00,26.48,82.06,1.57,3.35
2024-05-10 01:00:00,27.52,76.37,1.74,89.3
2024-05-10 02:00:00,29.34,65.41,1.31,276.12
2024-05-10 03:00:00,31.74,52.97,0.88,498.83
2024-05-10 04:00:00,34.48,42.74,0.46,689.5
2024-05-10 05:00:00,37.55,34.19,0.82,834.88
2024-05-10 06:00:00,39.55,30.03,2.29,910.4
2024-05-10 07:00:00,40.22,29.17,3.78,908.28
2024-05-10 08:00:00,39.97,30.11,5.03,840.42
2024-05-10 09:00:00,38.99,32.17,5.76,667.7
2024-05-10 10:00:00,37.73,34.38,5.91,465.62
2024-05-10 11:00:00,36.2,37.33,5.63,276.62
2024-05-10 12:00:00,34.3,41.6,5.2,105.6
2024-05-10 13:00:00,32.1,48.55,4.77,8.88
2024-05-10 14:00:00,30.5,55.93,4.43,0.0
2024-05-10 15:00:00,29.53,61.23,3.84,0.0
2024-05-10 16:00:00,28.98,64.42,3.33,0.0
2024-05-10 17:00:00,28.68,65.92,3.02,0.0
2024-05-10 18:00:00,28.43,67.1,2.83,0.0
2024-05-10 19:00:00,28.28,67.27,2.67,0.0
2024-05-10 20:00:00,28.15,67.27,2.47,0.0
2024-05-10 21:00:00,27.85,68.77,2.08,0.0
2024-05-10 22:00:00,27.54,70.8,1.73,0.0
2024-05-10 23:00:00,27.14,73.56,1.57,0.0
2024-05-11 00:00:00,26.9,75.55,1.55,3.12
2024-05-11 01:00:00,28.0,71.15,2.09,78.82
2024-05-11 02:00:00,29.93,60.62,2.41,247.6
2024-05-11 03:00:00,32.64,47.34,2.39,446.8
2024-05-11 04:00:00,35.58,36.76,1.82,666.05
2024-05-11 05:00:00,38.12,30.01,1.31,813.15
2024-05-11 06:00:00,39.78,27.12,2.05,892.7
2024-05-11 07:00:00,40.45,26.96,3.3,820.1
2024-05-11 08:00:00,40.26,28.38,4.42,775.6
2024-05-11 09:00:00,39.47,30.79,5.3,661.2
2024-05-11 10:00:00,38.26,34.05,5.93,485.02
2024-05-11 11:00:00,36.67,38.22,6.27,283.2
2024-05-11 12:00:00,34.73,43.31,6.37,102.95
2024-05-11 13:00:00,32.46,50.91,6.14,8.73
2024-05-11 14:00:00,30.85,58.43,5.57,0.0
2024-05-11 15:00:00,29.91,63.6,4.62,0.0
2024-05-11 16:00:00,29.37,67.01,3.67,0.0
2024-05-11 17:00:00,28.98,69.85,2.94,0.0
2024-05-11 18:00:00,28.61,72.75,2.41,0.0
2024-05-11 19:00:00,28.27,75.72,2.08,0.0
2024-05-11 20:00:00,27.97,78.59,1.97,0.0
2024-05-11 21:00:00,27.65,81.87,1.82,0.0
2024-05-11 22:00:00,27.32,84.98,1.57,0.0
2024-05-11 23:00:00,27.04,87.25,1.4,0.0
2024-05-12 00:00:00,26.82,88.72,1.25,3.12
2024-05-12 01:00:00,27.49,84.4,1.58,77.28
2024-05-12 02:00:00,28.73,74.88,1.63,250.98
2024-05-12 03:00:00,30.82,58.64,1.54,464.23
2024-05-12 04:00:00,33.0,47.28,1.31,666.5
2024-05-12 05:00:00,34.66,43.05,0.91,813.25
2024-05-12 06:00:00,36.01,40.32,0.72,897.12
2024-05-12 07:00:00,37.01,38.41,1.14,875.97
2024-05-12 08:00:00,37.5,37.72,1.8,817.33
2024-05-12 09:00:00,37.58,37.72,2.38,691.58
2024-05-12 10:00:00,37.22,38.44,2.73,514.55
2024-05-12 11:00:00,36.4,40.07,3.0,307.77
2024-05-12 12:00:00,34.91,44.04,3.63,118.43
2024-05-12 13:00:00,32.34,53.69,4.24,9.9
2024-05-12 14:00:00,30.3,62.95,4.72,0.0
2024-05-12 15:00:00,29.29,67.59,4.15,0.0
2024-05-12 16:00:00,28.82,69.99,3.2,0.0
2024-05-12 17:00:00,28.44,72.84,2.23,0.0
2024-05-12 18:00:00,28.1,76.0,1.58,0.0
2024-05-12 19:00:00,27.87,78.37,1.12,0.0
2024-05-12 20:00:00,27.7,77.19,0.71,0.0
2024-05-12 21:00:00,27.44,80.22,0.67,0.0
2024-05-12 22:00:00,27.39,80.14,0.71,0.0
2024-05-12 23:00:00,27.32,80.25,0.74,0.0
2024-05-13 00:00:00,27.09,82.05,1.0,3.53
2024-05-13 01:00:00,28.02,75.81,1.75,79.0
2024-05-13 02:00:00,29.79,65.02,2.35,228.82
2024-05-13 03:00:00,32.36,53.13,2.33,431.42
2024-05-13 04:00:00,34.82,45.22,1.9,628.17
2024-05-13 05:00:00,36.76,39.34,1.25,759.65
2024-05-13 06:00:00,38.15,35.38,0.52,863.85
2024-05-13 07:00:00,39.11,32.8,0.53,813.92
2024-05-13 08:00:00,39.44,31.91,1.14,809.85
2024-05-13 09:00:00,38.99,32.69,1.76,644.88
2024-05-13 10:00:00,38.15,34.38,2.27,481.3
2024-05-13 11:00:00,37.23,36.46,2.6,288.83
2024-05-13 12:00:00,35.86,40.38,3.13,114.32
2024-05-13 13:00:00,33.35,51.29,3.32,9.57
2024-05-13 14:00:00,31.52,59.99,4.12,0.0
2024-05-13 15:00:00,30.28,67.22,4.12,0.0
2024-05-13 16:00:00,29.42,72.42,3.72,0.0
2024-05-13 17:00:00,28.78,76.42,3.18,0.0
2024-05-13 18:00:00,28.26,79.77,2.64,0.0
2024-05-13 19:00:00,27.78,83.01,2.26,0.0
2024-05-13 20:00:00,27.36,85.82,2.14,0.0
2024-05-13 21:00:00,27.0,87.5,2.41,0.0
2024-05-13 22:00:00,26.76,87.9,2.64,0.0
2024-05-13 23:00:00,26.52,88.49,2.61,0.0
2024-05-14 00:00:00,26.32,88.75,2.56,3.67
2024-05-14 01:00:00,27.34,81.44,3.52,82.12
2024-05-14 02:00:00,29.52,67.09,4.15,253.02
2024-05-14 03:00:00,32.63,51.3,4.56,471.75
2024-05-14 04:00:00,35.32,41.21,3.99,662.2
2024-05-14 05:00:00,37.31,34.79,2.96,811.95
2024-05-14 06:00:00,38.8,30.61,1.81,887.55
2024-05-14 07:00:00,39.75,28.32,1.13,914.12
2024-05-14 08:00:00,40.26,27.51,1.61,914.55
2024-05-14 09:00:00,40.11,27.9,2.67,741.35
2024-05-14 10:00:00,39.3,29.64,3.67,561.22
2024-05-14 11:00:00,37.9,32.89,4.61,348.27
2024-05-14 12:00:00,35.68,39.63,5.55,138.02
2024-05-14 13:00:00,32.73,52.19,5.53,11.02
2024-05-14 14:00:00,30.83,63.45,5.02,0.0
2024-05-14 15:00:00,29.95,69.51,3.88,0.0
2024-05-14 16:00:00,29.38,74.34,2.57,0.0
2024-05-14 17:00:00,28.91,78.78,1.78,0.0
2024-05-14 18:00:00,28.5,82.46,1.4,0.0
2024-05-14 19:00:00,28.15,85.01,1.17,0.0
2024-05-14 20:00:00,27.87,86.61,0.96,0.0
2024-05-14 21:00:00,27.62,88.42,0.8,0.0
2024-05-14 22:00:00,27.42,88.57,0.75,0.0
2024-05-14 23:00:00,27.15,89.5,1.01,0.0
2024-05-15 00:00:00,26.88,90.46,1.29,4.1
2024-05-15 01:00:00,28.14,82.15,1.56,102.03
2024-05-15 02:00:00,30.26,65.71,1.7,305.65
2024-05-15 03:00:00,32.54,53.58,1.83,523.62
2024-05-15 04:00:00,34.64,45.36,1.89,781.8
2024-05-15 05:00:00,36.31,39.55,1.72,857.4
2024-05-15 06:00:00,37.66,35.67,1.3,933.42
2024-05-15 07:00:00,38.54,33.54,0.95,936.33
2024-05-15 08:00:00,38.95,32.78,1.24,923.95
2024-05-15 09:00:00,38.8,33.31,1.91,744.1
2024-05-15 10:00:00,38.11,34.96,2.68,563.92
2024-05-15 11:00:00,36.96,37.81,3.47,345.17
2024-05-15 12:00:00,35.22,43.52,4.63,133.38
2024-05-15 13:00:00,32.61,55.26,4.88,10.7
2024-05-15 14:00:00,30.95,65.24,4.65,0.0
2024-05-15 15:00:00,30.25,70.68,3.62,0.0
2024-05-15 16:00:00,29.86,75.08,2.29,0.0
2024-05-15 17:00:00,29.66,77.92,1.49,0.0
2024-05-15 18:00:00,29.6,76.81,1.19,0.0
2024-05-15 19:00:00,29.46,76.25,1.1,0.0
2024-05-15 20:00:00,29.24,76.82,1.07,0.0
2024-05-15 21:00:00,29.0,78.02,1.04,0.0
2024-05-15 22:00:00,28.67,79.56,1.02,0.0
2024-05-15 23:00:00,28.27,83.87,1.05,0.0
2024-05-16 00:00:00,28.05,86.7,1.15,4.05
2024-05-16 01:00:00,28.79,80.12,1.63,93.8
2024-05-16 02:00:00,30.59,65.17,2.41,278.25
2024-05-16 03:00:00,33.07,52.13,2.76,489.52
2024-05-16 04:00:00,35.39,43.87,2.6,672.38
2024-05-16 05:00:00,37.25,37.96,2.27,805.62
2024-05-16 06:00:00,38.67,33.74,2.0,897.55
2024-05-16 07:00:00,39.67,31.05,1.79,902.3
2024-05-16 08:00:00,40.1,29.69,1.68,830.88
2024-05-16 09:00:00,39.83,29.98,1.89,711.75
2024-05-16 10:00:00,38.84,32.15,2.64,530.53
2024-05-16 11:00:00,37.38,36.28,3.83,317.67
2024-05-16 12:00:00,35.26,44.87,4.86,120.85
2024-05-16 13:00:00,32.98,57.35,4.69,10.38
2024-05-16 14:00:00,31.53,66.14,4.17,0.0
2024-05-16 15:00:00,30.73,71.88,3.13,0.0
2024-05-16 16:00:00,30.24,76.67,2.04,0.0
2024-05-16 17:00:00,29.95,80.44,1.31,0.0
2024-05-16 18:00:00,29.82,81.44,0.85,0.0
2024-05-16 19:00:00,29.56,82.44,0.7,0.0
2024-05-16 20:00:00,29.18,86.42,0.76,0.0
2024-05-16 21:00:00,28.79,89.83,1.02,0.0
2024-05-16 22:00:00,28.49,90.69,1.32,0.0
2024-05-16 23:00:00,28.23,91.09,1.49,0.0
2024-05-17 00:00:00,28.08,90.82,1.54,3.4
2024-05-17 01:00:00,28.9,85.14,1.87,80.7
2024-05-17 02:00:00,30.52,70.7,1.11,222.45
2024-05-17 03:00:00,33.04,50.66,1.12,437.25
2024-05-17 04:00:00,34.81,43.97,1.22,626.6
2024-05-17 05:00:00,36.13,40.31,1.34,774.3
2024-05-17 06:00:00,36.99,38.02,1.79,882.65
2024-05-17 07:00:00,37.52,36.64,2.37,882.85
2024-05-17 08:00:00,37.47,36.51,2.86,865.0
2024-05-17 09:00:00,37.16,37.05,3.53,700.28
2024-05-17 10:00:00,36.58,38.07,4.43,521.47
2024-05-17 11:00:00,35.59,40.41,5.2,315.6
2024-05-17 12:00:00,34.08,45.25,5.42,122.68
2024-05-17 13:00:00,31.83,57.38,4.31,10.98
2024-05-17 14:00:00,30.38,68.99,3.28,0.0
2024-05-17 15:00:00,29.7,77.06,2.19,0.0
2024-05-17 16:00:00,29.4,82.3,1.5,0.0
2024-05-17 17:00:00,29.2,84.82,1.13,0.0
2024-05-17 18:00:00,28.88,86.57,1.03,0.0
2024-05-17 19:00:00,28.55,88.83,0.95,0.0
2024-05-17 20:00:00,28.35,90.09,0.76,0.0
2024-05-17 21:00:00,28.33,89.81,0.34,0.0
2024-05-17 22:00:00,28.29,88.84,0.16,0.0
2024-05-17 23:00:00,28.11,88.25,0.56,0.0
2024-05-18 00:00:00,27.92,88.34,0.9,3.92
2024-05-18 01:00:00,28.88,83.5,1.34,83.0
2024-05-18 02:00:00,31.38,61.41,0.29,256.88
2024-05-18 03:00:00,34.08,45.78,0.55,458.33
2024-05-18 04:00:00,36.02,40.12,0.79,640.2
2024-05-18 05:00:00,37.6,35.99,0.88,776.05
2024-05-18 06:00:00,38.88,32.91,0.97,851.1
2024-05-18 07:00:00,39.85,30.82,1.32,876.03
2024-05-18 08:00:00,40.04,30.35,2.04,819.65
2024-05-18 09:00:00,39.78,31.0,3.34,695.42
2024-05-18 10:00:00,39.21,32.5,4.96,520.53
2024-05-18 11:00:00,37.54,36.31,6.25,308.08
2024-05-18 12:00:00,35.35,42.49,6.83,116.53
2024-05-18 13:00:00,32.71,53.57,6.16,10.35
2024-05-18 14:00:00,31.06,63.97,4.89,0.0
2024-05-18 15:00:00,30.31,70.92,3.3,0.0
2024-05-18 16:00:00,29.79,77.45,2.2,0.0
2024-05-18 17:00:00,29.37,81.89,1.69,0.0
2024-05-18 18:00:00,29.16,83.3,1.5,0.0
2024-05-18 19:00:00,28.96,84.04,1.39,0.0
2024-05-18 20:00:00,28.73,85.1,1.36,0.0
2024-05-18 21:00:00,28.49,86.02,1.31,0.0
2024-05-18 22:00:00,28.33,86.42,1.18,0.0
2024-05-18 23:00:00,28.22,86.18,0.92,0.0
2024-05-19 00:00:00,28.15,86.17,0.73,4.12
2024-05-19 01:00:00,29.06,81.37,0.83,93.57
2024-05-19 02:00:00,31.55,58.91,0.35,270.67
2024-05-19 03:00:00,34.16,43.87,0.98,503.9
2024-05-19 04:00:00,36.1,38.23,1.25,700.15
2024-05-19 05:00:00,37.8,34.02,1.5,832.95
2024-05-19 06:00:00,39.12,31.18,1.92,906.38
2024-05-19 07:00:00,40.06,29.56,2.58,906.15
2024-05-19 08:00:00,40.47,29.13,3.36,851.15
2024-05-19 09:00:00,40.26,29.95,4.34,773.3
2024-05-19 10:00:00,39.39,32.07,5.22,549.42
2024-05-19 11:00:00,37.92,35.65,5.9,338.17
2024-05-19 12:00:00,35.77,41.64,6.3,133.95
2024-05-19 13:00:00,33.09,52.03,5.84,11.15
2024-05-19 14:00:00,31.23,62.49,4.8,0.0
2024-05-19 15:00:00,30.34,68.32,3.37,0.0
2024-05-19 16:00:00,29.87,72.6,1.95,0.0
2024-05-19 17:00:00,29.47,76.43,1.12,0.0
2024-05-19 18:00:00,29.15,79.16,0.91,0.0
2024-05-19 19:00:00,28.83,81.24,0.95,0.0
2024-05-19 20:00:00,28.57,83.29,1.16,0.0
2024-05-19 21:00:00,28.46,84.06,1.39,0.0
2024-05-19 22:00:00,28.42,84.42,1.6,0.0
2024-05-19 23:00:00,28.27,85.19,1.71,0.0
2024-05-20 00:00:00,28.13,86.22,1.68,4.5
2024-05-20 01:00:00,29.1,81.06,1.83,94.6
2024-05-20 02:00:00,30.51,71.15,1.09,264.98
2024-05-20 03:00:00,33.15,53.54,0.81,451.35
2024-05-20 04:00:00,35.67,42.38,1.28,635.55
2024-05-20 05:00:00,37.61,36.47,1.65,795.5
2024-05-20 06:00:00,39.12,32.7,2.26,904.5
2024-05-20 07:00:00,40.11,30.76,3.17,917.0
2024-05-20 08:00:00,40.37,30.43,4.3,866.55
2024-05-20 09:00:00,39.83,31.75,5.46,726.3
2024-05-20 10:00:00,38.65,34.56,6.27,550.75
2024-05-20 11:00:00,37.0,38.75,6.52,339.08
2024-05-20 12:00:00,34.92,45.13,6.17,139.65
2024-05-20 13:00:00,32.57,55.69,5.18,13.1
2024-05-20 14:00:00,30.99,66.82,4.11,0.0
2024-05-20 15:00:00,30.2,73.87,3.1,0.0
2024-05-20 16:00:00,29.71,78.13,2.33,0.0
2024-05-20 17:00:00,29.33,81.36,1.89,0.0
2024-05-20 18:00:00,28.99,84.0,1.64,0.0
2024-05-20 19:00:00,28.69,86.27,1.43,0.0
2024-05-20 20:00:00,28.44,88.34,1.4,0.0
2024-05-20 21:00:00,28.34,88.27,1.59,0.0
2024-05-20 22:00:00,28.37,87.59,1.75,0.0
2024-05-20 23:00:00,28.36,87.06,1.72,0.0
2024-05-21 00:00:00,28.33,86.93,1.53,4.95
2024-05-21 01:00:00,29.02,82.85,1.64,102.07
2024-05-21 02:00:00,30.03,76.68,0.81,295.17
2024-05-21 03:00:00,31.82,64.88,1.17,508.92
2024-05-21 04:00:00,33.7,55.02,2.26,699.47
2024-05-21 05:00:00,35.44,47.89,2.84,823.0
2024-05-21 06:00:00,37.17,41.67,3.35,908.3
2024-05-21 07:00:00,38.62,37.04,3.88,920.88
2024-05-21 08:00:00,39.31,34.93,4.48,846.72
2024-05-21 09:00:00,39.22,34.87,5.26,733.38
2024-05-21 10:00:00,38.48,36.3,6.0,562.42
2024-05-21 11:00:00,37.17,39.39,6.48,346.6
2024-05-21 12:00:00,35.24,45.32,6.44,143.48
2024-05-21 13:00:00,32.9,55.34,5.46,13.38
2024-05-21 14:00:00,31.31,65.26,4.22,0.0
2024-05-21 15:00:00,30.5,72.38,3.04,0.0
2024-05-21 16:00:00,30.05,77.18,2.31,0.0
2024-05-21 17:00:00,29.75,80.84,2.0,0.0
2024-05-21 18:00:00,29.42,84.27,1.74,0.0
2024-05-21 19:00:00,29.13,86.61,1.69,0.0
2024-05-21 20:00:00,28.93,87.94,2.14,0.0
2024-05-21 21:00:00,28.74,88.6,2.9,0.0
2024-05-21 22:00:00,28.56,89.03,3.2,0.0
2024-05-21 23:00:00,28.38,89.34,3.01,0.0
2024-05-22 00:00:00,28.23,89.55,2.59,4.8
2024-05-22 01:00:00,28.97,84.82,2.77,95.97
2024-05-22 02:00:00,30.37,76.17,2.46,267.08
2024-05-22 03:00:00,32.06,66.89,1.83,463.9
2024-05-22 04:00:00,33.97,57.18,1.15,662.85
2024-05-22 05:00:00,36.5,45.28,1.42,777.8
2024-05-22 06:00:00,38.49,38.06,1.82,883.7
2024-05-22 07:00:00,39.87,34.3,2.26,858.95
2024-05-22 08:00:00,40.68,32.55,3.08,700.15
2024-05-22 09:00:00,40.64,33.16,4.0,683.4
2024-05-22 10:00:00,39.73,36.25,4.83,525.33
2024-05-22 11:00:00,38.14,41.68,5.25,321.75
2024-05-22 12:00:00,36.11,49.25,5.0,128.32
2024-05-22 13:00:00,33.99,58.72,3.98,12.8
2024-05-22 14:00:00,32.44,67.11,2.71,0.0
2024-05-22 15:00:00,31.52,72.07,2.14,0.0
2024-05-22 16:00:00,31.0,74.49,3.11,0.0
2024-05-22 17:00:00,30.56,75.87,3.76,0.0
2024-05-22 18:00:00,30.12,76.58,3.31,0.0
2024-05-22 19:00:00,29.74,77.43,2.02,0.0
2024-05-22 20:00:00,29.45,79.02,0.75,0.0
2024-05-22 21:00:00,29.12,82.62,0.96,0.0
2024-05-22 22:00:00,28.86,84.07,1.31,0.0
2024-05-22 23:00:00,28.74,83.66,1.4,0.0
2024-05-23 00:00:00,28.76,82.18,1.23,4.85
2024-05-23 01:00:00,30.07,74.89,1.3,95.88
2024-05-23 02:00:00,32.7,58.54,1.28,280.15
2024-05-23 03:00:00,35.08,47.68,1.72,499.58
2024-05-23 04:00:00,37.07,40.86,2.21,692.1
2024-05-23 05:00:00,38.64,36.19,2.9,833.45
2024-05-23 06:00:00,39.61,33.68,3.74,905.83
2024-05-23 07:00:00,40.08,32.67,4.6,906.62
2024-05-23 08:00:00,39.99,32.97,5.33,845.8
2024-05-23 09:00:00,39.4,33.96,5.9,722.53
2024-05-23 10:00:00,38.53,35.3,6.09,538.0
2024-05-23 11:00:00,37.35,37.26,5.81,320.27
2024-05-23 12:00:00,35.72,40.99,5.21,136.35
2024-05-23 13:00:00,33.45,49.48,4.33,14.05
2024-05-23 14:00:00,31.6,60.65,3.43,0.0
2024-05-23 15:00:00,30.56,68.75,2.61,0.0
2024-05-23 16:00:00,29.93,74.69,2.11,0.0
2024-05-23 17:00:00,29.47,79.27,1.99,0.0
2024-05-23 18:00:00,29.06,82.88,2.04,0.0
2024-05-23 19:00:00,28.7,85.86,1.93,0.0
2024-05-23 20:00:00,28.37,88.55,1.62,0.0
2024-05-23 21:00:00,28.12,90.02,1.44,0.0
2024-05-23 22:00:00,27.93,90.82,1.42,0.0
2024-05-23 23:00:00,27.78,91.44,1.44,0.0
2024-05-24 00:00:00,27.82,90.45,1.44,5.32
2024-05-24 01:00:00,28.97,83.4,1.9,108.4
2024-05-24 02:00:00,30.6,72.52,2.08,299.25
2024-05-24 03:00:00,32.71,60.14,2.38,509.25
2024-05-24 04:00:00,34.91,50.01,2.72,715.78
2024-05-24 05:00:00,36.87,42.51,3.17,839.2
2024-05-24 06:00:00,38.55,36.3,3.74,933.35
2024-05-24 07:00:00,39.5,33.43,4.3,904.22
2024-05-24 08:00:00,39.69,32.9,4.79,870.8
2024-05-24 09:00:00,39.02,34.38,5.35,751.3
2024-05-24 10:00:00,38.14,36.47,5.86,570.38
2024-05-24 11:00:00,36.78,39.78,6.1,362.0
2024-05-24 12:00:00,34.77,45.63,6.05,153.18
2024-05-24 13:00:00,32.43,55.27,5.54,15.1
2024-05-24 14:00:00,30.82,65.0,4.83,0.0
2024-05-24 15:00:00,29.96,71.52,4.21,0.0
2024-05-24 16:00:00,29.47,75.75,3.65,0.0
2024-05-24 17:00:00,29.11,78.96,3.07,0.0
2024-05-24 18:00:00,28.73,82.18,2.62,0.0
2024-05-24 19:00:00,28.4,84.85,2.52,0.0
2024-05-24 20:00:00,28.22,85.86,2.6,0.0
2024-05-24 21:00:00,28.14,86.27,2.64,0.0
2024-05-24 22:00:00,28.07,86.17,2.72,0.0
2024-05-24 23:00:00,28.02,85.75,2.74,0.0
2024-05-25 00:00:00,27.99,85.42,2.61,5.1
2024-05-25 01:00:00,28.93,79.77,3.53,93.53
2024-05-25 02:00:00,30.35,70.94,3.65,255.4
2024-05-25 03:00:00,32.16,60.52,3.68,456.55
2024-05-25 04:00:00,34.09,49.79,3.99,643.62
2024-05-25 05:00:00,35.49,42.38,4.43,781.83
2024-05-25 06:00:00,36.19,39.28,4.84,894.65
2024-05-25 07:00:00,36.58,38.09,5.35,919.22
2024-05-25 08:00:00,37.26,36.37,5.77,783.08
2024-05-25 09:00:00,37.19,36.04,5.95,693.38
2024-05-25 10:00:00,36.5,37.46,5.96,546.42
2024-05-25 11:00:00,35.32,40.71,5.78,330.02
2024-05-25 12:00:00,33.64,47.05,5.41,141.5
2024-05-25 13:00:00,31.64,57.66,4.99,15.32
2024-05-25 14:00:00,30.29,68.29,4.77,0.0
2024-05-25 15:00:00,29.56,75.3,4.49,0.0
2024-05-25 16:00:00,29.19,78.89,4.15,0.0
2024-05-25 17:00:00,29.03,80.08,4.04,0.0
2024-05-25 18:00:00,28.98,80.2,4.18,0.0
2024-05-25 19:00:00,28.91,80.6,4.0,0.0
2024-05-25 20:00:00,28.89,80.44,3.34,0.0
2024-05-25 21:00:00,28.91,79.83,3.14,0.0
2024-05-25 22:00:00,28.84,80.28,3.41,0.0
2024-05-25 23:00:00,28.7,81.36,3.61,0.0
2024-05-26 00:00:00,28.64,81.6,3.74,4.95
2024-05-26 01:00:00,28.98,78.87,4.37,83.32
2024-05-26 02:00:00,29.73,73.18,4.7,242.38
2024-05-26 03:00:00,30.94,66.27,4.27,416.65
2024-05-26 04:00:00,32.33,59.42,3.93,588.78
2024-05-26 05:00:00,34.21,51.26,4.26,725.58
2024-05-26 06:00:00,35.79,44.65,4.64,857.33
2024-05-26 07:00:00,36.94,40.36,4.95,838.9
2024-05-26 08:00:00,37.53,38.4,5.3,741.55
2024-05-26 09:00:00,37.37,38.44,5.85,659.3
2024-05-26 10:00:00,36.52,40.45,6.16,492.4
2024-05-26 11:00:00,35.18,44.06,5.99,276.45
2024-05-26 12:00:00,33.5,49.66,5.52,120.75
2024-05-26 13:00:00,31.67,58.17,4.81,14.25
2024-05-26 14:00:00,30.5,66.34,4.28,0.0
2024-05-26 15:00:00,29.83,72.36,3.88,0.0
2024-05-26 16:00:00,29.36,76.85,3.4,0.0
2024-05-26 17:00:00,29.07,79.62,3.05,0.0
2024-05-26 18:00:00,28.85,80.96,2.99,0.0
2024-05-26 19:00:00,28.75,81.42,3.14,0.0
2024-05-26 20:00:00,28.68,81.5,3.23,0.0
2024-05-26 21:00:00,28.61,81.75,3.37,0.0
2024-05-26 22:00:00,28.6,81.84,3.56,0.0
2024-05-26 23:00:00,28.57,82.0,3.57,0.0
2024-05-27 00:00:00,28.58,81.96,3.62,4.05
2024-05-27 01:00:00,29.42,77.22,4.61,76.57
2024-05-27 02:00:00,30.82,69.49,4.89,185.4
2024-05-27 03:00:00,32.63,60.83,4.82,314.7
2024-05-27 04:00:00,34.41,52.95,4.93,450.58
2024-05-27 05:00:00,35.96,46.14,5.24,556.12
2024-05-27 06:00:00,36.75,42.38,5.58,592.5
2024-05-27 07:00:00,36.98,41.1,5.87,570.6
2024-05-27 08:00:00,36.54,41.86,6.1,548.8
2024-05-27 09:00:00,36.12,43.02,6.45,556.22
2024-05-27 10:00:00,35.22,45.51,6.62,397.9
2024-05-27 11:00:00,34.03,49.37,6.38,228.88
2024-05-27 12:00:00,32.62,55.32,5.96,89.43
2024-05-27 13:00:00,31.07,63.41,5.39,11.48
2024-05-27 14:00:00,30.16,69.82,4.96,0.0
2024-05-27 15:00:00,29.83,73.01,4.67,0.0
2024-05-27 16:00:00,29.7,74.34,4.63,0.0
2024-05-27 17:00:00,29.7,74.25,4.85,0.0
2024-05-27 18:00:00,29.64,74.71,4.83,0.0
2024-05-27 19:00:00,29.53,75.4,4.74,0.0
2024-05-27 20:00:00,29.45,75.67,4.64,0.0
2024-05-27 21:00:00,29.32,76.25,4.69,0.0
2024-05-27 22:00:00,29.13,77.43,4.56,0.0
2024-05-27 23:00:00,28.97,78.29,4.37,0.0
2024-05-28 00:00:00,28.86,78.75,4.33,4.97
2024-05-28 01:00:00,29.6,74.3,5.27,92.43
2024-05-28 02:00:00,30.9,66.84,5.88,248.93
2024-05-28 03:00:00,32.65,59.45,5.82,481.23
2024-05-28 04:00:00,34.38,52.96,5.73,667.47
2024-05-28 05:00:00,35.74,48.12,5.82,792.75
2024-05-28 06:00:00,36.75,44.34,6.06,883.12
2024-05-28 07:00:00,37.1,43.14,6.3,815.6
2024-05-28 08:00:00,36.95,43.7,6.45,819.28
2024-05-28 09:00:00,36.37,45.34,6.58,692.12
2024-05-28 10:00:00,35.44,48.05,6.59,544.58
2024-05-28 11:00:00,34.23,51.79,6.31,314.88
2024-05-28 12:00:00,32.77,56.97,5.81,139.0
2024-05-28 13:00:00,31.34,63.02,5.25,15.93
2024-05-28 14:00:00,30.64,66.55,4.84,0.0
2024-05-28 15:00:00,30.45,67.49,4.44,0.0
2024-05-28 16:00:00,30.34,67.98,4.12,0.0
2024-05-28 17:00:00,30.18,68.98,3.89,0.0
2024-05-28 18:00:00,29.96,70.64,3.65,0.0
2024-05-28 19:00:00,29.71,72.74,3.47,0.0
2024-05-28 20:00:00,29.48,74.95,3.29,0.0
2024-05-28 21:00:00,29.29,76.78,3.36,0.0
2024-05-28 22:00:00,29.14,78.65,3.54,0.0
2024-05-28 23:00:00,29.0,80.63,3.49,0.0
2024-05-29 00:00:00,28.92,82.06,3.67,5.2
2024-05-29 01:00:00,29.66,78.31,4.83,94.12
2024-05-29 02:00:00,31.26,68.76,5.56,261.35
2024-05-29 03:00:00,32.86,61.34,5.59,477.65
2024-05-29 04:00:00,34.33,55.73,5.5,670.6
2024-05-29 05:00:00,35.62,51.36,5.57,803.7
2024-05-29 06:00:00,36.42,48.99,5.79,902.08
2024-05-29 07:00:00,36.73,48.03,6.13,913.08
2024-05-29 08:00:00,36.57,48.27,6.46,872.15
2024-05-29 09:00:00,36.12,49.29,6.66,756.6
2024-05-29 10:00:00,35.35,51.22,6.73,555.12
2024-05-29 11:00:00,34.16,54.86,6.59,353.55
2024-05-29 12:00:00,32.66,60.66,6.27,152.85
2024-05-29 13:00:00,31.02,67.96,5.6,16.9
2024-05-29 14:00:00,30.21,72.76,4.86,0.0
2024-05-29 15:00:00,29.91,75.08,4.22,0.0
2024-05-29 16:00:00,29.72,76.58,3.79,0.0
2024-05-29 17:00:00,29.5,77.84,3.57,0.0
2024-05-29 18:00:00,29.31,78.82,3.29,0.0
2024-05-29 19:00:00,29.14,79.7,3.01,0.0
2024-05-29 20:00:00,28.95,80.72,2.81,0.0
2024-05-29 21:00:00,28.74,81.78,2.78,0.0
2024-05-29 22:00:00,28.49,82.97,2.74,0.0
2024-05-29 23:00:00,28.36,83.64,2.66,0.0
2024-05-30 00:00:00,28.29,84.44,2.57,5.1
2024-05-30 01:00:00,29.26,79.33,3.74,90.2
2024-05-30 02:00:00,31.01,69.39,4.52,252.5
2024-05-30 03:00:00,32.83,61.0,4.85,486.0
2024-05-30 04:00:00,34.6,54.4,4.87,676.78
2024-05-30 05:00:00,36.1,49.05,4.92,803.9
2024-05-30 06:00:00,37.06,45.72,5.13,902.0
2024-05-30 07:00:00,37.51,44.21,5.45,918.3
2024-05-30 08:00:00,37.55,43.73,5.74,858.75
2024-05-30 09:00:00,37.08,44.68,6.11,736.35
2024-05-30 10:00:00,36.13,47.22,6.36,559.72
2024-05-30 11:00:00,34.8,51.2,6.3,337.55
2024-05-30 12:00:00,33.14,57.21,5.99,146.05
2024-05-30 13:00:00,31.42,64.37,5.41,16.83
2024-05-30 14:00:00,30.46,69.98,4.91,0.0
2024-05-30 15:00:00,30.02,72.98,4.27,0.0
2024-05-30 16:00:00,29.71,74.99,3.64,0.0
2024-05-30 17:00:00,29.43,76.77,3.14,0.0
2024-05-30 18:00:00,29.11,78.66,2.72,0.0
2024-05-30 19:00:00,28.88,79.78,2.45,0.0
2024-05-30 20:00:00,28.66,80.82,2.07,0.0
2024-05-30 21:00:00,28.44,82.26,1.92,0.0
2024-05-30 22:00:00,28.19,84.43,1.74,0.0
2024-05-30 23:00:00,27.9,86.73,1.59,0.0
2024-05-31 00:00:00,27.76,88.08,1.58,5.72
2024-05-31 01:00:00,28.9,82.33,2.47,106.12
2024-05-31 02:00:00,30.96,70.4,3.45,297.75
2024-05-31 03:00:00,33.07,60.14,3.62,513.7
2024-05-31 04:00:00,34.97,52.23,3.57,701.05
2024-05-31 05:00:00,36.63,45.76,3.84,837.03
2024-05-31 06:00:00,37.86,40.77,4.38,901.38
2024-05-31 07:00:00,38.51,38.11,5.04,919.35
2024-05-31 08:00:00,38.53,38.04,5.61,857.6
2024-05-31 09:00:00,38.01,39.55,6.02,748.92
2024-05-31 10:00:00,37.07,42.18,6.24,576.8
2024-05-31 11:00:00,35.66,47.04,6.24,370.75
2024-05-31 12:00:00,33.89,54.14,5.94,163.3
2024-05-31 13:00:00,31.96,63.4,5.29,18.25
2024-05-31 14:00:00,30.73,71.03,4.54,0.0
2024-05-31 15:00:00,30.09,75.31,3.92,0.0
2024-05-31 16:00:00,29.82,77.11,3.57,0.0
2024-05-31 17:00:00,29.59,78.61,3.35,0.0
2024-05-31 18:00:00,29.44,79.57,3.36,0.0
2024-05-31 19:00:00,29.28,80.53,3.3,0.0
2024-05-31 20:00:00,29.1,81.67,3.12,0.0
2024-05-31 21:00:00,28.89,83.15,3.02,0.0
2024-05-31 22:00:00,28.7,84.38,2.93,0.0
2024-05-31 23:00:00,28.55,85.66,2.74,0.0
2024-06-01 00:00:00,28.47,86.42,2.65,5.47
2024-06-01 01:00:00,29.43,80.18,3.57,102.07
2024-06-01 02:00:00,31.2,69.06,3.86,279.85
2024-06-01 03:00:00,33.05,59.78,3.83,468.88
2024-06-01 04:00:00,34.79,52.48,3.82,628.05
2024-06-01 05:00:00,36.32,46.54,4.01,792.72
2024-06-01 06:00:00,37.38,42.33,4.34,882.67
2024-06-01 07:00:00,38.01,39.67,4.76,879.5
2024-06-01 08:00:00,38.1,38.96,5.07,820.2
2024-06-01 09:00:00,37.73,39.41,5.27,725.12
2024-06-01 10:00:00,36.99,40.77,5.35,554.33
2024-06-01 11:00:00,35.78,43.97,5.32,338.7
2024-06-01 12:00:00,34.16,49.63,5.09,149.57
2024-06-01 13:00:00,32.46,57.15,4.71,17.48
2024-06-01 14:00:00,31.34,63.63,4.38,0.0
2024-06-01 15:00:00,30.73,67.51,4.1,0.0
2024-06-01 16:00:00,30.32,70.08,3.94,0.0
2024-06-01 17:00:00,30.05,71.78,3.92,0.0
2024-06-01 18:00:00,29.85,72.73,3.91,0.0
2024-06-01 19:00:00,29.61,74.0,3.56,0.0
2024-06-01 20:00:00,29.32,75.55,2.94,0.0
2024-06-01 21:00:00,29.04,77.26,2.42,0.0
2024-06-01 22:00:00,28.85,78.31,2.08,0.0
2024-06-01 23:00:00,28.76,77.96,1.8,0.0
2024-06-02 00:00:00,28.69,78.27,1.64,5.62
2024-06-02 01:00:00,29.55,73.45,2.33,104.22
2024-06-02 02:00:00,30.97,65.16,2.55,295.8
2024-06-02 03:00:00,32.62,57.53,2.53,508.77
2024-06-02 04:00:00,34.43,50.21,2.68,686.67
2024-06-02 05:00:00,36.15,43.6,3.08,811.7
2024-06-02 06:00:00,37.46,38.93,3.64,883.55
2024-06-02 07:00:00,38.17,36.71,4.38,889.0
2024-06-02 08:00:00,38.26,36.56,5.08,838.35
2024-06-02 09:00:00,37.81,37.71,5.59,698.55
2024-06-02 10:00:00,36.82,40.37,5.79,519.47
2024-06-02 11:00:00,35.48,44.2,5.54,333.08
2024-06-02 12:00:00,33.87,49.38,5.01,145.27
2024-06-02 13:00:00,32.15,55.95,4.52,17.6
2024-06-02 14:00:00,30.94,62.02,4.27,0.0
2024-06-02 15:00:00,30.2,66.59,3.86,0.0
2024-06-02 16:00:00,29.66,70.45,3.35,0.0
2024-06-02 17:00:00,29.29,73.32,2.89,0.0
2024-06-02 18:00:00,28.98,75.75,2.56,0.0
2024-06-02 19:00:00,28.76,77.68,2.41,0.0
2024-06-02 20:00:00,28.61,78.75,2.37,0.0
2024-06-02 21:00:00,28.55,78.8,2.44,0.0
2024-06-02 22:00:00,28.51,79.19,2.52,0.0
2024-06-02 23:00:00,28.44,79.78,2.38,0.0
2024-06-03 00:00:00,28.46,79.78,2.23,5.28
2024-06-03 01:00:00,29.27,75.41,2.66,78.03
2024-06-03 02:00:00,30.77,67.12,2.68,222.88
2024-06-03 03:00:00,32.49,59.4,2.64,393.3
2024-06-03 04:00:00,34.23,52.4,2.66,536.2
2024-06-03 05:00:00,35.66,47.37,2.92,684.85
2024-06-03 06:00:00,36.42,45.12,3.54,743.9
2024-06-03 07:00:00,36.51,45.12,4.3,675.58
2024-06-03 08:00:00,36.18,46.5,4.8,682.35
2024-06-03 09:00:00,35.41,48.84,4.87,588.55
2024-06-03 10:00:00,34.54,51.41,4.7,454.5
2024-06-03 11:00:00,33.57,54.36,4.52,288.62
2024-06-03 12:00:00,32.52,57.91,4.3,128.9
2024-06-03 13:00:00,31.42,62.44,4.08,16.45
2024-06-03 14:00:00,30.53,67.56,3.91,0.0
2024-06-03 15:00:00,29.95,71.58,3.69,0.0
2024-06-03 16:00:00,29.52,74.85,3.33,0.0
2024-06-03 17:00:00,29.19,77.68,2.86,0.0
2024-06-03 18:00:00,28.89,80.35,2.34,0.0
2024-06-03 19:00:00,28.64,82.91,1.85,0.0
2024-06-03 20:00:00,28.43,85.37,1.5,0.0
2024-06-03 21:00:00,28.32,86.83,1.4,0.0
2024-06-03 22:00:00,28.22,88.04,1.34,0.0
2024-06-03 23:00:00,28.21,88.68,1.23,0.0
2024-06-04 00:00:00,28.26,88.67,1.16,5.28
2024-06-04 01:00:00,29.07,81.14,1.38,93.4
2024-06-04 02:00:00,30.07,74.78,1.48,268.65
2024-06-04 03:00:00,31.53,65.78,1.62,480.27
2024-06-04 04:00:00,33.02,57.56,1.86,657.4
2024-06-04 05:00:00,34.22,52.65,2.19,791.92
2024-06-04 06:00:00,35.07,50.08,2.63,859.08
2024-06-04 07:00:00,35.38,49.47,3.25,894.53
2024-06-04 08:00:00,35.29,50.06,3.86,821.0
2024-06-04 09:00:00,34.81,51.89,4.52,728.9
2024-06-04 10:00:00,33.8,55.72,5.1,553.55
2024-06-04 11:00:00,32.51,60.93,5.2,354.45
2024-06-04 12:00:00,31.37,66.01,4.81,155.23
2024-06-04 13:00:00,30.19,72.98,3.79,18.45
2024-06-04 14:00:00,29.44,79.54,2.97,0.0
2024-06-04 15:00:00,29.08,83.23,2.48,0.0
2024-06-04 16:00:00,28.84,85.52,2.18,0.0
2024-06-04 17:00:00,28.64,87.03,2.04,0.0
2024-06-04 18:00:00,28.45,88.04,2.0,0.0
2024-06-04 19:00:00,28.28,88.73,1.99,0.0
2024-06-04 20:00:00,28.14,89.28,1.95,0.0
2024-06-04 21:00:00,28.03,89.86,1.8,0.0
2024-06-04 22:00:00,27.95,90.24,1.68,0.0
2024-06-04 23:00:00,27.89,90.37,1.62,0.0
2024-06-05 00:00:00,27.91,90.37,1.54,5.85
2024-06-05 01:00:00,28.88,83.56,1.82,108.1
2024-06-05 02:00:00,29.85,76.1,2.21,306.65
2024-06-05 03:00:00,31.15,68.92,2.41,520.7
2024-06-05 04:00:00,32.55,61.64,2.6,705.4
2024-06-05 05:00:00,33.87,55.92,2.88,841.85
2024-06-05 06:00:00,34.86,52.25,3.3,902.78
2024-06-05 07:00:00,35.36,50.54,3.74,910.72
2024-06-05 08:00:00,35.45,50.25,4.14,861.4
2024-06-05 09:00:00,35.05,51.42,4.65,738.85
2024-06-05 10:00:00,34.18,54.37,5.05,572.05
2024-06-05 11:00:00,33.12,58.08,5.08,367.33
2024-06-05 12:00:00,31.97,62.35,4.78,164.55
2024-06-05 13:00:00,30.67,68.59,3.92,19.98
2024-06-05 14:00:00,29.78,74.72,3.12,0.0
2024-06-05 15:00:00,29.35,78.29,2.67,0.0
2024-06-05 16:00:00,29.03,81.08,2.35,0.0
2024-06-05 17:00:00,28.77,83.09,2.22,0.0
2024-06-05 18:00:00,28.59,84.34,2.17,0.0
2024-06-05 19:00:00,28.41,85.53,2.09,0.0
2024-06-05 20:00:00,28.24,86.46,2.01,0.0
2024-06-05 21:00:00,28.12,87.12,2.0,0.0
2024-06-05 22:00:00,28.0,87.65,2.01,0.0
2024-06-05 23:00:00,27.94,88.07,1.96,0.0
2024-06-06 00:00:00,27.96,88.1,1.9,5.95
2024-06-06 01:00:00,28.88,81.22,2.58,112.07
2024-06-06 02:00:00,29.95,74.19,2.75,304.9
2024-06-06 03:00:00,31.38,66.55,2.69,527.3
2024-06-06 04:00:00,32.93,58.75,2.64,715.0
2024-06-06 05:00:00,34.4,51.97,2.69,849.1
2024-06-06 06:00:00,35.53,47.8,2.97,921.03
2024-06-06 07:00:00,36.11,46.29,3.42,912.33
2024-06-06 08:00:00,36.18,46.16,3.94,865.1
2024-06-06 09:00:00,35.67,47.66,4.75,747.05
2024-06-06 10:00:00,34.49,51.38,5.53,575.15
2024-06-06 11:00:00,33.14,56.08,5.92,364.6
2024-06-06 12:00:00,31.86,60.83,5.82,160.48
2024-06-06 13:00:00,30.53,66.72,4.96,19.08
2024-06-06 14:00:00,29.65,72.1,4.05,0.0
2024-06-06 15:00:00,29.24,75.48,3.21,0.0
2024-06-06 16:00:00,28.97,78.53,2.45,0.0
2024-06-06 17:00:00,28.91,79.91,2.15,0.0
2024-06-06 18:00:00,28.82,81.05,2.04,0.0
2024-06-06 19:00:00,28.72,82.21,1.98,0.0
2024-06-06 20:00:00,28.57,83.43,1.96,0.0
2024-06-06 21:00:00,28.42,84.32,2.11,0.0
2024-06-06 22:00:00,28.19,85.35,2.35,0.0
2024-06-06 23:00:00,27.91,86.72,2.44,0.0
2024-06-07 00:00:00,27.86,87.25,2.41,5.93
2024-06-07 01:00:00,28.82,81.08,3.34,88.12
2024-06-07 02:00:00,29.88,73.8,3.77,241.25
2024-06-07 03:00:00,31.13,66.79,3.5,422.38
2024-06-07 04:00:00,32.15,61.49,3.15,583.3
2024-06-07 05:00:00,32.91,57.7,2.96,705.2
2024-06-07 06:00:00,33.64,54.81,2.84,769.72
2024-06-07 07:00:00,34.21,53.02,2.78,736.25
2024-06-07 08:00:00,34.03,53.72,2.95,734.95
2024-06-07 09:00:00,33.44,56.0,3.67,620.67
2024-06-07 10:00:00,32.83,58.76,4.38,495.35
2024-06-07 11:00:00,31.97,62.6,4.63,307.1
2024-06-07 12:00:00,30.95,67.19,4.49,131.0
2024-06-07 13:00:00,29.97,72.61,3.92,17.9
2024-06-07 14:00:00,29.43,76.81,3.3,0.0
2024-06-07 15:00:00,29.15,79.38,2.91,0.0
2024-06-07 16:00:00,28.87,81.63,2.76,0.0
2024-06-07 17:00:00,28.6,83.41,3.01,0.0
2024-06-07 18:00:00,28.34,84.93,3.37,0.0
2024-06-07 19:00:00,28.06,86.07,3.41,0.0
2024-06-07 20:00:00,27.73,87.5,3.03,0.0
2024-06-07 21:00:00,27.46,88.58,2.77,0.0
2024-06-07 22:00:00,27.22,89.34,2.69,0.0
2024-06-07 23:00:00,26.98,90.08,2.49,0.0
2024-06-08 00:00:00,26.87,90.56,2.09,3.78
2024-06-08 01:00:00,27.26,87.03,2.33,75.47
2024-06-08 02:00:00,27.77,82.53,2.43,195.12
2024-06-08 03:00:00,28.42,77.28,2.41,338.45
2024-06-08 04:00:00,29.12,73.35,2.66,507.48
2024-06-08 05:00:00,30.15,69.42,3.66,635.45
2024-06-08 06:00:00,31.13,66.34,4.75,684.88
2024-06-08 07:00:00,31.87,63.82,5.32,733.42
2024-06-08 08:00:00,32.39,61.59,5.2,719.6
2024-06-08 09:00:00,32.65,59.85,4.45,669.67
2024-06-08 10:00:00,32.59,59.67,3.55,520.95
2024-06-08 11:00:00,32.13,61.59,3.17,338.38
2024-06-08 12:00:00,31.13,67.45,3.29,149.45
2024-06-08 13:00:00,29.59,78.89,3.1,19.48
2024-06-08 14:00:00,28.76,84.33,3.33,0.0
2024-06-08 15:00:00,28.4,87.09,3.21,0.0
2024-06-08 16:00:00,28.14,89.16,2.98,0.0
2024-06-08 17:00:00,27.94,90.5,2.88,0.0
2024-06-08 18:00:00,27.79,91.18,2.96,0.0
2024-06-08 19:00:00,27.66,91.73,3.04,0.0
2024-06-08 20:00:00,27.55,92.31,3.06,0.0
2024-06-08 21:00:00,27.44,93.01,2.93,0.0
2024-06-08 22:00:00,27.31,93.8,2.62,0.0
2024-06-08 23:00:00,27.21,94.4,2.37,0.0
2024-06-09 00:00:00,27.17,94.75,2.15,4.07
2024-06-09 01:00:00,27.72,92.67,2.34,69.35
2024-06-09 02:00:00,28.28,88.52,3.01,157.57
2024-06-09 03:00:00,28.87,83.94,3.2,171.6
2024-06-09 04:00:00,29.41,80.16,3.25,296.73
2024-06-09 05:00:00,29.86,77.24,3.2,343.92
2024-06-09 06:00:00,30.17,75.03,3.1,423.15
2024-06-09 07:00:00,30.29,73.82,2.97,365.85
2024-06-09 08:00:00,30.26,73.4,2.82,437.85
2024-06-09 09:00:00,30.0,74.1,2.66,377.08
2024-06-09 10:00:00,29.64,75.41,2.63,319.38
2024-06-09 11:00:00,29.16,77.79,2.68,197.52
2024-06-09 12:00:00,28.55,81.63,2.58,88.85
2024-06-09 13:00:00,27.82,87.47,2.29,12.9
2024-06-09 14:00:00,27.42,90.11,2.46,0.0
2024-06-09 15:00:00,27.25,91.33,2.38,0.0
2024-06-09 16:00:00,27.12,92.15,2.26,0.0
2024-06-09 17:00:00,27.03,92.25,2.55,0.0
2024-06-09 18:00:00,26.95,92.01,3.11,0.0
2024-06-09 19:00:00,26.85,91.86,3.45,0.0
2024-06-09 20:00:00,26.77,92.14,3.24,0.0
2024-06-09 21:00:00,26.66,92.98,2.54,0.0
2024-06-09 22:00:00,26.57,93.54,1.98,0.0
2024-06-09 23:00:00,26.55,93.32,1.55,0.0
2024-06-10 00:00:00,26.62,92.31,1.21,1.23
2024-06-10 01:00:00,27.22,89.53,1.09,56.47
2024-06-10 02:00:00,27.8,82.63,1.34,193.02
2024-06-10 03:00:00,28.44,77.15,1.68,241.3
2024-06-10 04:00:00,29.29,72.57,2.33,374.52
2024-06-10 05:00:00,30.24,68.4,2.98,487.15
2024-06-10 06:00:00,30.99,65.5,3.7,549.38
2024-06-10 07:00:00,31.44,63.8,4.27,486.23
2024-06-10 08:00:00,31.67,63.09,4.72,466.42
2024-06-10 09:00:00,31.59,63.52,4.97,378.77
2024-06-10 10:00:00,31.23,64.73,4.86,295.85
2024-06-10 11:00:00,30.63,67.21,4.6,185.93
2024-06-10 12:00:00,29.75,71.74,4.07,80.2
2024-06-10 13:00:00,28.51,81.45,2.78,9.93
2024-06-10 14:00:00,27.84,87.33,2.33,0.0
2024-06-10 15:00:00,27.58,89.4,2.22,0.0
2024-06-10 16:00:00,27.39,90.66,2.15,0.0
2024-06-10 17:00:00,27.29,91.38,2.12,0.0
2024-06-10 18:00:00,27.18,91.93,2.24,0.0
2024-06-10 19:00:00,27.07,92.51,2.37,0.0
2024-06-10 20:00:00,27.01,92.99,2.52,0.0
2024-06-10 21:00:00,26.94,93.39,2.59,0.0
2024-06-10 22:00:00,26.89,93.66,2.66,0.0
2024-06-10 23:00:00,26.87,93.67,2.68,0.0
2024-06-11 00:00:00,26.87,93.62,2.65,4.28
2024-06-11 01:00:00,27.26,91.69,3.05,78.0
2024-06-11 02:00:00,27.81,88.3,3.5,213.52
2024-06-11 03:00:00,28.4,83.08,3.79,386.38
2024-06-11 04:00:00,29.09,76.25,3.92,559.53
2024-06-11 05:00:00,29.9,69.07,4.14,676.22
2024-06-11 06:00:00,30.69,63.11,4.4,728.83
2024-06-11 07:00:00,31.23,59.3,4.66,741.08
2024-06-11 08:00:00,31.44,57.35,4.88,556.2
2024-06-11 09:00:00,31.31,57.34,4.99,525.92
2024-06-11 10:00:00,30.9,58.64,4.82,455.45
2024-06-11 11:00:00,30.23,61.88,4.43,281.5
2024-06-11 12:00:00,29.31,68.4,3.75,120.4
2024-06-11 13:00:00,27.97,80.09,2.77,18.42
2024-06-11 14:00:00,27.33,86.18,2.68,0.0
2024-06-11 15:00:00,27.09,89.28,2.64,0.0
2024-06-11 16:00:00,26.91,91.5,2.51,0.0
2024-06-11 17:00:00,26.78,92.79,2.41,0.0
2024-06-11 18:00:00,26.72,93.25,2.49,0.0
2024-06-11 19:00:00,26.71,93.43,2.62,0.0
2024-06-11 20:00:00,26.73,93.63,2.64,0.0
2024-06-11 21:00:00,26.74,93.86,2.54,0.0
2024-06-11 22:00:00,26.67,94.23,2.39,0.0
2024-06-11 23:00:00,26.6,94.51,2.31,0.0
2024-06-12 00:00:00,26.59,94.54,2.28,4.0
2024-06-12 01:00:00,27.52,90.09,3.22,90.18
2024-06-12 02:00:00,28.44,84.02,4.05,246.27
2024-06-12 03:00:00,29.35,78.41,4.48,402.6
2024-06-12 04:00:00,30.32,73.05,4.84,594.45
2024-06-12 05:00:00,31.2,68.21,5.07,744.88
2024-06-12 06:00:00,31.84,65.0,5.27,836.25
2024-06-12 07:00:00,32.28,62.91,5.45,857.05
2024-06-12 08:00:00,32.44,62.2,5.53,702.38
2024-06-12 09:00:00,32.31,62.68,5.6,676.2
2024-06-12 10:00:00,31.92,64.12,5.52,518.12
2024-06-12 11:00:00,31.25,66.81,5.22,324.62
2024-06-12 12:00:00,30.38,70.7,4.67,142.5
2024-06-12 13:00:00,29.11,78.92,3.42,19.17
2024-06-12 14:00:00,28.31,85.6,2.69,0.0
2024-06-12 15:00:00,28.06,87.71,2.69,0.0
2024-06-12 16:00:00,27.88,88.84,2.88,0.0
2024-06-12 17:00:00,27.74,89.36,3.18,0.0
2024-06-12 18:00:00,27.61,89.54,3.51,0.0
2024-06-12 19:00:00,27.45,90.06,3.62,0.0
2024-06-12 20:00:00,27.31,90.66,3.52,0.0
2024-06-12 21:00:00,27.2,91.26,3.26,0.0
2024-06-12 22:00:00,27.12,92.04,2.89,0.0
2024-06-12 23:00:00,27.01,93.06,2.61,0.0
2024-06-13 00:00:00,26.97,93.77,2.44,5.18
2024-06-13 01:00:00,28.11,88.27,3.56,96.7
2024-06-13 02:00:00,29.28,81.14,4.22,273.58
2024-06-13 03:00:00,30.45,74.14,4.43,470.88
2024-06-13 04:00:00,31.33,68.81,4.52,656.22
2024-06-13 05:00:00,32.05,64.44,4.58,789.2
2024-06-13 06:00:00,32.62,61.03,4.68,869.45
2024-06-13 07:00:00,32.94,59.39,4.81,742.92
2024-06-13 08:00:00,33.03,58.74,5.04,741.75
2024-06-13 09:00:00,32.8,59.15,5.28,592.4
2024-06-13 10:00:00,32.4,60.37,5.3,421.38
2024-06-13 11:00:00,31.48,64.61,5.17,264.92
2024-06-13 12:00:00,30.32,71.11,4.92,125.53
2024-06-13 13:00:00,28.99,80.23,3.83,18.27
2024-06-13 14:00:00,28.24,86.84,3.13,0.0
2024-06-13 15:00:00,27.93,89.75,2.77,0.0
2024-06-13 16:00:00,27.74,91.46,2.6,0.0
2024-06-13 17:00:00,27.62,92.4,2.61,0.0
2024-06-13 18:00:00,27.44,93.34,2.61,0.0
2024-06-13 19:00:00,27.3,93.75,2.58,0.0
2024-06-13 20:00:00,27.15,94.1,2.6,0.0
2024-06-13 21:00:00,27.01,94.57,2.44,0.0
2024-06-13 22:00:00,26.82,95.17,2.33,0.0
2024-06-13 23:00:00,26.71,95.53,2.26,0.0
2024-06-14 00:00:00,26.74,95.53,2.19,4.45
2024-06-14 01:00:00,27.86,90.6,3.17,65.62
2024-06-14 02:00:00,29.0,84.45,3.79,185.32
2024-06-14 03:00:00,30.18,78.57,4.26,310.35
2024-06-14 04:00:00,31.26,73.34,4.69,423.3
2024-06-14 05:00:00,31.97,69.32,5.21,508.45
2024-06-14 06:00:00,32.36,66.55,5.85,534.05
2024-06-14 07:00:00,32.43,65.53,6.4,676.85
2024-06-14 08:00:00,32.31,65.52,6.63,760.45
2024-06-14 09:00:00,31.99,66.1,6.52,684.03
2024-06-14 10:00:00,31.36,68.28,6.09,523.0
2024-06-14 11:00:00,30.63,71.97,5.5,339.95
2024-06-14 12:00:00,29.86,76.46,4.74,156.3
2024-06-14 13:00:00,28.94,83.12,3.29,23.4
2024-06-14 14:00:00,28.42,87.46,2.67,0.0
2024-06-14 15:00:00,28.19,89.25,2.51,0.0
2024-06-14 16:00:00,27.97,90.82,2.44,0.0
2024-06-14 17:00:00,27.7,92.15,2.45,0.0
2024-06-14 18:00:00,27.53,92.81,2.58,0.0
2024-06-14 19:00:00,27.33,93.67,2.61,0.0
2024-06-14 20:00:00,27.17,94.5,2.5,0.0
2024-06-14 21:00:00,27.06,94.91,2.43,0.0
2024-06-14 22:00:00,26.97,95.19,2.44,0.0
2024-06-14 23:00:00,26.9,95.37,2.41,0.0
2024-06-15 00:00:00,26.91,95.38,2.38,4.97
2024-06-15 01:00:00,27.94,90.59,3.26,94.38
2024-06-15 02:00:00,29.09,83.46,3.84,264.08
2024-06-15 03:00:00,30.25,75.91,4.26,483.7
2024-06-15 04:00:00,31.23,70.68,4.48,658.3
2024-06-15 05:00:00,32.17,66.25,4.65,796.35
2024-06-15 06:00:00,32.81,62.88,4.87,866.92
2024-06-15 07:00:00,33.21,60.74,5.12,864.2
2024-06-15 08:00:00,33.28,59.96,5.32,787.53
2024-06-15 09:00:00,33.19,59.74,5.43,702.33
2024-06-15 10:00:00,32.51,61.75,5.3,522.6
2024-06-15 11:00:00,31.84,63.95,4.9,334.73
2024-06-15 12:00:00,30.97,67.46,4.36,149.88
2024-06-15 13:00:00,29.52,76.79,3.09,22.67
2024-06-15 14:00:00,28.62,83.97,2.39,0.0
2024-06-15 15:00:00,28.24,86.82,2.16,0.0
2024-06-15 16:00:00,27.94,88.67,2.05,0.0
2024-06-15 17:00:00,27.69,89.99,1.94,0.0
2024-06-15 18:00:00,27.48,90.83,1.9,0.0
2024-06-15 19:00:00,27.25,91.64,1.91,0.0
2024-06-15 20:00:00,27.08,92.21,1.9,0.0
2024-06-15 21:00:00,26.93,92.7,1.86,0.0
2024-06-15 22:00:00,26.79,93.19,1.78,0.0
2024-06-15 23:00:00,26.7,93.4,1.7,0.0
2024-06-16 00:00:00,26.72,93.46,1.64,5.1
2024-06-16 01:00:00,27.59,87.98,2.21,95.4
2024-06-16 02:00:00,28.5,81.39,2.56,275.55
2024-06-16 03:00:00,29.56,75.36,2.54,484.55
2024-06-16 04:00:00,30.87,69.18,2.49,660.55
2024-06-16 05:00:00,32.05,63.56,2.6,792.2
2024-06-16 06:00:00,32.88,60.15,2.86,868.28
2024-06-16 07:00:00,33.45,57.88,3.18,879.03
2024-06-16 08:00:00,33.66,56.81,3.57,757.15
2024-06-16 09:00:00,33.51,56.89,4.0,651.92
2024-06-16 10:00:00,32.96,58.41,4.23,514.92
2024-06-16 11:00:00,32.06,61.88,4.18,322.17
2024-06-16 12:00:00,30.84,67.37,3.96,138.02
2024-06-16 13:00:00,29.53,75.87,3.06,19.8
2024-06-16 14:00:00,28.71,82.48,2.5,0.0
2024-06-16 15:00:00,28.28,85.94,2.19,0.0
2024-06-16 16:00:00,27.99,88.1,2.0,0.0
2024-06-16 17:00:00,27.77,89.58,1.91,0.0
2024-06-16 18:00:00,27.56,90.79,1.85,0.0
2024-06-16 19:00:00,27.4,91.48,1.84,0.0
2024-06-16 20:00:00,27.28,91.96,1.85,0.0
2024-06-16 21:00:00,27.15,92.48,1.8,0.0
2024-06-16 22:00:00,27.0,93.12,1.64,0.0
2024-06-16 23:00:00,26.91,93.41,1.44,0.0
2024-06-17 00:00:00,26.88,93.56,1.33,4.82
2024-06-17 01:00:00,27.49,89.42,1.72,92.12
2024-06-17 02:00:00,28.34,84.32,2.14,250.45
2024-06-17 03:00:00,29.55,78.19,2.51,423.9
2024-06-17 04:00:00,30.76,72.37,2.85,611.5
2024-06-17 05:00:00,31.66,67.92,3.29,729.55
2024-06-17 06:00:00,32.29,64.72,3.84,834.03
2024-06-17 07:00:00,32.58,63.07,4.43,808.55
2024-06-17 08:00:00,32.69,62.14,4.95,702.35
2024-06-17 09:00:00,32.35,62.19,5.38,524.5
2024-06-17 10:00:00,31.86,63.49,5.48,339.6
2024-06-17 11:00:00,31.11,66.46,5.29,171.32
2024-06-17 12:00:00,30.15,71.65,4.87,84.38
2024-06-17 13:00:00,28.99,79.87,3.76,13.9
2024-06-17 14:00:00,28.32,85.88,3.31,0.0
2024-06-17 15:00:00,28.04,88.35,3.47,0.0
2024-06-17 16:00:00,27.82,90.21,3.61,0.0
2024-06-17 17:00:00,27.62,91.87,3.46,0.0
2024-06-17 18:00:00,27.52,92.49,3.52,0.0
2024-06-17 19:00:00,27.43,93.13,3.6,0.0
2024-06-17 20:00:00,27.32,94.01,3.32,0.0
2024-06-17 21:00:00,27.21,94.79,2.62,0.0
2024-06-17 22:00:00,27.09,95.43,2.14,0.0
2024-06-17 23:00:00,26.99,95.7,1.97,0.0
2024-06-18 00:00:00,26.91,95.83,1.97,4.47
2024-06-18 01:00:00,27.5,92.7,2.84,64.25
2024-06-18 02:00:00,28.09,88.03,3.49,163.55
2024-06-18 03:00:00,28.67,83.2,3.97,287.45
2024-06-18 04:00:00,29.43,77.62,4.53,399.08
2024-06-18 05:00:00,30.31,72.27,4.87,493.1
2024-06-18 06:00:00,31.19,67.61,5.07,545.62
2024-06-18 07:00:00,31.9,63.12,5.24,472.88
2024-06-18 08:00:00,32.06,61.53,5.38,574.12
2024-06-18 09:00:00,31.85,62.14,5.55,455.73
2024-06-18 10:00:00,31.3,64.05,5.6,353.2
2024-06-18 11:00:00,30.51,67.22,5.43,211.12
2024-06-18 12:00:00,29.45,73.32,4.94,92.12
2024-06-18 13:00:00,28.16,83.01,3.82,12.77
2024-06-18 14:00:00,27.39,89.47,3.49,0.0
2024-06-18 15:00:00,27.05,91.99,3.61,0.0
2024-06-18 16:00:00,26.9,93.28,3.5,0.0
2024-06-18 17:00:00,26.79,93.99,3.47,0.0
2024-06-18 18:00:00,26.75,94.26,3.52,0.0
2024-06-18 19:00:00,26.75,94.41,3.51,0.0
2024-06-18 20:00:00,26.79,94.51,3.35,0.0
2024-06-18 21:00:00,26.9,93.88,3.47,0.0
2024-06-18 22:00:00,27.0,93.29,3.51,0.0
2024-06-18 23:00:00,27.07,92.64,3.79,0.0
2024-06-19 00:00:00,27.18,91.6,4.11,2.58
2024-06-19 01:00:00,28.02,87.58,4.91,52.53
2024-06-19 02:00:00,29.08,81.19,5.88,136.43
2024-06-19 03:00:00,30.1,74.86,6.56,229.18
2024-06-19 04:00:00,30.72,71.6,6.74,375.4
2024-06-19 05:00:00,31.14,69.83,6.89,503.7
2024-06-19 06:00:00,31.35,69.01,7.2,550.3
2024-06-19 07:00:00,31.28,69.31,7.51,476.52
2024-06-19 08:00:00,31.05,70.18,7.65,411.45
2024-06-19 09:00:00,30.77,71.3,7.53,253.12
2024-06-19 10:00:00,30.39,72.86,7.33,231.45
2024-06-19 11:00:00,29.88,75.06,7.02,153.9
2024-06-19 12:00:00,29.14,79.31,6.09,82.38
2024-06-19 13:00:00,28.26,85.2,4.84,14.0
2024-06-19 14:00:00,27.84,87.48,4.62,0.0
2024-06-19 15:00:00,27.69,88.5,4.37,0.0
2024-06-19 16:00:00,27.57,89.28,4.18,0.0
2024-06-19 17:00:00,27.5,89.6,4.2,0.0
2024-06-19 18:00:00,27.47,89.63,4.43,0.0
2024-06-19 19:00:00,27.41,89.81,4.66,0.0
2024-06-19 20:00:00,27.35,89.95,4.87,0.0
2024-06-19 21:00:00,27.21,90.73,4.85,0.0
2024-06-19 22:00:00,27.11,91.12,4.79,0.0
2024-06-19 23:00:00,27.11,90.57,5.04,0.0
2024-06-20 00:00:00,27.05,91.09,4.69,0.82
2024-06-20 01:00:00,27.71,88.87,5.07,16.88
2024-06-20 02:00:00,28.64,84.4,6.12,46.78
2024-06-20 03:00:00,29.64,78.92,7.31,81.8
2024-06-20 04:00:00,30.51,74.83,8.11,113.12
2024-06-20 05:00:00,31.08,72.73,8.49,201.32
2024-06-20 06:00:00,31.28,72.11,8.62,227.02
2024-06-20 07:00:00,31.15,72.71,8.59,287.0
2024-06-20 08:00:00,30.92,73.94,8.42,301.95
2024-06-20 09:00:00,30.51,76.01,7.98,290.0
2024-06-20 10:00:00,30.14,78.31,7.43,208.43
2024-06-20 11:00:00,29.72,80.96,6.77,172.6
2024-06-20 12:00:00,29.14,85.09,5.39,79.47
2024-06-20 13:00:00,28.42,89.56,4.06,14.7
2024-06-20 14:00:00,28.08,91.24,3.76,0.0
2024-06-20 15:00:00,28.0,91.47,3.95,0.0
2024-06-20 16:00:00,27.95,91.61,4.2,0.0
2024-06-20 17:00:00,27.89,91.68,4.52,0.0
2024-06-20 18:00:00,27.84,91.7,4.89,0.0
2024-06-20 19:00:00,27.78,91.61,5.18,0.0
2024-06-20 20:00:00,27.73,91.44,5.27,0.0
2024-06-20 21:00:00,27.67,91.38,5.18,0.0
2024-06-20 22:00:00,27.59,91.75,4.87,0.0
2024-06-20 23:00:00,27.53,92.05,4.44,0.0
2024-06-21 00:00:00,27.53,92.03,4.34,4.15
2024-06-21 01:00:00,28.22,89.77,4.64,64.25
2024-06-21 02:00:00,29.07,86.3,5.32,192.12
2024-06-21 03:00:00,29.95,81.23,6.32,354.0
2024-06-21 04:00:00,30.82,76.36,6.89,509.58
2024-06-21 05:00:00,31.44,73.3,7.0,636.0
2024-06-21 06:00:00,31.77,71.77,7.1,644.97
2024-06-21 07:00:00,31.94,70.73,7.28,740.2
2024-06-21 08:00:00,31.94,70.19,7.25,519.53
2024-06-21 09:00:00,31.59,71.56,6.98,533.58
2024-06-21 10:00:00,31.11,73.89,6.63,425.0
2024-06-21 11:00:00,30.51,77.28,6.14,246.2
2024-06-21 12:00:00,29.8,81.93,5.1,112.2
2024-06-21 13:00:00,28.94,88.4,3.38,17.1
2024-06-21 14:00:00,28.48,91.61,2.75,0.0
2024-06-21 15:00:00,28.32,92.55,2.64,0.0
2024-06-21 16:00:00,28.2,93.03,2.72,0.0
2024-06-21 17:00:00,28.13,93.27,2.72,0.0
2024-06-21 18:00:00,28.03,93.5,2.77,0.0
2024-06-21 19:00:00,27.9,93.76,2.79,0.0
2024-06-21 20:00:00,27.8,93.82,2.9,0.0
2024-06-21 21:00:00,27.69,94.14,2.86,0.0
2024-06-21 22:00:00,27.61,94.39,2.65,0.0
2024-06-21 23:00:00,27.55,94.32,2.5,0.0
2024-06-22 00:00:00,27.55,94.17,2.3,3.83
2024-06-22 01:00:00,28.54,90.33,2.63,50.38
2024-06-22 02:00:00,29.49,84.04,3.41,112.32
2024-06-22 03:00:00,30.4,78.14,3.88,225.73
2024-06-22 04:00:00,31.2,73.94,4.16,335.9
2024-06-22 05:00:00,31.71,70.85,4.45,430.12
2024-06-22 06:00:00,32.11,68.49,4.59,365.05
2024-06-22 07:00:00,32.42,66.56,4.63,456.2
2024-06-22 08:00:00,32.5,65.81,4.65,424.42
2024-06-22 09:00:00,32.38,66.25,4.68,492.9
2024-06-22 10:00:00,31.97,67.85,4.68,416.85
2024-06-22 11:00:00,31.31,70.61,4.49,276.8
2024-06-22 12:00:00,30.41,75.48,4.07,117.72
2024-06-22 13:00:00,29.11,85.27,2.85,20.33
2024-06-22 14:00:00,28.52,90.68,2.3,0.0
2024-06-22 15:00:00,28.36,92.29,2.04,0.0
2024-06-22 16:00:00,28.23,93.27,1.86,0.0
2024-06-22 17:00:00,28.1,93.64,1.97,0.0
2024-06-22 18:00:00,27.98,93.75,2.14,0.0
2024-06-22 19:00:00,27.83,93.94,2.19,0.0
2024-06-22 20:00:00,27.71,94.05,2.11,0.0
2024-06-22 21:00:00,27.57,94.21,2.08,0.0
2024-06-22 22:00:00,27.46,94.43,1.97,0.0
2024-06-22 23:00:00,27.32,94.54,1.91,0.0
2024-06-23 00:00:00,27.27,94.56,1.83,3.08
2024-06-23 01:00:00,28.13,90.22,2.16,72.6
2024-06-23 02:00:00,28.81,85.13,2.38,214.3
2024-06-23 03:00:00,29.38,81.23,2.5,346.88
2024-06-23 04:00:00,30.04,76.9,2.64,521.17
2024-06-23 05:00:00,30.77,71.45,2.93,631.9
2024-06-23 06:00:00,31.24,68.43,3.25,710.33
2024-06-23 07:00:00,31.42,67.23,3.7,645.03
2024-06-23 08:00:00,31.3,67.37,4.29,509.25
2024-06-23 09:00:00,31.01,68.17,4.79,457.73
2024-06-23 10:00:00,30.41,69.84,4.9,294.33
2024-06-23 11:00:00,29.73,72.35,4.53,114.68
2024-06-23 12:00:00,28.92,76.11,3.84,54.25
2024-06-23 13:00:00,27.89,83.56,2.68,8.77
2024-06-23 14:00:00,27.34,88.21,2.2,0.0
2024-06-23 15:00:00,27.12,89.75,2.11,0.0
2024-06-23 16:00:00,26.9,91.14,2.1,0.0
2024-06-23 17:00:00,26.73,92.02,2.23,0.0
2024-06-23 18:00:00,26.57,92.62,2.33,0.0
2024-06-23 19:00:00,26.45,93.09,2.28,0.0
2024-06-23 20:00:00,26.28,93.78,2.15,0.0
2024-06-23 21:00:00,26.09,94.4,2.03,0.0
2024-06-23 22:00:00,25.87,95.02,1.99,0.0
2024-06-23 23:00:00,25.68,95.4,1.97,0.0
2024-06-24 00:00:00,25.59,95.42,1.96,2.15
2024-06-24 01:00:00,26.36,91.22,2.54,25.6
2024-06-24 02:00:00,27.27,82.86,2.89,105.65
2024-06-24 03:00:00,28.33,75.33,3.2,178.18
2024-06-24 04:00:00,29.83,68.14,3.41,241.02
2024-06-24 05:00:00,31.34,62.34,3.32,343.98
2024-06-24 06:00:00,32.56,58.88,3.14,416.08
2024-06-24 07:00:00,33.39,57.59,3.06,527.85
2024-06-24 08:00:00,33.78,57.32,3.31,576.95
2024-06-24 09:00:00,33.7,58.05,3.74,545.28
2024-06-24 10:00:00,33.07,60.62,4.1,414.6
2024-06-24 11:00:00,32.0,65.63,4.27,285.52
2024-06-24 12:00:00,30.6,72.38,4.09,120.55
2024-06-24 13:00:00,29.13,81.58,3.12,18.67
2024-06-24 14:00:00,28.34,87.47,2.35,0.0
2024-06-24 15:00:00,27.98,89.81,2.09,0.0
2024-06-24 16:00:00,27.68,91.3,2.1,0.0
2024-06-24 17:00:00,27.4,92.16,2.13,0.0
2024-06-24 18:00:00,27.17,92.66,2.09,0.0
2024-06-24 19:00:00,26.97,93.35,1.78,0.0
2024-06-24 20:00:00,26.88,92.68,1.48,0.0
2024-06-24 21:00:00,26.78,92.21,1.3,0.0
2024-06-24 22:00:00,26.53,93.53,1.67,0.0
2024-06-24 23:00:00,26.32,93.71,1.91,0.0
2024-06-25 00:00:00,26.17,93.53,1.97,4.12
2024-06-25 01:00:00,27.01,87.93,2.4,74.85
2024-06-25 02:00:00,28.4,79.88,1.74,230.3
2024-06-25 03:00:00,29.85,73.57,1.79,414.35
2024-06-25 04:00:00,31.03,69.71,2.73,573.42
2024-06-25 05:00:00,31.67,68.18,3.34,689.28
2024-06-25 06:00:00,31.88,67.86,3.74,736.65
2024-06-25 07:00:00,31.42,69.55,3.78,892.08
2024-06-25 08:00:00,30.98,71.41,3.42,832.47
2024-06-25 09:00:00,30.6,73.14,3.17,667.22
2024-06-25 10:00:00,30.17,75.33,3.65,518.38
2024-06-25 11:00:00,29.54,78.38,4.98,348.8
2024-06-25 12:00:00,28.72,82.11,6.25,158.5
2024-06-25 13:00:00,27.77,86.18,6.14,25.6
2024-06-25 14:00:00,27.12,88.16,5.72,0.0
2024-06-25 15:00:00,26.78,87.46,5.4,0.0
2024-06-25 16:00:00,26.4,87.69,4.5,0.0
2024-06-25 17:00:00,25.98,88.97,3.58,0.0
2024-06-25 18:00:00,25.7,89.49,3.42,0.0
2024-06-25 19:00:00,25.48,89.33,3.85,0.0
2024-06-25 20:00:00,25.37,89.21,4.03,0.0
2024-06-25 21:00:00,25.27,90.66,3.14,0.0
2024-06-25 22:00:00,25.37,90.98,1.94,0.0
2024-06-25 23:00:00,25.27,93.03,0.91,0.0
2024-06-26 00:00:00,25.39,93.23,0.66,3.55
2024-06-26 01:00:00,26.38,87.02,1.19,70.85
2024-06-26 02:00:00,27.49,82.91,2.85,194.38
2024-06-26 03:00:00,28.39,82.06,3.31,345.75
2024-06-26 04:00:00,29.29,81.63,3.7,526.12
2024-06-26 05:00:00,30.08,80.6,4.73,654.92
2024-06-26 06:00:00,30.63,79.74,5.93,758.08
2024-06-26 07:00:00,31.05,77.66,7.06,710.03
2024-06-26 08:00:00,30.87,78.35,7.51,632.25
2024-06-26 09:00:00,30.3,80.91,7.55,520.55
2024-06-26 10:00:00,29.87,82.44,7.41,270.08
2024-06-26 11:00:00,29.43,84.56,6.84,140.73
2024-06-26 12:00:00,28.89,87.86,5.76,66.47
2024-06-26 13:00:00,28.22,92.21,3.78,10.88
2024-06-26 14:00:00,27.74,94.91,2.21,0.0
2024-06-26 15:00:00,27.65,95.39,1.66,0.0
2024-06-26 16:00:00,27.53,95.69,1.52,0.0
2024-06-26 17:00:00,27.47,95.68,1.9,0.0
2024-06-26 18:00:00,27.39,96.24,2.06,0.0
2024-06-26 19:00:00,27.4,96.23,3.12,0.0
2024-06-26 20:00:00,27.44,96.04,3.89,0.0
2024-06-26 21:00:00,27.5,95.46,5.17,0.0
2024-06-26 22:00:00,27.49,95.24,6.76,0.0
2024-06-26 23:00:00,27.46,94.98,7.65,0.0
2024-06-27 00:00:00,27.38,95.06,7.65,3.78
2024-06-27 01:00:00,27.42,94.4,7.9,76.93
2024-06-27 02:00:00,27.55,93.02,9.15,199.27
2024-06-27 03:00:00,27.83,90.5,10.84,360.12
2024-06-27 04:00:00,28.4,86.63,12.95,522.9
2024-06-27 05:00:00,29.09,83.61,14.05,638.85
2024-06-27 06:00:00,29.59,82.39,13.82,706.4
2024-06-27 07:00:00,29.75,81.36,13.17,708.28
2024-06-27 08:00:00,29.35,82.81,11.83,517.85
2024-06-27 09:00:00,28.95,85.0,10.14,532.88
2024-06-27 10:00:00,28.59,86.46,8.58,394.88
2024-06-27 11:00:00,28.03,89.27,7.45,223.4
2024-06-27 12:00:00,27.42,92.41,6.06,111.85
2024-06-27 13:00:00,26.98,94.62,4.84,13.0
2024-06-27 14:00:00,26.84,95.28,4.5,0.0
2024-06-27 15:00:00,26.85,95.42,4.81,0.0
2024-06-27 16:00:00,26.96,95.19,5.78,0.0
2024-06-27 17:00:00,27.08,94.83,7.33,0.0
2024-06-27 18:00:00,27.08,94.1,8.85,0.0
2024-06-27 19:00:00,26.87,93.87,9.04,0.0
2024-06-27 20:00:00,26.68,93.79,8.92,0.0
2024-06-27 21:00:00,26.63,93.76,8.17,0.0
2024-06-27 22:00:00,26.65,93.65,7.4,0.0
2024-06-27 23:00:00,26.7,93.51,7.0,0.0
2024-06-28 00:00:00,26.75,93.96,6.5,2.85
2024-06-28 01:00:00,27.02,93.79,6.75,35.92
2024-06-28 02:00:00,27.28,93.42,7.21,82.55
2024-06-28 03:00:00,27.49,92.39,8.21,157.4
2024-06-28 04:00:00,27.74,90.93,9.22,209.1
2024-06-28 05:00:00,27.96,89.47,10.16,309.25
2024-06-28 06:00:00,28.18,88.28,10.93,241.62
2024-06-28 07:00:00,28.29,87.94,11.33,180.68
2024-06-28 08:00:00,28.33,87.7,11.57,154.05
2024-06-28 09:00:00,28.33,87.27,11.35,103.03
2024-06-28 10:00:00,28.27,87.68,10.77,99.18
2024-06-28 11:00:00,28.09,89.01,9.74,82.32
2024-06-28 12:00:00,27.76,91.04,8.14,46.55
2024-06-28 13:00:00,27.29,93.46,6.68,9.75
2024-06-28 14:00:00,27.1,94.64,6.23,0.0
2024-06-28 15:00:00,27.12,94.62,6.35,0.0
2024-06-28 16:00:00,27.11,94.53,6.15,0.0
2024-06-28 17:00:00,27.11,94.35,5.89,0.0
2024-06-28 18:00:00,27.02,94.82,5.26,0.0
2024-06-28 19:00:00,26.94,95.14,4.91,0.0
2024-06-28 20:00:00,26.88,95.24,5.02,0.0
2024-06-28 21:00:00,26.8,95.41,5.04,0.0
2024-06-28 22:00:00,26.72,95.49,4.92,0.0
2024-06-28 23:00:00,26.7,95.34,4.81,0.0
2024-06-29 00:00:00,26.78,94.74,4.93,2.97
2024-06-29 01:00:00,27.38,92.92,5.5,70.43
2024-06-29 02:00:00,28.42,88.67,6.54,174.1
2024-06-29 03:00:00,29.54,82.66,7.9,301.85
2024-06-29 04:00:00,30.44,78.49,8.51,439.35
2024-06-29 05:00:00,30.84,76.8,8.68,543.78
2024-06-29 06:00:00,30.89,76.78,8.73,619.45
2024-06-29 07:00:00,31.07,76.03,8.95,527.12
2024-06-29 08:00:00,31.03,75.3,9.03,567.72
2024-06-29 09:00:00,30.67,75.82,8.81,446.23
2024-06-29 10:00:00,30.07,77.98,8.34,333.52
2024-06-29 11:00:00,29.3,82.05,7.5,214.57
2024-06-29 12:00:00,28.61,86.29,6.33,104.03
2024-06-29 13:00:00,27.9,89.96,5.32,17.1
2024-06-29 14:00:00,27.51,91.65,4.98,0.0
2024-06-29 15:00:00,27.31,92.4,4.74,0.0
2024-06-29 16:00:00,27.13,93.06,4.43,0.0
2024-06-29 17:00:00,26.96,93.78,4.27,0.0
2024-06-29 18:00:00,26.82,94.12,4.43,0.0
2024-06-29 19:00:00,26.73,94.08,4.69,0.0
2024-06-29 20:00:00,26.64,94.18,4.69,0.0
2024-06-29 21:00:00,26.54,94.44,4.53,0.0
2024-06-29 22:00:00,26.49,94.6,4.4,0.0
2024-06-29 23:00:00,26.46,94.76,4.26,0.0
2024-06-30 00:00:00,26.53,94.54,4.32,1.55
2024-06-30 01:00:00,27.32,92.06,5.21,36.67
2024-06-30 02:00:00,28.4,88.05,6.45,94.1
2024-06-30 03:00:00,29.52,82.71,8.02,175.35
2024-06-30 04:00:00,30.36,78.95,8.93,252.12
2024-06-30 05:00:00,30.87,75.59,9.54,325.15
2024-06-30 06:00:00,30.87,75.62,9.75,405.73
2024-06-30 07:00:00,30.6,77.58,9.88,248.02
2024-06-30 08:00:00,30.43,77.55,9.92,358.92
2024-06-30 09:00:00,29.97,79.57,9.61,287.48
2024-06-30 10:00:00,29.46,81.67,9.03,306.42
2024-06-30 11:00:00,28.95,83.96,8.06,199.1
2024-06-30 12:00:00,28.42,87.07,6.78,96.78
2024-06-30 13:00:00,27.72,90.1,5.98,13.7
2024-06-30 14:00:00,27.27,91.94,5.43,0.0
2024-06-30 15:00:00,27.09,92.74,5.14,0.0
2024-06-30 16:00:00,26.99,93.13,5.31,0.0
2024-06-30 17:00:00,27.03,92.24,6.28,0.0
2024-06-30 18:00:00,27.02,92.24,6.83,0.0
2024-06-30 19:00:00,27.03,92.42,6.69,0.0
2024-06-30 20:00:00,27.0,92.68,6.65,0.0
2024-06-30 21:00:00,26.94,92.82,6.64,0.0
2024-06-30 22:00:00,26.91,92.84,6.33,0.0
2024-06-30 23:00:00,26.9,92.62,6.23,0.0
2024-07-01 00:00:00,26.93,91.91,6.3,1.75
2024-07-01 01:00:00,27.19,91.94,6.09,53.85
2024-07-01 02:00:00,27.89,89.93,6.99,140.65
2024-07-01 03:00:00,28.73,85.64,8.48,246.02
2024-07-01 04:00:00,29.41,82.1,9.74,368.33
2024-07-01 05:00:00,29.88,79.75,10.58,486.88
2024-07-01 06:00:00,30.39,77.24,11.24,547.65
2024-07-01 07:00:00,30.69,74.8,11.69,562.2
2024-07-01 08:00:00,30.71,73.96,11.92,527.45
2024-07-01 09:00:00,30.59,73.94,11.9,454.33
2024-07-01 10:00:00,30.0,76.82,11.37,369.67
2024-07-01 11:00:00,29.37,80.03,10.72,220.2
2024-07-01 12:00:00,28.66,84.23,9.33,91.45
2024-07-01 13:00:00,27.85,88.39,8.51,14.65
2024-07-01 14:00:00,27.51,89.82,8.82,0.0
2024-07-01 15:00:00,27.44,90.19,9.06,0.0
2024-07-01 16:00:00,27.38,90.51,9.16,0.0
2024-07-01 17:00:00,27.35,90.64,9.26,0.0
2024-07-01 18:00:00,27.31,90.75,9.47,0.0
2024-07-01 19:00:00,27.23,91.12,9.51,0.0
2024-07-01 20:00:00,27.17,91.37,9.44,0.0
2024-07-01 21:00:00,27.11,91.77,9.29,0.0
2024-07-01 22:00:00,27.07,92.21,9.01,0.0
2024-07-01 23:00:00,27.05,92.36,8.72,0.0
2024-07-02 00:00:00,27.1,92.11,8.43,1.1
2024-07-02 01:00:00,27.49,91.31,8.43,42.85
2024-07-02 02:00:00,28.14,89.84,8.65,132.98
2024-07-02 03:00:00,28.75,87.18,9.3,273.27
2024-07-02 04:00:00,29.4,83.43,10.25,375.83
2024-07-02 05:00:00,29.91,81.31,10.56,500.02
2024-07-02 06:00:00,29.97,80.84,10.73,554.65
2024-07-02 07:00:00,29.93,80.73,10.74,625.97
2024-07-02 08:00:00,29.86,80.65,10.56,486.73
2024-07-02 09:00:00,29.65,81.14,10.29,370.08
2024-07-02 10:00:00,29.32,82.06,10.1,198.98
2024-07-02 11:00:00,28.89,83.89,9.59,101.72
2024-07-02 12:00:00,28.31,86.84,8.31,37.72
2024-07-02 13:00:00,27.6,90.45,6.93,6.5
2024-07-02 14:00:00,27.29,91.65,6.5,0.0
2024-07-02 15:00:00,27.19,91.98,6.44,0.0
2024-07-02 16:00:00,27.11,92.38,6.42,0.0
2024-07-02 17:00:00,27.04,92.9,6.37,0.0
2024-07-02 18:00:00,26.99,92.66,6.64,0.0
2024-07-02 19:00:00,26.92,92.62,6.73,0.0
2024-07-02 20:00:00,26.85,92.55,6.69,0.0
2024-07-02 21:00:00,26.83,92.19,6.36,0.0
2024-07-02 22:00:00,26.77,92.24,5.89,0.0
2024-07-02 23:00:00,26.73,92.34,5.67,0.0
2024-07-03 00:00:00,26.73,92.42,5.36,1.8
2024-07-03 01:00:00,27.38,90.6,5.63,64.65
2024-07-03 02:00:00,28.41,86.47,6.7,163.9
2024-07-03 03:00:00,29.36,81.62,8.05,300.38
2024-07-03 04:00:00,30.11,77.61,8.76,443.7
2024-07-03 05:00:00,30.69,74.8,8.85,566.1
2024-07-03 06:00:00,31.01,73.01,8.78,645.35
2024-07-03 07:00:00,31.09,72.64,8.94,615.05
2024-07-03 08:00:00,30.82,73.78,9.11,584.4
2024-07-03 09:00:00,30.4,75.36,9.05,442.38
2024-07-03 10:00:00,29.84,77.62,8.75,329.05
2024-07-03 11:00:00,29.25,80.28,8.22,199.3
2024-07-03 12:00:00,28.48,84.97,7.14,80.2
2024-07-03 13:00:00,27.67,89.97,6.07,13.45
2024-07-03 14:00:00,27.29,91.74,5.93,0.0
2024-07-03 15:00:00,27.11,92.76,5.62,0.0
2024-07-03 16:00:00,27.04,92.61,5.75,0.0
2024-07-03 17:00:00,26.95,92.66,5.69,0.0
2024-07-03 18:00:00,26.82,93.07,5.51,0.0
2024-07-03 19:00:00,26.7,93.51,5.2,0.0
2024-07-03 20:00:00,26.66,93.37,5.31,0.0
2024-07-03 21:00:00,26.56,93.64,5.18,0.0
2024-07-03 22:00:00,26.47,93.71,5.03,0.0
2024-07-03 23:00:00,26.45,93.34,4.92,0.0
2024-07-04 00:00:00,26.47,93.4,4.52,2.22
2024-07-04 01:00:00,27.33,90.88,4.99,53.85
2024-07-04 02:00:00,28.36,86.2,6.06,136.98
2024-07-04 03:00:00,29.17,81.57,6.95,273.45
2024-07-04 04:00:00,29.75,78.68,7.41,412.1
2024-07-04 05:00:00,30.05,77.26,7.7,524.15
2024-07-04 06:00:00,30.15,77.04,7.88,613.5
2024-07-04 07:00:00,29.96,77.63,7.77,638.53
2024-07-04 08:00:00,29.66,78.49,7.62,620.25
2024-07-04 09:00:00,29.38,79.69,7.62,515.9
2024-07-04 10:00:00,29.48,79.62,7.77,360.5
2024-07-04 11:00:00,29.28,80.39,7.69,215.35
2024-07-04 12:00:00,28.52,84.57,6.87,89.9
2024-07-04 13:00:00,27.6,90.5,5.19,14.25
2024-07-04 14:00:00,27.19,92.94,4.53,0.0
2024-07-04 15:00:00,27.1,93.91,4.27,0.0
2024-07-04 16:00:00,27.05,94.34,4.35,0.0
2024-07-04 17:00:00,27.0,94.51,4.61,0.0
2024-07-04 18:00:00,26.98,94.48,5.05,0.0
2024-07-04 19:00:00,26.96,94.51,5.44,0.0
2024-07-04 20:00:00,26.95,94.5,5.81,0.0
2024-07-04 21:00:00,26.96,94.05,5.99,0.0
2024-07-04 22:00:00,26.94,93.88,5.83,0.0
2024-07-04 23:00:00,26.93,93.91,5.7,0.0
2024-07-05 00:00:00,26.97,93.82,5.62,1.62
2024-07-05 01:00:00,27.39,92.82,5.84,42.55
2024-07-05 02:00:00,28.08,90.67,6.37,121.88
2024-07-05 03:00:00,28.77,86.01,7.7,216.07
2024-07-05 04:00:00,29.32,82.07,8.43,332.05
2024-07-05 05:00:00,29.72,80.26,8.56,407.95
2024-07-05 06:00:00,29.92,79.29,8.52,520.17
2024-07-05 07:00:00,29.86,79.54,8.38,428.48
2024-07-05 08:00:00,29.81,79.72,8.33,456.7
2024-07-05 09:00:00,29.63,80.31,8.34,408.55
2024-07-05 10:00:00,29.31,81.39,8.28,309.92
2024-07-05 11:00:00,28.77,83.66,7.89,198.75
2024-07-05 12:00:00,28.12,87.47,6.89,84.7
2024-07-05 13:00:00,27.4,91.43,5.69,15.02
2024-07-05 14:00:00,27.0,92.71,5.44,0.0
2024-07-05 15:00:00,26.88,92.76,5.24,0.0
2024-07-05 16:00:00,26.79,93.21,5.06,0.0
2024-07-05 17:00:00,26.74,93.94,4.97,0.0
2024-07-05 18:00:00,26.7,94.52,4.88,0.0
2024-07-05 19:00:00,26.7,94.63,4.97,0.0
2024-07-05 20:00:00,26.78,94.11,5.35,0.0
2024-07-05 21:00:00,26.85,93.88,5.75,0.0
2024-07-05 22:00:00,26.9,93.57,6.61,0.0
2024-07-05 23:00:00,26.92,93.18,7.35,0.0
2024-07-06 00:00:00,26.93,93.19,7.22,1.65
2024-07-06 01:00:00,27.28,92.29,7.09,41.0
2024-07-06 02:00:00,28.02,89.54,7.54,117.7
2024-07-06 03:00:00,28.78,84.35,8.93,202.35
2024-07-06 04:00:00,29.53,80.72,9.63,301.02
2024-07-06 05:00:00,29.92,79.04,9.95,391.77
2024-07-06 06:00:00,29.97,78.89,10.0,393.15
2024-07-06 07:00:00,29.88,79.2,9.97,312.1
2024-07-06 08:00:00,29.98,78.84,9.81,322.27
2024-07-06 09:00:00,29.79,79.71,9.49,306.75
2024-07-06 10:00:00,29.27,82.09,8.99,279.6
2024-07-06 11:00:00,28.56,85.82,8.06,164.93
2024-07-06 12:00:00,27.96,89.78,6.75,75.7
2024-07-06 13:00:00,27.41,92.66,5.9,11.88
2024-07-06 14:00:00,27.2,93.51,5.75,0.0
2024-07-06 15:00:00,27.11,94.23,5.32,0.0
2024-07-06 16:00:00,27.02,94.59,5.16,0.0
2024-07-06 17:00:00,26.97,94.39,5.34,0.0
2024-07-06 18:00:00,26.88,94.5,5.54,0.0
2024-07-06 19:00:00,26.8,94.46,5.7,0.0
2024-07-06 20:00:00,26.72,94.53,5.21,0.0
2024-07-06 21:00:00,26.62,94.83,4.68,0.0
2024-07-06 22:00:00,26.59,94.63,4.88,0.0
2024-07-06 23:00:00,26.53,94.46,4.9,0.0
2024-07-07 00:00:00,26.52,94.3,4.86,1.15
2024-07-07 01:00:00,26.85,93.76,5.17,37.65
2024-07-07 02:00:00,27.43,92.37,5.56,106.03
2024-07-07 03:00:00,28.19,89.02,6.5,174.55
2024-07-07 04:00:00,29.08,85.26,7.43,256.52
2024-07-07 05:00:00,29.63,82.8,7.87,313.25
2024-07-07 06:00:00,29.9,81.5,7.97,368.02
2024-07-07 07:00:00,29.94,80.92,8.0,430.85
2024-07-07 08:00:00,29.91,80.57,7.84,441.17
2024-07-07 09:00:00,29.71,80.88,7.51,384.1
2024-07-07 10:00:00,29.05,83.27,6.95,283.73
2024-07-07 11:00:00,28.41,86.94,5.93,155.3
2024-07-07 12:00:00,27.8,91.24,4.46,77.45
2024-07-07 13:00:00,27.29,94.18,3.53,11.07
2024-07-07 14:00:00,27.07,94.81,3.53,0.0
2024-07-07 15:00:00,26.98,95.28,3.38,0.0
2024-07-07 16:00:00,26.91,95.54,3.58,0.0
2024-07-07 17:00:00,26.88,95.28,4.31,0.0
2024-07-07 18:00:00,26.81,94.82,4.74,0.0
2024-07-07 19:00:00,26.69,94.86,4.44,0.0
2024-07-07 20:00:00,26.56,95.06,4.07,0.0
2024-07-07 21:00:00,26.49,95.11,4.0,0.0
2024-07-07 22:00:00,26.41,95.18,3.86,0.0
2024-07-07 23:00:00,26.33,95.32,3.6,0.0
2024-07-08 00:00:00,26.29,95.49,3.35,1.33
2024-07-08 01:00:00,26.86,94.0,3.86,35.45
2024-07-08 02:00:00,27.54,91.66,4.57,97.53
2024-07-08 03:00:00,28.16,88.68,5.41,136.68
2024-07-08 04:00:00,28.7,85.87,5.83,227.88
2024-07-08 05:00:00,29.12,84.41,6.1,336.7
2024-07-08 06:00:00,29.24,83.96,6.13,333.62
2024-07-08 07:00:00,29.35,83.49,6.13,313.33
2024-07-08 08:00:00,29.42,83.25,6.15,293.8
2024-07-08 09:00:00,29.25,83.74,5.83,339.02
2024-07-08 10:00:00,28.92,84.86,5.45,236.77
2024-07-08 11:00:00,28.48,86.59,5.03,146.6
2024-07-08 12:00:00,27.86,89.97,4.22,58.05
2024-07-08 13:00:00,27.2,93.69,3.68,8.95
2024-07-08 14:00:00,26.86,94.96,3.62,0.0
2024-07-08 15:00:00,26.68,95.44,3.64,0.0
2024-07-08 16:00:00,26.54,95.63,3.68,0.0
2024-07-08 17:00:00,26.46,95.68,3.56,0.0
2024-07-08 18:00:00,26.39,95.7,3.52,0.0
2024-07-08 19:00:00,26.33,95.6,3.56,0.0
2024-07-08 20:00:00,26.2,95.77,3.87,0.0
2024-07-08 21:00:00,26.06,96.0,4.53,0.0
2024-07-08 22:00:00,25.91,96.28,4.78,0.0
2024-07-08 23:00:00,25.75,96.44,4.07,0.0
2024-07-09 00:00:00,25.59,96.96,2.93,1.5
2024-07-09 01:00:00,26.17,95.16,3.04,56.65
2024-07-09 02:00:00,26.75,92.59,3.52,172.7
2024-07-09 03:00:00,27.33,89.83,3.65,279.58
2024-07-09 04:00:00,27.88,86.76,3.64,375.02
2024-07-09 05:00:00,28.32,84.4,3.54,480.85
2024-07-09 06:00:00,28.49,82.1,3.39,526.45
2024-07-09 07:00:00,28.58,80.63,3.28,462.75
2024-07-09 08:00:00,28.69,79.63,3.37,401.58
2024-07-09 09:00:00,28.84,78.72,3.53,266.2
2024-07-09 10:00:00,28.69,78.3,3.83,196.4
2024-07-09 11:00:00,28.17,79.74,4.07,148.65
2024-07-09 12:00:00,27.27,84.76,3.97,68.95
2024-07-09 13:00:00,26.19,91.48,3.49,8.85
2024-07-09 14:00:00,25.63,94.34,3.65,0.0
2024-07-09 15:00:00,25.4,95.12,3.91,0.0
2024-07-09 16:00:00,25.21,95.37,3.84,0.0
2024-07-09 17:00:00,25.08,95.25,3.67,0.0
2024-07-09 18:00:00,24.89,95.32,3.4,0.0
2024-07-09 19:00:00,24.67,95.84,3.09,0.0
2024-07-09 20:00:00,24.52,96.19,2.79,0.0
2024-07-09 21:00:00,24.37,96.62,2.44,0.0
2024-07-09 22:00:00,24.29,97.02,2.28,0.0
2024-07-09 23:00:00,24.3,97.2,2.27,0.0
2024-07-10 00:00:00,24.4,97.08,2.31,0.0
2024-07-10 01:00:00,25.24,94.94,3.11,59.8
2024-07-10 02:00:00,26.26,91.09,3.72,141.2
2024-07-10 03:00:00,27.23,87.12,4.11,253.43
2024-07-10 04:00:00,27.75,85.35,4.4,380.12
2024-07-10 05:00:00,28.22,83.49,4.58,502.73
2024-07-10 06:00:00,28.63,81.58,4.65,576.83
2024-07-10 07:00:00,29.29,78.25,4.77,629.75
2024-07-10 08:00:00,29.6,74.89,5.01,646.88
2024-07-10 09:00:00,29.57,73.35,5.16,636.33
2024-07-10 10:00:00,29.3,73.65,5.05,440.73
2024-07-10 11:00:00,28.79,76.19,4.58,255.68
2024-07-10 12:00:00,28.0,81.34,3.77,109.55
2024-07-10 13:00:00,26.76,89.61,2.72,14.35
2024-07-10 14:00:00,26.02,93.33,2.46,0.0
2024-07-10 15:00:00,25.75,94.83,2.55,0.0
2024-07-10 16:00:00,25.57,96.02,2.62,0.0
2024-07-10 17:00:00,25.41,97.21,2.71,0.0
2024-07-10 18:00:00,25.36,97.74,2.83,0.0
2024-07-10 19:00:00,25.31,98.01,2.74,0.0
2024-07-10 20:00:00,25.24,98.15,2.69,0.0
2024-07-10 21:00:00,25.18,98.26,2.63,0.0
2024-07-10 22:00:00,25.09,98.38,2.44,0.0
2024-07-10 23:00:00,25.06,98.38,2.28,0.0
2024-07-11 00:00:00,25.14,98.01,2.18,0.0
2024-07-11 01:00:00,26.46,94.46,2.67,25.12
2024-07-11 02:00:00,27.44,90.62,3.42,83.05
2024-07-11 03:00:00,28.42,86.14,4.11,161.12
2024-07-11 04:00:00,29.21,81.87,4.6,258.2
2024-07-11 05:00:00,29.61,79.76,5.03,350.12
2024-07-11 06:00:00,29.87,78.93,5.55,409.42
2024-07-11 07:00:00,30.0,78.31,6.21,387.92
2024-07-11 08:00:00,29.92,78.05,6.67,325.08
2024-07-11 09:00:00,29.66,78.89,7.05,227.38
2024-07-11 10:00:00,29.15,81.86,7.18,110.2
2024-07-11 11:00:00,28.51,85.59,7.02,44.9
2024-07-11 12:00:00,27.83,89.47,6.13,22.35
2024-07-11 13:00:00,27.07,93.45,4.88,4.18
2024-07-11 14:00:00,26.68,95.23,4.11,0.0
2024-07-11 15:00:00,26.53,95.97,3.46,0.0
2024-07-11 16:00:00,26.52,95.98,3.32,0.0
2024-07-11 17:00:00,26.51,95.92,3.84,0.0
2024-07-11 18:00:00,26.48,95.75,4.39,0.0
2024-07-11 19:00:00,26.45,95.81,4.7,0.0
2024-07-11 20:00:00,26.39,95.94,4.88,0.0
2024-07-11 21:00:00,26.35,96.01,4.99,0.0
2024-07-11 22:00:00,26.29,96.19,4.6,0.0
2024-07-11 23:00:00,26.25,96.16,4.33,0.0
2024-07-12 00:00:00,26.23,96.14,4.1,0.0
2024-07-12 01:00:00,26.57,95.56,4.07,43.67
2024-07-12 02:00:00,27.04,94.44,4.38,114.2
2024-07-12 03:00:00,27.48,92.68,5.05,200.75
2024-07-12 04:00:00,27.8,91.2,5.77,309.6
2024-07-12 05:00:00,28.07,89.75,6.4,399.9
2024-07-12 06:00:00,28.36,88.13,6.81,451.75
2024-07-12 07:00:00,28.56,86.94,7.0,403.08
2024-07-12 08:00:00,28.62,86.42,7.02,205.07
2024-07-12 09:00:00,28.53,86.83,6.78,138.62
2024-07-12 10:00:00,28.22,88.11,6.43,132.9
2024-07-12 11:00:00,27.89,89.57,5.83,75.05
2024-07-12 12:00:00,27.42,92.64,4.76,39.55
2024-07-12 13:00:00,26.9,95.02,3.85,6.53
2024-07-12 14:00:00,26.67,95.64,3.8,0.0
2024-07-12 15:00:00,26.6,95.63,3.9,0.0
2024-07-12 16:00:00,26.61,95.29,4.3,0.0
2024-07-12 17:00:00,26.55,95.48,4.5,0.0
2024-07-12 18:00:00,26.5,95.54,4.95,0.0
2024-07-12 19:00:00,26.51,95.27,5.89,0.0
2024-07-12 20:00:00,26.51,95.21,6.53,0.0
2024-07-12 21:00:00,26.49,95.37,6.51,0.0
2024-07-12 22:00:00,26.49,95.27,6.4,0.0
2024-07-12 23:00:00,26.49,95.23,6.23,0.0
2024-07-13 00:00:00,26.47,95.33,5.88,0.0
2024-07-13 01:00:00,26.72,95.01,5.99,33.3
2024-07-13 02:00:00,27.23,93.99,6.58,70.95
2024-07-13 03:00:00,27.7,91.5,8.05,118.35
2024-07-13 04:00:00,27.92,89.7,9.01,115.43
2024-07-13 05:00:00,28.02,89.06,9.47,153.1
2024-07-13 06:00:00,28.1,88.57,9.73,151.98
2024-07-13 07:00:00,28.07,88.64,9.79,110.9
2024-07-13 08:00:00,27.9,89.27,9.45,108.0
2024-07-13 09:00:00,27.64,90.51,8.75,83.93
2024-07-13 10:00:00,27.34,92.04,7.7,78.72
2024-07-13 11:00:00,27.1,93.34,6.79,75.1
2024-07-13 12:00:00,26.84,94.14,6.08,36.72
2024-07-13 13:00:00,26.59,94.8,5.52,6.1
2024-07-13 14:00:00,26.49,94.89,5.47,0.0
2024-07-13 15:00:00,26.47,94.81,5.31,0.0
2024-07-13 16:00:00,26.49,94.51,5.61,0.0
2024-07-13 17:00:00,26.48,94.54,5.99,0.0
2024-07-13 18:00:00,26.44,94.55,6.37,0.0
2024-07-13 19:00:00,26.34,94.73,6.37,0.0
2024-07-13 20:00:00,26.24,94.91,6.04,0.0
2024-07-13 21:00:00,26.16,94.91,5.66,0.0
2024-07-13 22:00:00,26.08,94.93,5.33,0.0
2024-07-13 23:00:00,26.05,94.83,5.01,0.0
2024-07-14 00:00:00,26.04,95.03,4.72,0.0
2024-07-14 01:00:00,26.38,94.9,4.75,43.92
2024-07-14 02:00:00,26.96,94.46,5.05,116.68
2024-07-14 03:00:00,27.53,93.52,5.82,239.55
2024-07-14 04:00:00,27.94,92.51,6.82,310.4
2024-07-14 05:00:00,28.22,91.23,7.5,385.25
2024-07-14 06:00:00,28.37,90.54,7.75,452.48
2024-07-14 07:00:00,28.5,89.77,7.79,506.45
2024-07-14 08:00:00,28.52,89.72,7.79,392.27
2024-07-14 09:00:00,28.42,90.02,7.6,421.2
2024-07-14 10:00:00,28.29,90.46,7.24,335.75
2024-07-14 11:00:00,28.07,91.38,6.65,227.55
2024-07-14 12:00:00,27.69,93.54,5.49,96.2
2024-07-14 13:00:00,27.18,95.28,4.34,15.07
2024-07-14 14:00:00,26.87,95.88,4.0,0.0
2024-07-14 15:00:00,26.73,96.06,3.86,0.0
2024-07-14 16:00:00,26.69,96.04,4.11,0.0
2024-07-14 17:00:00,26.66,95.94,4.51,0.0
2024-07-14 18:00:00,26.59,96.02,4.55,0.0
2024-07-14 19:00:00,26.52,96.03,4.35,0.0
2024-07-14 20:00:00,26.45,96.14,4.31,0.0
2024-07-14 21:00:00,26.4,96.02,4.22,0.0
2024-07-14 22:00:00,26.32,96.14,3.93,0.0
2024-07-14 23:00:00,26.25,96.23,3.66,0.0
2024-07-15 00:00:00,26.19,96.35,3.26,0.0
2024-07-15 01:00:00,26.64,95.61,3.17,54.2
2024-07-15 02:00:00,27.3,93.48,3.62,128.18
2024-07-15 03:00:00,27.76,91.49,3.67,218.88
2024-07-15 04:00:00,27.98,90.46,3.49,309.42
2024-07-15 05:00:00,28.29,88.79,3.24,373.02
2024-07-15 06:00:00,28.63,84.89,2.94,402.25
2024-07-15 07:00:00,28.92,81.03,2.69,337.15
2024-07-15 08:00:00,29.09,78.61,2.79,352.5
2024-07-15 09:00:00,29.04,77.64,3.05,372.75
2024-07-15 10:00:00,28.75,78.38,3.17,185.6
2024-07-15 11:00:00,28.27,80.94,3.15,123.57
2024-07-15 12:00:00,27.54,85.74,2.67,63.8
2024-07-15 13:00:00,26.63,90.16,2.28,11.48
2024-07-15 14:00:00,25.97,93.72,2.06,0.0
2024-07-15 15:00:00,25.64,94.93,2.14,0.0
2024-07-15 16:00:00,25.43,95.58,2.22,0.0
2024-07-15 17:00:00,25.27,96.01,2.28,0.0
2024-07-15 18:00:00,25.18,96.21,2.38,0.0
2024-07-15 19:00:00,25.11,96.36,2.47,0.0
2024-07-15 20:00:00,25.04,96.38,2.56,0.0
2024-07-15 21:00:00,24.97,96.2,2.55,0.0
2024-07-15 22:00:00,24.9,95.81,2.48,0.0
2024-07-15 23:00:00,24.8,95.16,2.48,0.0
2024-07-16 00:00:00,24.69,94.14,2.36,0.0
2024-07-16 01:00:00,25.05,92.59,2.25,42.72
2024-07-16 02:00:00,25.73,86.77,2.59,115.6
2024-07-16 03:00:00,26.52,80.0,2.98,228.62
2024-07-16 04:00:00,26.98,77.75,3.32,341.7
2024-07-16 05:00:00,27.18,78.22,3.52,429.88
2024-07-16 06:00:00,27.18,79.58,3.88,490.05
2024-07-16 07:00:00,27.19,80.92,4.2,419.55
2024-07-16 08:00:00,27.39,81.65,4.47,448.73
2024-07-16 09:00:00,27.43,82.52,4.73,279.73
2024-07-16 10:00:00,27.19,83.7,4.86,260.5
2024-07-16 11:00:00,26.81,85.14,4.79,157.57
2024-07-16 12:00:00,26.32,87.47,4.2,68.28
2024-07-16 13:00:00,25.58,91.81,2.76,9.57
2024-07-16 14:00:00,25.1,93.97,2.28,0.0
2024-07-16 15:00:00,24.83,94.77,2.5,0.0
2024-07-16 16:00:00,24.66,95.63,2.55,0.0
2024-07-16 17:00:00,24.57,96.45,2.58,0.0
2024-07-16 18:00:00,24.59,97.23,2.59,0.0
2024-07-16 19:00:00,24.84,97.3,2.75,0.0
2024-07-16 20:00:00,25.19,96.93,3.34,0.0
2024-07-16 21:00:00,25.45,96.79,4.01,0.0
2024-07-16 22:00:00,25.62,96.52,4.5,0.0
2024-07-16 23:00:00,25.71,96.35,4.71,0.0
2024-07-17 00:00:00,25.81,96.34,4.97,0.0
2024-07-17 01:00:00,26.11,95.98,5.52,50.83
2024-07-17 02:00:00,26.58,95.51,6.54,126.65
2024-07-17 03:00:00,27.15,94.6,7.92,274.58
2024-07-17 04:00:00,27.6,91.3,10.01,394.33
2024-07-17 05:00:00,27.95,87.71,10.47,530.12
2024-07-17 06:00:00,28.3,85.88,10.0,601.03
2024-07-17 07:00:00,28.58,84.75,9.55,661.38
2024-07-17 08:00:00,28.62,84.44,9.11,608.85
2024-07-17 09:00:00,28.49,84.76,8.61,542.58
2024-07-17 10:00:00,28.21,85.83,7.96,381.85
2024-07-17 11:00:00,27.82,87.64,6.99,228.12
2024-07-17 12:00:00,27.31,91.01,5.36,96.07
2024-07-17 13:00:00,26.7,94.34,4.08,14.52
2024-07-17 14:00:00,26.34,95.35,4.27,0.0
2024-07-17 15:00:00,26.2,95.46,4.25,0.0
2024-07-17 16:00:00,26.18,95.32,4.46,0.0
2024-07-17 17:00:00,26.15,95.46,4.6,0.0
2024-07-17 18:00:00,26.11,95.7,4.69,0.0
2024-07-17 19:00:00,26.09,95.68,4.96,0.0
2024-07-17 20:00:00,26.05,95.59,5.18,0.0
2024-07-17 21:00:00,26.0,95.42,5.28,0.0
2024-07-17 22:00:00,25.98,95.24,5.05,0.0
2024-07-17 23:00:00,25.98,95.13,4.47,0.0
2024-07-18 00:00:00,26.03,95.22,4.45,0.0
2024-07-18 01:00:00,26.37,94.82,5.18,18.52
2024-07-18 02:00:00,26.89,94.17,5.68,68.72
2024-07-18 03:00:00,27.43,92.52,6.64,150.27
2024-07-18 04:00:00,27.89,90.59,7.78,216.48
2024-07-18 05:00:00,28.1,89.77,8.63,223.0
2024-07-18 06:00:00,28.02,90.39,9.1,187.5
2024-07-18 07:00:00,27.92,90.9,9.45,225.93
2024-07-18 08:00:00,27.76,91.32,9.53,256.92
2024-07-18 09:00:00,27.59,92.03,9.36,243.43
2024-07-18 10:00:00,27.4,93.11,9.16,224.98
2024-07-18 11:00:00,27.14,94.2,8.69,134.45
2024-07-18 12:00:00,26.79,94.74,8.18,64.62
2024-07-18 13:00:00,26.42,94.76,7.71,10.77
2024-07-18 14:00:00,26.21,94.75,7.1,0.0
2024-07-18 15:00:00,26.15,94.85,6.81,0.0
2024-07-18 16:00:00,26.11,94.76,7.03,0.0
2024-07-18 17:00:00,26.02,94.82,7.22,0.0
2024-07-18 18:00:00,25.98,94.77,7.05,0.0
2024-07-18 19:00:00,25.95,94.8,6.67,0.0
2024-07-18 20:00:00,25.93,95.05,5.94,0.0
2024-07-18 21:00:00,25.9,95.14,5.59,0.0
2024-07-18 22:00:00,25.9,94.77,5.66,0.0
2024-07-18 23:00:00,25.9,94.83,5.43,0.0
2024-07-19 00:00:00,25.93,94.57,5.52,0.0
2024-07-19 01:00:00,26.1,94.54,5.18,17.7
2024-07-19 02:00:00,26.57,93.88,5.39,53.15
2024-07-19 03:00:00,27.01,93.16,6.05,66.57
2024-07-19 04:00:00,27.39,91.55,7.15,127.82
2024-07-19 05:00:00,27.63,90.5,7.82,123.4
2024-07-19 06:00:00,27.76,90.4,8.22,135.3
2024-07-19 07:00:00,27.83,90.35,8.56,171.3
2024-07-19 08:00:00,27.93,90.09,8.88,263.33
2024-07-19 09:00:00,27.93,89.67,8.94,254.35
2024-07-19 10:00:00,27.79,89.67,8.82,291.48
2024-07-19 11:00:00,27.49,90.58,8.48,177.23
2024-07-19 12:00:00,27.06,93.0,7.26,83.4
2024-07-19 13:00:00,26.57,94.61,6.46,12.48
2024-07-19 14:00:00,26.34,94.46,6.72,0.0
2024-07-19 15:00:00,26.21,94.27,6.79,0.0
2024-07-19 16:00:00,26.08,94.56,6.41,0.0
2024-07-19 17:00:00,26.0,94.93,6.2,0.0
2024-07-19 18:00:00,25.95,95.04,6.18,0.0
2024-07-19 19:00:00,25.91,95.02,6.18,0.0
2024-07-19 20:00:00,25.87,95.11,5.92,0.0
2024-07-19 21:00:00,25.84,95.14,5.8,0.0
2024-07-19 22:00:00,25.84,95.12,5.97,0.0
2024-07-19 23:00:00,25.87,95.11,5.95,0.0
2024-07-20 00:00:00,25.9,95.22,5.71,0.0
2024-07-20 01:00:00,26.28,94.66,6.31,20.02
2024-07-20 02:00:00,26.62,95.1,6.51,53.4
2024-07-20 03:00:00,27.0,94.57,6.79,106.53
2024-07-20 04:00:00,27.31,93.02,7.77,172.25
2024-07-20 05:00:00,27.34,92.17,8.42,119.57
2024-07-20 06:00:00,27.29,92.09,8.66,101.1
2024-07-20 07:00:00,27.3,91.76,8.85,175.32
2024-07-20 08:00:00,27.29,91.4,8.82,131.98
2024-07-20 09:00:00,27.18,91.74,8.48,190.32
2024-07-20 10:00:00,26.99,92.98,7.72,153.43
2024-07-20 11:00:00,26.75,94.15,6.81,127.62
2024-07-20 12:00:00,26.46,94.82,6.27,63.8
2024-07-20 13:00:00,26.16,95.5,6.06,10.7
2024-07-20 14:00:00,26.03,95.67,6.07,0.0
2024-07-20 15:00:00,26.0,95.77,5.99,0.0
2024-07-20 16:00:00,26.03,95.85,5.71,0.0
2024-07-20 17:00:00,26.02,96.09,5.47,0.0
2024-07-20 18:00:00,26.03,96.07,5.55,0.0
2024-07-20 19:00:00,26.06,95.73,6.03,0.0
2024-07-20 20:00:00,26.05,95.76,5.8,0.0
2024-07-20 21:00:00,26.04,95.61,5.7,0.0
2024-07-20 22:00:00,26.04,95.46,5.85,0.0
2024-07-20 23:00:00,26.0,95.62,5.47,0.0
2024-07-21 00:00:00,25.95,95.87,5.06,0.0
2024-07-21 01:00:00,26.18,95.39,5.15,41.2
2024-07-21 02:00:00,26.53,95.09,5.52,114.57
2024-07-21 03:00:00,27.04,93.74,5.97,136.65
2024-07-21 04:00:00,27.29,92.41,6.4,250.38
2024-07-21 05:00:00,27.48,91.53,6.74,309.05
2024-07-21 06:00:00,27.69,90.62,6.79,151.38
2024-07-21 07:00:00,27.73,90.57,6.83,112.45
2024-07-21 08:00:00,27.66,91.05,6.91,86.65
2024-07-21 09:00:00,27.5,91.82,6.9,119.53
2024-07-21 10:00:00,27.27,92.95,6.66,132.3
2024-07-21 11:00:00,27.09,94.12,6.07,103.72
2024-07-21 12:00:00,26.88,95.01,5.61,52.88
2024-07-21 13:00:00,26.59,95.58,5.36,9.4
2024-07-21 14:00:00,26.51,95.6,5.43,0.0
2024-07-21 15:00:00,26.47,95.67,5.74,0.0
2024-07-21 16:00:00,26.36,95.67,5.93,0.0
2024-07-21 17:00:00,26.16,95.56,5.61,0.0
2024-07-21 18:00:00,25.94,95.47,5.34,0.0
2024-07-21 19:00:00,25.77,95.23,5.41,0.0
2024-07-21 20:00:00,25.62,95.11,5.56,0.0
2024-07-21 21:00:00,25.5,95.33,5.11,0.0
2024-07-21 22:00:00,25.42,95.67,3.99,0.0
2024-07-21 23:00:00,25.42,95.74,3.75,0.0
2024-07-22 00:00:00,25.45,95.9,3.73,0.0
2024-07-22 01:00:00,25.75,95.38,3.99,21.85
2024-07-22 02:00:00,26.15,94.73,4.69,57.65
2024-07-22 03:00:00,26.54,93.66,5.96,100.68
2024-07-22 04:00:00,26.9,92.77,6.93,156.23
2024-07-22 05:00:00,27.14,91.13,7.79,181.88
2024-07-22 06:00:00,27.34,90.04,8.21,182.75
2024-07-22 07:00:00,27.48,89.78,8.52,223.12
2024-07-22 08:00:00,27.42,90.19,8.67,209.82
2024-07-22 09:00:00,27.06,92.07,8.3,167.8
2024-07-22 10:00:00,26.73,93.71,7.74,182.7
2024-07-22 11:00:00,26.59,94.77,6.94,111.05
2024-07-22 12:00:00,26.45,95.05,6.35,63.92
2024-07-22 13:00:00,26.2,95.14,6.22,9.65
2024-07-22 14:00:00,26.08,94.81,6.21,0.0
2024-07-22 15:00:00,26.02,94.75,6.17,0.0
2024-07-22 16:00:00,25.97,95.0,5.94,0.0
2024-07-22 17:00:00,25.95,95.21,6.04,0.0
2024-07-22 18:00:00,25.93,95.27,6.35,0.0
2024-07-22 19:00:00,25.92,95.18,6.43,0.0
2024-07-22 20:00:00,25.9,95.35,6.4,0.0
2024-07-22 21:00:00,25.85,95.73,5.63,0.0
2024-07-22 22:00:00,25.83,95.6,5.34,0.0
2024-07-22 23:00:00,25.85,95.52,5.57,0.0
2024-07-23 00:00:00,25.9,95.4,5.47,0.0
2024-07-23 01:00:00,26.17,94.55,6.08,34.95
2024-07-23 02:00:00,26.58,94.12,5.78,98.75
2024-07-23 03:00:00,26.96,94.0,6.08,164.82
2024-07-23 04:00:00,27.3,92.29,6.99,279.4
2024-07-23 05:00:00,27.63,90.73,7.65,348.65
2024-07-23 06:00:00,27.87,89.98,8.25,417.02
2024-07-23 07:00:00,27.88,89.8,8.57,355.2
2024-07-23 08:00:00,27.58,90.76,8.37,251.25
2024-07-23 09:00:00,27.22,92.25,8.05,202.6
2024-07-23 10:00:00,26.95,93.44,7.62,103.93
2024-07-23 11:00:00,26.68,93.91,7.1,61.05
2024-07-23 12:00:00,26.39,94.5,6.67,32.38
2024-07-23 13:00:00,26.16,94.9,6.48,5.25
2024-07-23 14:00:00,26.11,94.91,6.24,0.0
2024-07-23 15:00:00,26.1,95.12,6.06,0.0
2024-07-23 16:00:00,26.11,95.08,5.94,0.0
2024-07-23 17:00:00,26.1,95.01,6.39,0.0
2024-07-23 18:00:00,26.03,95.07,6.76,0.0
2024-07-23 19:00:00,25.97,95.04,6.88,0.0
2024-07-23 20:00:00,25.91,94.88,6.87,0.0
2024-07-23 21:00:00,25.89,94.33,6.82,0.0
2024-07-23 22:00:00,25.81,95.13,5.81,0.0
2024-07-23 23:00:00,25.84,95.25,5.54,0.0
2024-07-24 00:00:00,25.84,95.65,5.08,0.0
2024-07-24 01:00:00,26.11,95.43,5.03,19.2
2024-07-24 02:00:00,26.58,94.86,5.36,49.5
2024-07-24 03:00:00,27.03,93.76,6.38,89.22
2024-07-24 04:00:00,27.37,92.15,7.41,96.03
2024-07-24 05:00:00,27.58,90.8,7.94,111.4
2024-07-24 06:00:00,27.58,90.27,8.06,90.82
2024-07-24 07:00:00,27.41,90.84,8.07,94.93
2024-07-24 08:00:00,27.2,91.58,8.24,138.68
2024-07-24 09:00:00,27.06,91.81,8.21,230.15
2024-07-24 10:00:00,26.88,92.13,7.94,197.52
2024-07-24 11:00:00,26.6,92.6,7.52,126.28
2024-07-24 12:00:00,26.3,92.93,7.11,58.42
2024-07-24 13:00:00,25.92,93.57,6.59,9.82
2024-07-24 14:00:00,25.82,93.87,6.59,0.0
2024-07-24 15:00:00,25.8,94.72,6.06,0.0
2024-07-24 16:00:00,25.81,95.18,5.85,0.0
2024-07-24 17:00:00,25.82,95.72,5.82,0.0
2024-07-24 18:00:00,25.9,95.67,6.22,0.0
2024-07-24 19:00:00,25.96,95.44,6.92,0.0
2024-07-24 20:00:00,25.89,95.62,6.33,0.0
2024-07-24 21:00:00,25.81,95.8,5.61,0.0
2024-07-24 22:00:00,25.77,95.75,5.35,0.0
2024-07-24 23:00:00,25.75,95.71,5.21,0.0
2024-07-25 00:00:00,25.73,95.54,5.33,0.0
2024-07-25 01:00:00,25.86,95.07,5.44,21.58
2024-07-25 02:00:00,26.31,93.97,5.56,56.8
2024-07-25 03:00:00,26.67,91.65,6.69,98.15
2024-07-25 04:00:00,26.77,89.69,8.06,144.12
2024-07-25 05:00:00,26.82,88.51,8.96,177.32
2024-07-25 06:00:00,26.78,87.98,9.44,173.8
2024-07-25 07:00:00,26.7,88.03,9.67,160.02
2024-07-25 08:00:00,26.55,88.59,9.59,176.32
2024-07-25 09:00:00,26.42,89.67,8.92,158.43
2024-07-25 10:00:00,26.21,90.92,8.09,128.23
2024-07-25 11:00:00,25.96,91.68,7.48,68.38
2024-07-25 12:00:00,25.66,92.35,7.25,28.75
2024-07-25 13:00:00,25.37,92.91,7.42,5.0
2024-07-25 14:00:00,25.26,92.93,7.7,0.0
2024-07-25 15:00:00,25.22,92.82,7.79,0.0
2024-07-25 16:00:00,25.18,92.63,7.67,0.0
2024-07-25 17:00:00,25.13,92.56,7.44,0.0
2024-07-25 18:00:00,25.1,92.8,7.14,0.0
2024-07-25 19:00:00,25.07,93.4,6.74,0.0
2024-07-25 20:00:00,25.09,93.62,6.54,0.0
2024-07-25 21:00:00,25.11,93.8,6.36,0.0
2024-07-25 22:00:00,25.18,93.88,6.25,0.0
2024-07-25 23:00:00,25.27,94.17,5.77,0.0
2024-07-26 00:00:00,25.32,94.75,5.27,0.0
2024-07-26 01:00:00,25.81,94.09,5.91,26.9
2024-07-26 02:00:00,26.66,92.89,6.95,74.15
2024-07-26 03:00:00,27.42,90.43,8.09,133.43
2024-07-26 04:00:00,27.68,89.21,8.32,222.43
2024-07-26 05:00:00,27.82,88.83,8.71,304.77
2024-07-26 06:00:00,27.94,88.13,9.33,334.92
2024-07-26 07:00:00,27.91,88.03,9.66,352.0
2024-07-26 08:00:00,27.86,88.07,9.69,357.8
2024-07-26 09:00:00,27.65,88.53,9.37,300.7
2024-07-26 10:00:00,27.34,89.9,8.67,254.62
2024-07-26 11:00:00,27.01,91.33,7.77,148.68
2024-07-26 12:00:00,26.68,92.43,6.92,60.38
2024-07-26 13:00:00,26.19,93.58,6.34,7.3
2024-07-26 14:00:00,25.97,94.31,6.06,0.0
2024-07-26 15:00:00,25.95,94.21,6.1,0.0
2024-07-26 16:00:00,25.93,94.21,6.41,0.0
2024-07-26 17:00:00,25.9,94.18,6.74,0.0
2024-07-26 18:00:00,25.81,94.41,6.69,0.0
2024-07-26 19:00:00,25.75,94.5,6.43,0.0
2024-07-26 20:00:00,25.72,94.4,6.35,0.0
2024-07-26 21:00:00,25.67,94.32,6.48,0.0
2024-07-26 22:00:00,25.58,94.44,6.12,0.0
2024-07-26 23:00:00,25.51,94.57,5.67,0.0
2024-07-27 00:00:00,25.45,94.66,5.28,0.0
2024-07-27 01:00:00,25.83,93.91,5.43,31.73
2024-07-27 02:00:00,26.42,92.65,5.99,87.3
2024-07-27 03:00:00,26.96,91.23,6.81,152.55
2024-07-27 04:00:00,27.44,89.41,7.76,220.05
2024-07-27 05:00:00,27.82,88.11,8.47,285.52
2024-07-27 06:00:00,27.92,87.44,8.74,253.82
2024-07-27 07:00:00,27.92,87.31,8.8,293.85
2024-07-27 08:00:00,27.89,87.04,8.72,414.15
2024-07-27 09:00:00,27.69,87.85,8.38,318.83
2024-07-27 10:00:00,27.31,89.5,7.68,240.25
2024-07-27 11:00:00,26.92,91.59,6.76,109.93
2024-07-27 12:00:00,26.62,92.79,5.8,93.3
2024-07-27 13:00:00,26.12,93.86,5.19,6.03
2024-07-27 14:00:00,25.88,94.39,4.99,0.0
2024-07-27 15:00:00,25.84,94.72,4.95,0.0
2024-07-27 16:00:00,25.82,94.71,5.28,0.0
2024-07-27 17:00:00,25.78,94.65,5.34,0.0
2024-07-27 18:00:00,25.71,94.63,5.17,0.0
2024-07-27 19:00:00,25.63,94.48,5.1,0.0
2024-07-27 20:00:00,25.55,94.37,5.28,0.0
2024-07-27 21:00:00,25.51,94.41,5.35,0.0
2024-07-27 22:00:00,25.41,94.6,5.0,0.0
2024-07-27 23:00:00,25.34,94.86,4.61,0.0
2024-07-28 00:00:00,25.31,94.9,4.39,0.0
2024-07-28 01:00:00,25.5,94.66,4.71,25.67
2024-07-28 02:00:00,26.02,93.84,5.3,74.85
2024-07-28 03:00:00,26.67,92.04,6.09,124.22
2024-07-28 04:00:00,27.14,89.91,6.99,207.57
2024-07-28 05:00:00,27.3,89.44,7.52,291.0
2024-07-28 06:00:00,27.21,90.24,7.82,267.95
2024-07-28 07:00:00,27.13,90.9,7.97,273.3
2024-07-28 08:00:00,27.03,91.36,8.06,219.95
2024-07-28 09:00:00,26.95,91.76,7.8,185.57
2024-07-28 10:00:00,26.83,92.56,7.06,136.6
2024-07-28 11:00:00,26.59,93.54,6.43,105.78
2024-07-28 12:00:00,26.26,94.23,6.19,47.97
2024-07-28 13:00:00,25.96,94.96,5.78,5.28
2024-07-28 14:00:00,25.85,95.36,5.49,0.0
2024-07-28 15:00:00,25.83,95.43,5.53,0.0
2024-07-28 16:00:00,25.81,95.61,5.42,0.0
2024-07-28 17:00:00,25.77,95.84,5.31,0.0
2024-07-28 18:00:00,25.74,95.96,5.26,0.0
2024-07-28 19:00:00,25.76,95.8,5.62,0.0
2024-07-28 20:00:00,25.71,95.97,5.66,0.0
2024-07-28 21:00:00,25.68,95.48,6.35,0.0
2024-07-28 22:00:00,25.62,95.31,6.63,0.0
2024-07-28 23:00:00,25.61,94.84,6.43,0.0
2024-07-29 00:00:00,25.56,95.13,5.58,0.0
2024-07-29 01:00:00,25.67,95.34,5.35,24.3
2024-07-29 02:00:00,25.95,95.02,5.58,72.9
2024-07-29 03:00:00,26.27,94.8,5.99,131.3
2024-07-29 04:00:00,26.7,93.19,6.69,215.98
2024-07-29 05:00:00,27.03,91.84,7.4,269.85
2024-07-29 06:00:00,27.48,90.45,7.23,290.45
2024-07-29 07:00:00,27.55,89.81,7.12,240.73
2024-07-29 08:00:00,27.61,89.48,7.01,259.55
2024-07-29 09:00:00,27.6,89.3,6.76,285.65
2024-07-29 10:00:00,27.43,89.71,6.58,254.1
2024-07-29 11:00:00,27.21,91.04,5.95,148.7
2024-07-29 12:00:00,26.89,93.11,5.16,67.62
2024-07-29 13:00:00,26.29,94.88,4.47,7.03
2024-07-29 14:00:00,25.93,95.57,4.09,0.0
2024-07-29 15:00:00,25.77,95.88,3.78,0.0
2024-07-29 16:00:00,25.65,96.05,3.6,0.0
2024-07-29 17:00:00,25.67,96.1,3.66,0.0
2024-07-29 18:00:00,25.72,96.22,3.89,0.0
2024-07-29 19:00:00,25.73,96.3,4.01,0.0
2024-07-29 20:00:00,25.66,96.87,3.94,0.0
2024-07-29 21:00:00,25.66,97.03,4.11,0.0
2024-07-29 22:00:00,25.71,96.66,4.68,0.0
2024-07-29 23:00:00,25.69,96.62,4.73,0.0
2024-07-30 00:00:00,25.63,96.54,4.49,0.0
2024-07-30 01:00:00,26.17,95.51,4.98,37.15
2024-07-30 02:00:00,26.97,93.37,5.78,115.5
2024-07-30 03:00:00,27.68,90.05,6.77,253.8
2024-07-30 04:00:00,28.24,87.48,6.97,399.5
2024-07-30 05:00:00,28.54,86.13,6.86,537.08
2024-07-30 06:00:00,28.78,85.35,6.86,674.65
2024-07-30 07:00:00,28.81,85.17,6.88,680.05
2024-07-30 08:00:00,28.76,85.04,6.91,623.53
2024-07-30 09:00:00,28.52,85.46,6.92,543.7
2024-07-30 10:00:00,28.15,86.28,6.95,364.3
2024-07-30 11:00:00,27.52,88.56,6.52,220.52
2024-07-30 12:00:00,26.94,91.79,5.59,95.75
2024-07-30 13:00:00,26.25,94.65,4.37,12.85
2024-07-30 14:00:00,25.86,95.89,3.94,0.0
2024-07-30 15:00:00,25.71,96.19,3.82,0.0
2024-07-30 16:00:00,25.63,96.08,4.2,0.0
2024-07-30 17:00:00,25.55,96.26,4.41,0.0
2024-07-30 18:00:00,25.5,96.17,4.61,0.0
2024-07-30 19:00:00,25.44,96.17,4.61,0.0
2024-07-30 20:00:00,25.36,96.26,4.36,0.0
2024-07-30 21:00:00,25.29,96.39,3.81,0.0
2024-07-30 22:00:00,25.19,96.77,3.23,0.0
2024-07-30 23:00:00,25.16,96.83,3.08,0.0
2024-07-31 00:00:00,25.19,96.75,3.01,0.0
2024-07-31 01:00:00,26.07,95.04,3.71,41.72
2024-07-31 02:00:00,27.02,92.47,4.59,139.05
2024-07-31 03:00:00,27.83,89.65,5.47,270.95
2024-07-31 04:00:00,28.43,87.59,5.9,434.02
2024-07-31 05:00:00,28.86,86.31,6.07,568.83
2024-07-31 06:00:00,29.13,85.46,6.25,716.22
2024-07-31 07:00:00,29.23,84.99,6.4,664.8
2024-07-31 08:00:00,29.24,84.51,6.51,745.92
2024-07-31 09:00:00,29.05,84.71,6.55,634.58
2024-07-31 10:00:00,28.64,86.33,6.38,430.88
2024-07-31 11:00:00,28.0,89.07,6.11,261.85
2024-07-31 12:00:00,27.33,92.6,5.2,111.55
2024-07-31 13:00:00,26.79,95.49,4.05,15.6
2024-07-31 14:00:00,26.51,96.17,3.9,0.0
2024-07-31 15:00:00,26.39,96.14,3.81,0.0
2024-07-31 16:00:00,26.32,95.93,3.92,0.0
2024-07-31 17:00:00,26.23,95.73,4.37,0.0
2024-07-31 18:00:00,26.12,95.38,4.68,0.0
2024-07-31 19:00:00,26.0,95.5,4.38,0.0
2024-07-31 20:00:00,25.86,96.02,3.87,0.0
2024-07-31 21:00:00,25.77,96.37,3.8,0.0
2024-07-31 22:00:00,25.7,96.62,3.72,0.0
2024-07-31 23:00:00,25.67,96.5,3.92,0.0
2024-08-01 00:00:00,25.64,96.5,4.06,0.0
2024-08-01 01:00:00,26.09,95.47,4.78,43.65
2024-08-01 02:00:00,26.82,93.1,5.92,154.27
2024-08-01 03:00:00,27.51,90.15,7.01,307.7
2024-08-01 04:00:00,27.99,88.18,7.57,426.62
2024-08-01 05:00:00,28.35,87.04,7.91,521.72
2024-08-01 06:00:00,28.42,86.84,8.11,577.38
2024-08-01 07:00:00,28.34,87.03,8.21,571.72
2024-08-01 08:00:00,28.22,87.3,8.17,568.95
2024-08-01 09:00:00,28.11,87.57,8.02,524.92
2024-08-01 10:00:00,27.85,88.11,7.86,374.05
2024-08-01 11:00:00,27.36,89.48,7.49,231.5
2024-08-01 12:00:00,26.76,92.32,6.23,118.78
2024-08-01 13:00:00,26.2,94.72,4.92,13.27
2024-08-01 14:00:00,25.93,95.57,4.53,0.0
2024-08-01 15:00:00,25.85,95.82,4.78,0.0
2024-08-01 16:00:00,25.8,95.8,4.86,0.0
2024-08-01 17:00:00,25.74,95.8,5.1,0.0
2024-08-01 18:00:00,25.7,95.48,5.8,0.0
2024-08-01 19:00:00,25.62,95.67,5.92,0.0
2024-08-01 20:00:00,25.56,95.95,5.74,0.0
2024-08-01 21:00:00,25.52,96.06,5.58,0.0
2024-08-01 22:00:00,25.5,95.98,5.39,0.0
2024-08-01 23:00:00,25.48,96.02,5.33,0.0
2024-08-02 00:00:00,25.47,95.93,5.18,0.0
2024-08-02 01:00:00,25.79,95.35,5.4,30.88
2024-08-02 02:00:00,26.35,94.08,5.89,105.12
2024-08-02 03:00:00,26.87,91.26,6.97,204.52
2024-08-02 04:00:00,27.25,89.15,7.64,331.75
2024-08-02 05:00:00,27.4,88.66,7.98,492.05
2024-08-02 06:00:00,27.45,88.51,8.26,568.28
2024-08-02 07:00:00,27.43,88.71,8.35,635.55
2024-08-02 08:00:00,27.37,88.99,8.37,474.6
2024-08-02 09:00:00,27.19,89.51,8.29,494.27
2024-08-02 10:00:00,26.91,90.83,7.87,319.05
2024-08-02 11:00:00,26.65,92.81,7.04,199.05
2024-08-02 12:00:00,26.35,94.37,6.37,69.15
2024-08-02 13:00:00,26.04,95.06,6.15,6.88
2024-08-02 14:00:00,25.91,95.52,5.83,0.0
2024-08-02 15:00:00,25.86,95.8,5.86,0.0
2024-08-02 16:00:00,25.83,95.73,5.9,0.0
2024-08-02 17:00:00,25.76,95.84,5.94,0.0
2024-08-02 18:00:00,25.68,95.88,6.11,0.0
2024-08-02 19:00:00,25.59,95.81,6.34,0.0
2024-08-02 20:00:00,25.49,95.22,6.76,0.0
2024-08-02 21:00:00,25.34,94.64,6.79,0.0
2024-08-02 22:00:00,25.24,94.07,6.74,0.0
2024-08-02 23:00:00,25.22,94.06,6.37,0.0
2024-08-03 00:00:00,25.26,94.08,6.32,0.0
2024-08-03 01:00:00,25.47,94.18,6.33,18.35
2024-08-03 02:00:00,25.9,94.33,6.37,55.25
2024-08-03 03:00:00,26.42,93.57,7.38,97.15
2024-08-03 04:00:00,26.86,91.69,8.93,147.95
2024-08-03 05:00:00,27.08,90.72,9.73,179.12
2024-08-03 06:00:00,27.08,90.76,10.09,197.82
2024-08-03 07:00:00,27.02,90.87,10.18,160.18
2024-08-03 08:00:00,26.94,91.2,9.99,144.45
2024-08-03 09:00:00,26.84,91.61,9.58,153.98
2024-08-03 10:00:00,26.66,92.5,8.71,137.4
2024-08-03 11:00:00,26.45,93.27,7.97,79.12
2024-08-03 12:00:00,26.14,93.9,7.3,42.88
2024-08-03 13:00:00,25.78,94.49,6.9,6.78
2024-08-03 14:00:00,25.59,94.67,6.85,0.0
2024-08-03 15:00:00,25.52,94.62,6.88,0.0
2024-08-03 16:00:00,25.46,94.89,6.65,0.0
2024-08-03 17:00:00,25.44,95.19,6.4,0.0
2024-08-03 18:00:00,25.4,95.76,5.94,0.0
2024-08-03 19:00:00,25.37,95.81,5.89,0.0
2024-08-03 20:00:00,25.36,95.56,5.94,0.0
2024-08-03 21:00:00,25.34,95.53,5.68,0.0
2024-08-03 22:00:00,25.42,94.86,5.99,0.0
2024-08-03 23:00:00,25.47,94.75,6.12,0.0
2024-08-04 00:00:00,25.54,94.77,6.17,0.0
2024-08-04 01:00:00,25.76,95.11,5.94,28.33
2024-08-04 02:00:00,26.2,95.03,5.73,89.12
2024-08-04 03:00:00,26.59,94.45,6.07,180.25
2024-08-04 04:00:00,26.78,93.39,6.92,260.6
2024-08-04 05:00:00,26.87,92.76,7.26,287.73
2024-08-04 06:00:00,26.91,92.34,7.57,256.98
2024-08-04 07:00:00,26.96,91.91,7.91,218.02
2024-08-04 08:00:00,26.97,91.4,8.27,171.32
2024-08-04 09:00:00,26.8,91.72,8.12,120.38
2024-08-04 10:00:00,26.53,92.62,7.58,112.43
2024-08-04 11:00:00,26.2,94.08,6.73,75.97
2024-08-04 12:00:00,25.96,95.18,5.74,38.22
2024-08-04 13:00:00,25.58,95.58,5.49,5.2
2024-08-04 14:00:00,25.4,95.85,5.05,0.0
2024-08-04 15:00:00,25.38,95.68,5.0,0.0
2024-08-04 16:00:00,25.43,95.47,4.99,0.0
2024-08-04 17:00:00,25.4,95.83,4.68,0.0
2024-08-04 18:00:00,25.4,95.8,4.72,0.0
2024-08-04 19:00:00,25.4,95.65,4.93,0.0
2024-08-04 20:00:00,25.42,95.23,5.17,0.0
2024-08-04 21:00:00,25.37,95.33,5.16,0.0
2024-08-04 22:00:00,25.31,95.48,5.06,0.0
2024-08-04 23:00:00,25.3,95.32,5.11,0.0
2024-08-05 00:00:00,25.28,95.32,5.07,0.0
2024-08-05 01:00:00,25.59,95.03,5.02,32.25
2024-08-05 02:00:00,26.24,93.57,5.95,103.6
2024-08-05 03:00:00,26.89,91.09,6.89,205.77
2024-08-05 04:00:00,27.47,88.7,7.54,289.02
2024-08-05 05:00:00,27.86,87.48,7.95,405.5
2024-08-05 06:00:00,28.1,86.92,8.23,580.75
2024-08-05 07:00:00,28.31,86.11,8.29,615.1
2024-08-05 08:00:00,28.33,85.88,8.25,551.35
2024-08-05 09:00:00,28.09,86.06,7.97,393.25
2024-08-05 10:00:00,27.68,86.8,7.44,257.42
2024-08-05 11:00:00,27.17,88.62,6.63,139.27
2024-08-05 12:00:00,26.68,91.2,5.42,55.28
2024-08-05 13:00:00,25.93,94.16,4.34,6.3
2024-08-05 14:00:00,25.53,95.33,3.88,0.0
2024-08-05 15:00:00,25.37,95.78,3.63,0.0
2024-08-05 16:00:00,25.3,95.74,3.89,0.0
2024-08-05 17:00:00,25.23,96.04,3.77,0.0
2024-08-05 18:00:00,25.17,96.27,3.83,0.0
2024-08-05 19:00:00,25.17,96.29,4.0,0.0
2024-08-05 20:00:00,25.19,96.04,4.31,0.0
2024-08-05 21:00:00,25.17,95.57,4.5,0.0
2024-08-05 22:00:00,25.12,95.05,4.61,0.0
2024-08-05 23:00:00,25.01,95.05,4.39,0.0
2024-08-06 00:00:00,24.91,95.12,3.99,0.0
2024-08-06 01:00:00,25.45,93.95,4.44,29.77
2024-08-06 02:00:00,26.29,91.5,5.45,88.65
2024-08-06 03:00:00,27.05,88.25,6.47,173.73
2024-08-06 04:00:00,27.7,86.18,6.76,257.2
2024-08-06 05:00:00,28.09,85.41,7.04,356.0
2024-08-06 06:00:00,28.23,85.07,7.28,373.25
2024-08-06 07:00:00,28.27,84.85,7.29,396.42
2024-08-06 08:00:00,28.27,84.95,7.31,398.0
2024-08-06 09:00:00,28.14,85.21,7.29,312.77
2024-08-06 10:00:00,27.77,85.93,7.02,240.23
2024-08-06 11:00:00,27.25,87.41,6.32,134.85
2024-08-06 12:00:00,26.61,90.78,5.08,59.62
2024-08-06 13:00:00,25.92,94.33,3.69,6.53
2024-08-06 14:00:00,25.56,95.39,3.28,0.0
2024-08-06 15:00:00,25.41,95.56,3.15,0.0
2024-08-06 16:00:00,25.29,95.69,3.07,0.0
2024-08-06 17:00:00,25.17,95.84,3.05,0.0
2024-08-06 18:00:00,25.1,95.81,3.29,0.0
2024-08-06 19:00:00,25.03,95.75,3.47,0.0
2024-08-06 20:00:00,24.9,96.03,3.29,0.0
2024-08-06 21:00:00,24.77,96.18,3.07,0.0
2024-08-06 22:00:00,24.72,96.1,2.99,0.0
2024-08-06 23:00:00,24.67,96.2,2.83,0.0
2024-08-07 00:00:00,24.67,96.24,2.76,0.0
2024-08-07 01:00:00,25.59,94.41,3.33,32.65
2024-08-07 02:00:00,26.6,91.29,4.51,124.62
2024-08-07 03:00:00,27.52,87.9,5.62,249.3
2024-08-07 04:00:00,28.1,86.01,6.22,387.05
2024-08-07 05:00:00,28.55,84.61,6.61,514.97
2024-08-07 06:00:00,28.8,83.42,6.83,590.05
2024-08-07 07:00:00,28.9,82.61,6.88,463.92
2024-08-07 08:00:00,28.81,82.4,6.78,404.3
2024-08-07 09:00:00,28.58,82.52,6.59,323.0
2024-08-07 10:00:00,28.22,83.11,6.27,208.73
2024-08-07 11:00:00,27.73,84.99,5.69,114.75
2024-08-07 12:00:00,27.15,88.8,4.54,52.38
2024-08-07 13:00:00,26.25,93.15,3.23,6.4
2024-08-07 14:00:00,25.81,94.45,2.85,0.0
2024-08-07 15:00:00,25.62,94.88,2.69,0.0
2024-08-07 16:00:00,25.47,95.26,2.64,0.0
2024-08-07 17:00:00,25.42,95.34,2.78,0.0
2024-08-07 18:00:00,25.34,95.36,3.13,0.0
2024-08-07 19:00:00,25.28,95.36,3.41,0.0
2024-08-07 20:00:00,25.18,95.42,3.53,0.0
2024-08-07 21:00:00,25.08,95.64,3.44,0.0
2024-08-07 22:00:00,25.0,95.7,3.25,0.0
2024-08-07 23:00:00,24.94,95.78,3.09,0.0
2024-08-08 00:00:00,24.89,96.0,2.9,0.0
2024-08-08 01:00:00,25.61,94.66,3.39,18.9
2024-08-08 02:00:00,26.48,91.88,4.63,78.9
2024-08-08 03:00:00,27.38,88.27,5.63,178.82
2024-08-08 04:00:00,28.15,85.3,6.17,300.27
2024-08-08 05:00:00,28.62,83.22,6.56,440.5
2024-08-08 06:00:00,28.79,81.85,6.79,490.15
2024-08-08 07:00:00,28.77,81.18,6.89,464.4
2024-08-08 08:00:00,28.55,81.55,6.76,438.3
2024-08-08 09:00:00,28.36,81.91,6.42,379.33
2024-08-08 10:00:00,28.15,82.31,6.0,306.83
2024-08-08 11:00:00,27.63,84.1,5.4,181.35
2024-08-08 12:00:00,26.91,88.33,4.21,74.7
2024-08-08 13:00:00,26.08,92.95,2.89,8.85
2024-08-08 14:00:00,25.69,94.13,2.62,0.0
2024-08-08 15:00:00,25.56,94.44,2.5,0.0
2024-08-08 16:00:00,25.44,94.8,2.45,0.0
2024-08-08 17:00:00,25.31,95.17,2.47,0.0
2024-08-08 18:00:00,25.21,95.53,2.52,0.0
2024-08-08 19:00:00,25.11,96.01,2.58,0.0
2024-08-08 20:00:00,25.01,96.36,2.61,0.0
2024-08-08 21:00:00,24.95,96.82,2.72,0.0
2024-08-08 22:00:00,24.93,97.15,2.82,0.0
2024-08-08 23:00:00,24.94,97.33,2.85,0.0
2024-08-09 00:00:00,25.03,97.11,3.06,0.0
2024-08-09 01:00:00,25.83,95.5,4.02,33.62
2024-08-09 02:00:00,26.79,92.57,4.91,123.05
2024-08-09 03:00:00,27.72,88.51,5.71,239.75
2024-08-09 04:00:00,28.37,85.64,6.08,326.5
2024-08-09 05:00:00,28.84,83.55,6.39,380.92
2024-08-09 06:00:00,29.14,82.05,6.56,402.88
2024-08-09 07:00:00,29.28,80.92,6.65,385.65
2024-08-09 08:00:00,29.21,80.35,6.7,334.75
2024-08-09 09:00:00,28.92,80.82,6.65,309.27
2024-08-09 10:00:00,28.38,82.94,6.43,276.35
2024-08-09 11:00:00,27.73,86.03,5.92,168.57
2024-08-09 12:00:00,27.09,89.69,4.71,74.78
2024-08-09 13:00:00,26.32,93.94,3.02,9.32
2024-08-09 14:00:00,25.97,95.03,2.5,0.0
2024-08-09 15:00:00,25.82,95.51,2.13,0.0
2024-08-09 16:00:00,25.68,95.81,2.03,0.0
2024-08-09 17:00:00,25.52,96.07,2.05,0.0
2024-08-09 18:00:00,25.36,96.34,2.07,0.0
2024-08-09 19:00:00,25.2,96.57,2.11,0.0
2024-08-09 20:00:00,25.1,96.74,2.19,0.0
2024-08-09 21:00:00,25.0,96.99,2.28,0.0
2024-08-09 22:00:00,24.91,97.2,2.31,0.0
2024-08-09 23:00:00,24.83,97.38,2.23,0.0
2024-08-10 00:00:00,24.73,97.61,2.19,0.0
2024-08-10 01:00:00,25.77,95.22,2.91,37.3
2024-08-10 02:00:00,26.83,91.2,3.85,125.2
2024-08-10 03:00:00,27.76,87.38,4.39,273.33
2024-08-10 04:00:00,28.48,84.65,4.81,430.88
2024-08-10 05:00:00,28.98,82.92,5.31,549.58
2024-08-10 06:00:00,29.22,81.84,5.88,717.7
2024-08-10 07:00:00,29.16,81.37,6.41,759.1
2024-08-10 08:00:00,28.92,81.77,6.87,569.92
2024-08-10 09:00:00,28.56,82.38,7.05,575.25
2024-08-10 10:00:00,28.1,83.44,6.82,412.17
2024-08-10 11:00:00,27.57,85.13,6.24,229.85
2024-08-10 12:00:00,26.87,88.89,5.01,102.03
2024-08-10 13:00:00,26.01,93.5,3.44,11.88
2024-08-10 14:00:00,25.61,95.02,2.97,0.0
2024-08-10 15:00:00,25.48,95.46,2.59,0.0
2024-08-10 16:00:00,25.39,95.69,2.4,0.0
2024-08-10 17:00:00,25.32,95.82,2.36,0.0
2024-08-10 18:00:00,25.23,95.93,2.44,0.0
2024-08-10 19:00:00,25.17,95.92,2.54,0.0
2024-08-10 20:00:00,25.09,95.92,2.58,0.0
2024-08-10 21:00:00,25.04,95.82,2.72,0.0
2024-08-10 22:00:00,25.02,95.64,2.8,0.0
2024-08-10 23:00:00,25.03,95.32,2.88,0.0
2024-08-11 00:00:00,25.01,95.25,2.98,0.0
2024-08-11 01:00:00,25.94,93.27,3.77,37.42
2024-08-11 02:00:00,26.86,90.64,4.9,146.38
2024-08-11 03:00:00,27.6,87.25,5.84,296.77
2024-08-11 04:00:00,28.26,84.28,6.57,386.33
2024-08-11 05:00:00,28.53,82.78,7.02,460.27
2024-08-11 06:00:00,28.62,81.99,7.2,709.03
2024-08-11 07:00:00,28.64,81.65,7.23,718.85
2024-08-11 08:00:00,28.43,82.12,7.04,691.72
2024-08-11 09:00:00,28.09,83.15,6.8,569.0
2024-08-11 10:00:00,27.82,84.19,6.44,459.35
2024-08-11 11:00:00,27.54,85.45,5.85,249.77
2024-08-11 12:00:00,26.93,89.09,4.63,100.18
2024-08-11 13:00:00,26.08,93.71,3.16,10.8
2024-08-11 14:00:00,25.7,95.07,2.72,0.0
2024-08-11 15:00:00,25.52,95.73,2.35,0.0
2024-08-11 16:00:00,25.37,96.1,2.22,0.0
2024-08-11 17:00:00,25.26,96.3,2.29,0.0
2024-08-11 18:00:00,25.12,96.69,2.36,0.0
2024-08-11 19:00:00,25.02,96.98,2.42,0.0
2024-08-11 20:00:00,24.99,97.01,2.5,0.0
2024-08-11 21:00:00,24.98,96.89,2.53,0.0
2024-08-11 22:00:00,24.96,96.71,2.54,0.0
2024-08-11 23:00:00,24.95,96.61,2.56,0.0
2024-08-12 00:00:00,24.95,96.35,2.7,0.0
2024-08-12 01:00:00,25.86,93.92,3.69,30.9
2024-08-12 02:00:00,26.86,90.18,5.06,118.65
2024-08-12 03:00:00,27.83,85.38,5.88,266.12
2024-08-12 04:00:00,28.62,82.0,6.16,363.92
2024-08-12 05:00:00,29.07,80.61,6.34,462.6
2024-08-12 06:00:00,29.35,79.74,6.45,552.53
2024-08-12 07:00:00,29.38,79.55,6.5,556.62
2024-08-12 08:00:00,29.26,79.86,6.43,659.22
2024-08-12 09:00:00,28.95,80.77,6.21,507.3
2024-08-12 10:00:00,28.47,82.31,5.87,416.0
2024-08-12 11:00:00,27.87,84.66,5.39,249.0
2024-08-12 12:00:00,27.14,88.97,4.31,100.1
2024-08-12 13:00:00,26.33,93.67,2.96,11.02
2024-08-12 14:00:00,25.95,95.02,2.61,0.0
2024-08-12 15:00:00,25.77,95.38,2.38,0.0
2024-08-12 16:00:00,25.63,95.6,2.17,0.0
2024-08-12 17:00:00,25.5,95.72,2.09,0.0
2024-08-12 18:00:00,25.35,95.92,2.09,0.0
2024-08-12 19:00:00,25.23,96.12,2.13,0.0
2024-08-12 20:00:00,25.12,96.41,2.17,0.0
2024-08-12 21:00:00,25.03,96.55,2.19,0.0
2024-08-12 22:00:00,24.91,96.75,2.23,0.0
2024-08-12 23:00:00,24.82,96.85,2.22,0.0
2024-08-13 00:00:00,24.76,96.84,2.23,0.0
2024-08-13 01:00:00,25.95,94.11,2.68,34.9
2024-08-13 02:00:00,27.04,89.44,3.85,124.68
2024-08-13 03:00:00,28.0,84.95,4.44,277.25
2024-08-13 04:00:00,28.78,82.09,4.67,405.1
2024-08-13 05:00:00,29.35,80.29,4.83,535.5
2024-08-13 06:00:00,29.61,79.49,4.96,570.35
2024-08-13 07:00:00,29.7,79.32,5.12,635.1
2024-08-13 08:00:00,29.66,79.49,5.17,548.97
2024-08-13 09:00:00,29.45,79.85,5.09,667.0
2024-08-13 10:00:00,29.05,80.65,4.96,492.9
2024-08-13 11:00:00,28.41,82.5,4.65,292.4
2024-08-13 12:00:00,27.49,86.99,3.95,112.03
2024-08-13 13:00:00,26.55,92.43,2.82,10.48
2024-08-13 14:00:00,26.1,94.57,2.27,0.0
2024-08-13 15:00:00,25.87,95.18,2.01,0.0
2024-08-13 16:00:00,25.68,95.64,1.84,0.0
2024-08-13 17:00:00,25.5,96.0,1.71,0.0
2024-08-13 18:00:00,25.31,96.33,1.67,0.0
2024-08-13 19:00:00,25.16,96.5,1.64,0.0
2024-08-13 20:00:00,25.04,96.7,1.6,0.0
2024-08-13 21:00:00,24.93,96.71,1.59,0.0
2024-08-13 22:00:00,24.85,96.51,1.59,0.0
2024-08-13 23:00:00,24.78,96.48,1.59,0.0
2024-08-14 00:00:00,24.77,96.26,1.55,0.0
2024-08-14 01:00:00,25.87,93.81,1.44,44.8
2024-08-14 02:00:00,27.19,86.8,1.73,165.32
2024-08-14 03:00:00,28.21,82.48,1.79,313.67
2024-08-14 04:00:00,29.0,79.26,1.89,486.42
2024-08-14 05:00:00,29.57,77.15,2.19,583.2
2024-08-14 06:00:00,30.01,76.05,2.85,639.8
2024-08-14 07:00:00,30.21,75.7,3.65,632.25
2024-08-14 08:00:00,30.15,75.77,4.39,732.05
2024-08-14 09:00:00,29.77,76.82,4.98,651.15
2024-08-14 10:00:00,29.1,79.22,5.32,531.58
2024-08-14 11:00:00,28.35,82.0,5.28,310.62
2024-08-14 12:00:00,27.44,86.51,4.5,125.47
2024-08-14 13:00:00,26.55,91.91,3.18,11.57
2024-08-14 14:00:00,26.17,93.87,2.57,0.0
2024-08-14 15:00:00,25.97,94.76,2.12,0.0
2024-08-14 16:00:00,25.8,95.19,1.98,0.0
2024-08-14 17:00:00,25.62,95.57,1.97,0.0
2024-08-14 18:00:00,25.44,95.9,1.93,0.0
2024-08-14 19:00:00,25.28,96.07,1.84,0.0
2024-08-14 20:00:00,25.09,96.22,1.76,0.0
2024-08-14 21:00:00,24.97,96.28,1.7,0.0
2024-08-14 22:00:00,24.91,96.09,1.62,0.0
2024-08-14 23:00:00,24.87,95.89,1.61,0.0
2024-08-15 00:00:00,24.8,95.88,1.7,0.0
2024-08-15 01:00:00,25.9,93.28,2.02,44.0
2024-08-15 02:00:00,27.2,86.71,2.87,178.5
2024-08-15 03:00:00,28.23,81.97,3.04,372.2
2024-08-15 04:00:00,28.88,79.44,2.91,540.33
2024-08-15 05:00:00,29.35,78.38,3.06,753.62
2024-08-15 06:00:00,29.68,77.41,3.45,849.97
2024-08-15 07:00:00,29.92,76.72,3.78,756.7
2024-08-15 08:00:00,29.9,76.58,4.04,598.47
2024-08-15 09:00:00,29.61,77.15,4.32,709.75
2024-08-15 10:00:00,29.06,79.03,4.48,537.9
2024-08-15 11:00:00,28.23,83.01,4.3,321.85
2024-08-15 12:00:00,27.4,87.64,3.61,126.53
2024-08-15 13:00:00,26.68,92.36,2.73,11.1
2024-08-15 14:00:00,26.36,93.87,2.56,0.0
2024-08-15 15:00:00,26.19,94.49,2.48,0.0
2024-08-15 16:00:00,26.04,94.84,2.38,0.0
2024-08-15 17:00:00,25.89,95.15,2.24,0.0
2024-08-15 18:00:00,25.77,95.33,2.05,0.0
2024-08-15 19:00:00,25.65,95.59,1.91,0.0
2024-08-15 20:00:00,25.55,95.57,1.9,0.0
2024-08-15 21:00:00,25.43,95.82,1.98,0.0
2024-08-15 22:00:00,25.36,95.91,1.95,0.0
2024-08-15 23:00:00,25.32,95.9,1.88,0.0
2024-08-16 00:00:00,25.27,95.96,1.79,0.0
2024-08-16 01:00:00,26.06,94.47,1.71,43.6
2024-08-16 02:00:00,27.06,88.42,2.22,183.68
2024-08-16 03:00:00,27.95,83.9,2.31,366.55
2024-08-16 04:00:00,28.72,81.04,2.34,565.65
2024-08-16 05:00:00,29.36,78.85,2.55,741.28
2024-08-16 06:00:00,29.91,77.11,3.03,819.45
2024-08-16 07:00:00,29.96,76.92,3.64,744.8
2024-08-16 08:00:00,29.73,77.29,4.06,798.15
2024-08-16 09:00:00,29.61,77.44,4.32,644.88
2024-08-16 10:00:00,29.29,78.37,4.42,448.65
2024-08-16 11:00:00,28.56,81.57,4.42,263.98
2024-08-16 12:00:00,27.66,86.34,3.91,95.03
2024-08-16 13:00:00,26.72,92.13,2.7,10.4
2024-08-16 14:00:00,26.42,93.83,2.17,0.0
2024-08-16 15:00:00,26.26,94.5,1.89,0.0
2024-08-16 16:00:00,26.11,94.92,1.72,0.0
2024-08-16 17:00:00,25.96,95.21,1.64,0.0
2024-08-16 18:00:00,25.79,95.46,1.63,0.0
2024-08-16 19:00:00,25.59,95.66,1.63,0.0
2024-08-16 20:00:00,25.35,95.68,1.55,0.0
2024-08-16 21:00:00,25.26,95.17,1.3,0.0
2024-08-16 22:00:00,25.25,94.42,1.05,0.0
2024-08-16 23:00:00,25.2,94.1,0.86,0.0
2024-08-17 00:00:00,25.14,93.85,0.66,0.0
2024-08-17 01:00:00,25.82,91.92,0.48,44.75
2024-08-17 02:00:00,27.24,83.83,0.47,175.75
2024-08-17 03:00:00,28.54,76.5,0.62,370.55
2024-08-17 04:00:00,29.58,73.14,1.02,527.53
2024-08-17 05:00:00,30.26,72.34,1.49,675.1
2024-08-17 06:00:00,30.65,72.41,1.94,787.97
2024-08-17 07:00:00,30.76,72.83,2.38,800.4
2024-08-17 08:00:00,30.63,73.64,2.7,736.42
2024-08-17 09:00:00,30.38,74.42,2.95,646.03
2024-08-17 10:00:00,30.0,75.35,3.15,452.0
2024-08-17 11:00:00,29.35,77.81,3.3,269.17
2024-08-17 12:00:00,28.33,83.5,3.04,105.85
2024-08-17 13:00:00,27.03,90.49,2.4,8.75
2024-08-17 14:00:00,26.38,93.56,2.17,0.0
2024-08-17 15:00:00,26.03,94.85,2.04,0.0
2024-08-17 16:00:00,25.76,95.71,1.9,0.0
2024-08-17 17:00:00,25.52,96.37,1.8,0.0
2024-08-17 18:00:00,25.29,97.09,1.71,0.0
2024-08-17 19:00:00,25.12,97.5,1.68,0.0
2024-08-17 20:00:00,25.0,97.76,1.67,0.0
2024-08-17 21:00:00,24.92,97.75,1.7,0.0
2024-08-17 22:00:00,24.83,97.77,1.74,0.0
2024-08-17 23:00:00,24.79,97.73,1.75,0.0
2024-08-18 00:00:00,24.74,97.78,1.74,0.0
2024-08-18 01:00:00,25.7,95.03,2.18,46.7
2024-08-18 02:00:00,26.79,90.15,2.5,181.15
2024-08-18 03:00:00,28.03,84.74,2.35,358.15
2024-08-18 04:00:00,29.13,80.28,2.25,482.83
2024-08-18 05:00:00,29.9,77.47,2.29,635.08
2024-08-18 06:00:00,30.36,76.26,2.49,812.0
2024-08-18 07:00:00,30.55,75.84,2.95,829.05
2024-08-18 08:00:00,30.44,76.58,3.58,721.1
2024-08-18 09:00:00,30.03,78.66,4.06,638.15
2024-08-18 10:00:00,29.64,80.87,4.36,465.77
2024-08-18 11:00:00,29.13,83.81,4.43,255.8
2024-08-18 12:00:00,28.34,88.57,3.96,104.55
2024-08-18 13:00:00,27.32,93.4,3.1,6.85
2024-08-18 14:00:00,26.9,94.69,2.87,0.0
2024-08-18 15:00:00,26.67,95.46,2.54,0.0
2024-08-18 16:00:00,26.5,95.93,2.22,0.0
2024-08-18 17:00:00,26.34,96.25,2.05,0.0
2024-08-18 18:00:00,26.19,96.41,2.03,0.0
2024-08-18 19:00:00,26.06,96.49,1.98,0.0
2024-08-18 20:00:00,25.9,96.77,1.93,0.0
2024-08-18 21:00:00,25.74,97.05,1.88,0.0
2024-08-18 22:00:00,25.61,97.25,1.77,0.0
2024-08-18 23:00:00,25.54,97.23,1.76,0.0
2024-08-19 00:00:00,25.54,97.09,1.94,0.0
2024-08-19 01:00:00,25.94,96.0,2.62,37.7
2024-08-19 02:00:00,26.44,94.28,3.02,152.8
2024-08-19 03:00:00,27.01,91.95,3.05,324.42
2024-08-19 04:00:00,27.5,90.05,3.26,529.88
2024-08-19 05:00:00,27.94,88.35,3.48,699.62
2024-08-19 06:00:00,28.31,87.46,3.78,826.12
2024-08-19 07:00:00,28.39,87.87,3.98,860.55
2024-08-19 08:00:00,28.2,89.47,4.1,717.42
2024-08-19 09:00:00,28.02,91.14,4.21,502.35
2024-08-19 10:00:00,27.84,92.58,4.11,219.57
2024-08-19 11:00:00,27.63,94.07,3.87,130.23
2024-08-19 12:00:00,27.35,95.46,3.54,55.9
2024-08-19 13:00:00,27.04,96.09,3.35,3.7
2024-08-19 14:00:00,26.89,96.12,3.39,0.0
2024-08-19 15:00:00,26.76,96.21,3.23,0.0
2024-08-19 16:00:00,26.6,96.54,2.72,0.0
2024-08-19 17:00:00,26.41,96.86,2.18,0.0
2024-08-19 18:00:00,26.23,97.04,1.79,0.0
2024-08-19 19:00:00,26.05,97.27,1.57,0.0
2024-08-19 20:00:00,25.88,97.38,1.52,0.0
2024-08-19 21:00:00,25.77,97.43,1.67,0.0
2024-08-19 22:00:00,25.71,97.45,1.86,0.0
2024-08-19 23:00:00,25.72,97.37,2.04,0.0
2024-08-20 00:00:00,25.74,97.25,2.17,0.0
2024-08-20 01:00:00,26.16,96.35,2.45,35.2
2024-08-20 02:00:00,26.88,94.0,3.2,127.68
2024-08-20 03:00:00,27.65,91.24,3.49,258.05
2024-08-20 04:00:00,28.34,87.87,3.7,341.2
2024-08-20 05:00:00,28.86,84.94,3.85,337.8
2024-08-20 06:00:00,29.27,82.48,3.97,457.27
2024-08-20 07:00:00,29.47,81.33,4.08,458.25
2024-08-20 08:00:00,29.48,81.37,4.28,257.65
2024-08-20 09:00:00,29.34,82.14,4.43,286.38
2024-08-20 10:00:00,28.98,83.94,4.53,253.52
2024-08-20 11:00:00,28.47,86.44,4.41,177.73
2024-08-20 12:00:00,27.72,90.27,3.77,65.22
2024-08-20 13:00:00,26.87,94.19,2.76,3.92
2024-08-20 14:00:00,26.48,95.27,2.4,0.0
2024-08-20 15:00:00,26.23,95.78,2.25,0.0
2024-08-20 16:00:00,26.01,96.18,2.2,0.0
2024-08-20 17:00:00,25.83,96.55,2.12,0.0
2024-08-20 18:00:00,25.67,96.86,1.96,0.0
2024-08-20 19:00:00,25.53,97.09,1.84,0.0
2024-08-20 20:00:00,25.41,97.08,1.81,0.0
2024-08-20 21:00:00,25.3,97.04,1.78,0.0
2024-08-20 22:00:00,25.22,96.7,1.74,0.0
2024-08-20 23:00:00,25.14,96.36,1.65,0.0
2024-08-21 00:00:00,25.15,95.81,1.56,0.0
2024-08-21 01:00:00,26.02,93.84,1.58,46.2
2024-08-21 02:00:00,27.67,85.55,1.61,177.05
2024-08-21 03:00:00,29.16,77.11,1.24,349.88
2024-08-21 04:00:00,30.14,73.58,0.69,496.9
2024-08-21 05:00:00,30.75,72.18,0.62,626.3
2024-08-21 06:00:00,31.07,72.17,1.34,696.42
2024-08-21 07:00:00,31.02,73.45,2.12,780.35
2024-08-21 08:00:00,30.5,76.53,3.02,736.6
2024-08-21 09:00:00,29.81,80.25,3.8,630.75
2024-08-21 10:00:00,29.21,83.53,4.19,461.83
2024-08-21 11:00:00,28.6,86.72,4.13,273.38
2024-08-21 12:00:00,27.91,90.46,3.44,101.25
2024-08-21 13:00:00,27.24,94.12,2.43,7.75
2024-08-21 14:00:00,26.98,94.91,2.06,0.0
2024-08-21 15:00:00,26.8,95.09,1.88,0.0
2024-08-21 16:00:00,26.58,95.26,1.75,0.0
2024-08-21 17:00:00,26.4,95.17,1.62,0.0
2024-08-21 18:00:00,26.23,94.88,1.43,0.0
2024-08-21 19:00:00,26.1,94.3,1.28,0.0
2024-08-21 20:00:00,25.76,95.52,1.67,0.0
2024-08-21 21:00:00,25.62,95.83,1.74,0.0
2024-08-21 22:00:00,25.6,95.23,1.36,0.0
2024-08-21 23:00:00,25.41,96.03,1.41,0.0
2024-08-22 00:00:00,25.3,96.61,1.51,0.0
2024-08-22 01:00:00,25.84,95.87,1.56,42.58
2024-08-22 02:00:00,26.53,93.06,2.03,173.9
2024-08-22 03:00:00,27.57,87.8,1.98,346.38
2024-08-22 04:00:00,28.63,82.82,1.69,479.1
2024-08-22 05:00:00,29.69,78.95,1.06,630.42
2024-08-22 06:00:00,30.73,74.89,0.32,698.92
2024-08-22 07:00:00,31.48,71.85,0.55,707.28
2024-08-22 08:00:00,31.55,71.98,1.13,688.72
2024-08-22 09:00:00,31.04,75.16,1.76,536.25
2024-08-22 10:00:00,30.33,79.96,2.13,384.75
2024-08-22 11:00:00,29.62,83.31,2.26,224.43
2024-08-22 12:00:00,28.72,86.37,2.42,90.0
2024-08-22 13:00:00,27.8,91.63,2.25,5.88
2024-08-22 14:00:00,27.37,93.67,2.16,0.0
2024-08-22 15:00:00,27.1,94.75,2.02,0.0
2024-08-22 16:00:00,26.88,95.5,1.85,0.0
2024-08-22 17:00:00,26.71,95.95,1.5,0.0
2024-08-22 18:00:00,26.62,95.48,0.96,0.0
2024-08-22 19:00:00,26.42,95.77,0.99,0.0
2024-08-22 20:00:00,26.16,96.39,1.24,0.0
2024-08-22 21:00:00,25.89,96.75,1.39,0.0
2024-08-22 22:00:00,25.72,96.84,1.43,0.0
2024-08-22 23:00:00,25.66,96.47,1.27,0.0
2024-08-23 00:00:00,25.87,95.03,0.85,0.0
2024-08-23 01:00:00,26.52,94.13,0.29,26.25
2024-08-23 02:00:00,27.87,84.53,0.95,108.68
2024-08-23 03:00:00,28.76,80.12,1.67,215.8
2024-08-23 04:00:00,29.32,79.07,2.01,319.83
2024-08-23 05:00:00,29.94,78.27,2.4,362.75
2024-08-23 06:00:00,30.4,77.65,2.83,364.73
2024-08-23 07:00:00,30.61,77.55,3.24,436.92
2024-08-23 08:00:00,30.56,78.1,3.58,495.3
2024-08-23 09:00:00,30.17,79.25,3.86,357.65
2024-08-23 10:00:00,29.64,80.83,4.01,159.43
2024-08-23 11:00:00,28.84,84.06,4.02,77.62
2024-08-23 12:00:00,27.89,88.88,3.66,23.75
2024-08-23 13:00:00,27.01,93.55,2.73,1.12
2024-08-23 14:00:00,26.71,94.91,2.27,0.0
2024-08-23 15:00:00,26.58,95.57,1.88,0.0
2024-08-23 16:00:00,26.45,96.03,1.68,0.0
2024-08-23 17:00:00,26.3,96.28,1.63,0.0
2024-08-23 18:00:00,26.13,96.55,1.62,0.0
2024-08-23 19:00:00,25.98,96.58,1.59,0.0
2024-08-23 20:00:00,25.9,96.64,1.51,0.0
2024-08-23 21:00:00,25.81,96.7,1.54,0.0
2024-08-23 22:00:00,25.73,96.73,1.63,0.0
2024-08-23 23:00:00,25.66,96.83,1.73,0.0
2024-08-24 00:00:00,25.59,96.9,1.85,0.0
2024-08-24 01:00:00,26.03,96.18,2.05,9.35
2024-08-24 02:00:00,26.72,93.47,2.96,31.83
2024-08-24 03:00:00,27.2,90.89,3.76,59.78
2024-08-24 04:00:00,27.58,88.86,4.42,74.43
2024-08-24 05:00:00,27.76,88.09,4.96,68.28
2024-08-24 06:00:00,27.81,87.7,5.37,49.7
2024-08-24 07:00:00,27.77,87.5,5.75,76.3
2024-08-24 08:00:00,27.56,87.79,6.03,129.9
2024-08-24 09:00:00,27.21,88.48,6.17,219.68
2024-08-24 10:00:00,26.74,90.02,6.09,141.68
2024-08-24 11:00:00,26.25,92.25,5.74,97.18
2024-08-24 12:00:00,25.94,94.12,5.23,42.42
2024-08-24 13:00:00,25.69,94.98,5.39,3.55
2024-08-24 14:00:00,25.67,95.76,5.49,0.0
2024-08-24 15:00:00,25.79,95.7,5.44,0.0
2024-08-24 16:00:00,25.85,95.22,5.42,0.0
2024-08-24 17:00:00,25.77,94.83,5.42,0.0
2024-08-24 18:00:00,25.65,94.67,5.4,0.0
2024-08-24 19:00:00,25.53,94.78,5.37,0.0
2024-08-24 20:00:00,25.4,94.84,5.44,0.0
2024-08-24 21:00:00,25.29,94.78,5.56,0.0
2024-08-24 22:00:00,25.21,94.78,5.54,0.0
2024-08-24 23:00:00,25.19,95.0,5.29,0.0
2024-08-25 00:00:00,25.26,94.96,5.07,0.0
2024-08-25 01:00:00,25.53,94.86,5.01,19.35
2024-08-25 02:00:00,26.04,94.17,5.32,70.8
2024-08-25 03:00:00,26.57,93.2,5.91,134.25
2024-08-25 04:00:00,27.12,91.24,6.38,123.53
2024-08-25 05:00:00,27.48,89.1,6.94,195.57
2024-08-25 06:00:00,27.62,87.95,7.37,218.0
2024-08-25 07:00:00,27.69,87.53,7.56,107.5
2024-08-25 08:00:00,27.64,87.76,7.63,107.57
2024-08-25 09:00:00,27.4,88.92,7.5,98.35
2024-08-25 10:00:00,27.15,90.26,7.2,88.38
2024-08-25 11:00:00,26.83,91.4,6.65,56.17
2024-08-25 12:00:00,26.41,92.53,6.02,25.48
2024-08-25 13:00:00,26.02,93.5,5.6,2.12
2024-08-25 14:00:00,25.93,93.51,5.71,0.0
2024-08-25 15:00:00,25.93,93.31,5.69,0.0
2024-08-25 16:00:00,25.96,93.15,5.83,0.0
2024-08-25 17:00:00,25.94,93.38,5.82,0.0
2024-08-25 18:00:00,25.89,93.88,5.71,0.0
2024-08-25 19:00:00,25.86,94.04,5.9,0.0
2024-08-25 20:00:00,25.85,93.87,6.32,0.0
2024-08-25 21:00:00,25.8,94.0,6.12,0.0
2024-08-25 22:00:00,25.78,93.8,6.08,0.0
2024-08-25 23:00:00,25.78,93.86,5.84,0.0
2024-08-26 00:00:00,25.87,93.71,5.95,0.0
2024-08-26 01:00:00,26.06,93.41,6.49,21.15
2024-08-26 02:00:00,26.39,92.75,6.87,79.35
2024-08-26 03:00:00,26.7,92.46,7.19,151.88
2024-08-26 04:00:00,27.02,92.13,7.18,267.77
2024-08-26 05:00:00,27.28,91.17,7.25,359.45
2024-08-26 06:00:00,27.47,90.13,7.5,417.17
2024-08-26 07:00:00,27.52,89.48,7.64,377.67
2024-08-26 08:00:00,27.49,89.59,7.61,303.75
2024-08-26 09:00:00,27.46,90.09,7.5,295.1
2024-08-26 10:00:00,27.38,90.51,7.29,260.85
2024-08-26 11:00:00,27.18,91.49,6.82,147.02
2024-08-26 12:00:00,26.76,92.65,6.39,55.75
2024-08-26 13:00:00,26.29,93.33,6.3,3.97
2024-08-26 14:00:00,26.13,93.52,6.37,0.0
2024-08-26 15:00:00,26.04,93.92,6.24,0.0
2024-08-26 16:00:00,26.03,93.86,6.19,0.0
2024-08-26 17:00:00,26.01,93.87,6.36,0.0
2024-08-26 18:00:00,25.89,94.78,5.97,0.0
2024-08-26 19:00:00,25.8,95.18,6.04,0.0
2024-08-26 20:00:00,25.75,95.09,6.46,0.0
2024-08-26 21:00:00,25.77,94.21,7.22,0.0
2024-08-26 22:00:00,25.74,94.17,7.09,0.0
2024-08-26 23:00:00,25.69,94.06,7.02,0.0
2024-08-27 00:00:00,25.71,93.35,7.11,0.0
2024-08-27 01:00:00,25.86,92.92,7.03,34.45
2024-08-27 02:00:00,26.41,91.78,7.42,132.3
2024-08-27 03:00:00,26.99,90.31,8.18,257.17
2024-08-27 04:00:00,27.56,87.7,9.42,427.45
2024-08-27 05:00:00,27.85,85.58,10.1,529.4
2024-08-27 06:00:00,28.17,84.35,10.3,591.15
2024-08-27 07:00:00,28.27,84.1,10.17,646.65
2024-08-27 08:00:00,28.37,84.01,10.03,591.7
2024-08-27 09:00:00,28.32,84.09,9.75,494.55
2024-08-27 10:00:00,28.12,84.53,9.36,342.62
2024-08-27 11:00:00,27.63,86.99,8.51,192.5
2024-08-27 12:00:00,26.88,90.32,7.36,60.3
2024-08-27 13:00:00,26.11,92.73,6.57,4.82
2024-08-27 14:00:00,25.82,93.59,6.24,0.0
2024-08-27 15:00:00,25.69,93.8,6.31,0.0
2024-08-27 16:00:00,25.63,93.45,6.75,0.0
2024-08-27 17:00:00,25.55,93.47,6.78,0.0
2024-08-27 18:00:00,25.49,93.53,6.77,0.0
2024-08-27 19:00:00,25.44,93.32,6.95,0.0
2024-08-27 20:00:00,25.32,93.3,6.84,0.0
2024-08-27 21:00:00,25.22,93.28,6.62,0.0
2024-08-27 22:00:00,25.15,93.31,6.45,0.0
2024-08-27 23:00:00,25.08,93.75,6.41,0.0
2024-08-28 00:00:00,25.03,94.55,6.11,0.0
2024-08-28 01:00:00,25.33,94.44,6.6,31.1
2024-08-28 02:00:00,26.2,93.77,7.13,118.53
2024-08-28 03:00:00,27.11,91.44,8.59,227.55
2024-08-28 04:00:00,27.87,88.18,9.69,345.85
2024-08-28 05:00:00,28.34,85.92,10.12,461.27
2024-08-28 06:00:00,28.43,85.36,10.05,462.75
2024-08-28 07:00:00,28.42,85.35,9.87,469.88
2024-08-28 08:00:00,28.32,85.36,9.68,564.75
2024-08-28 09:00:00,28.19,85.57,9.19,361.88
2024-08-28 10:00:00,28.05,86.39,8.54,357.5
2024-08-28 11:00:00,27.79,87.9,7.74,182.77
2024-08-28 12:00:00,27.16,90.88,6.46,64.6
2024-08-28 13:00:00,26.37,93.37,5.47,2.97
2024-08-28 14:00:00,26.06,94.26,4.88,0.0
2024-08-28 15:00:00,26.01,94.41,4.89,0.0
2024-08-28 16:00:00,25.95,94.36,5.14,0.0
2024-08-28 17:00:00,25.89,93.89,5.79,0.0
2024-08-28 18:00:00,25.75,94.05,5.93,0.0
2024-08-28 19:00:00,25.62,94.37,5.82,0.0
2024-08-28 20:00:00,25.65,94.22,6.26,0.0
2024-08-28 21:00:00,25.6,94.66,5.89,0.0
2024-08-28 22:00:00,25.64,94.26,5.84,0.0
2024-08-28 23:00:00,25.67,94.11,5.74,0.0
2024-08-29 00:00:00,25.65,94.17,5.54,0.0
2024-08-29 01:00:00,25.98,93.42,5.76,28.52
2024-08-29 02:00:00,26.85,91.64,6.48,119.9
2024-08-29 03:00:00,27.63,88.83,7.45,255.95
2024-08-29 04:00:00,28.25,85.71,8.45,399.45
2024-08-29 05:00:00,28.55,84.15,8.81,490.6
2024-08-29 06:00:00,28.79,83.31,8.99,568.72
2024-08-29 07:00:00,28.82,82.99,9.11,507.48
2024-08-29 08:00:00,28.67,83.18,9.03,500.48
2024-08-29 09:00:00,28.36,83.97,8.65,460.95
2024-08-29 10:00:00,27.91,85.23,8.0,297.08
2024-08-29 11:00:00,27.44,87.18,7.2,180.3
2024-08-29 12:00:00,26.78,90.73,5.84,57.0
2024-08-29 13:00:00,26.01,93.69,4.78,3.67
2024-08-29 14:00:00,25.75,94.43,4.61,0.0
2024-08-29 15:00:00,25.64,95.04,4.34,0.0
2024-08-29 16:00:00,25.6,95.35,4.36,0.0
2024-08-29 17:00:00,25.58,95.3,4.31,0.0
2024-08-29 18:00:00,25.56,95.35,4.32,0.0
2024-08-29 19:00:00,25.52,95.47,4.3,0.0
2024-08-29 20:00:00,25.51,95.62,4.2,0.0
2024-08-29 21:00:00,25.49,95.57,4.01,0.0
2024-08-29 22:00:00,25.44,95.34,3.82,0.0
2024-08-29 23:00:00,25.33,95.25,3.67,0.0
2024-08-30 00:00:00,25.25,95.13,3.61,0.0
2024-08-30 01:00:00,25.87,93.83,4.05,34.72
2024-08-30 02:00:00,26.99,90.77,4.98,153.98
2024-08-30 03:00:00,27.89,86.27,6.18,326.0
2024-08-30 04:00:00,28.54,82.98,6.81,496.4
2024-08-30 05:00:00,28.98,81.16,7.07,658.45
2024-08-30 06:00:00,29.17,80.35,7.2,690.62
2024-08-30 07:00:00,29.15,80.16,7.27,759.5
2024-08-30 08:00:00,28.97,80.36,7.24,709.75
2024-08-30 09:00:00,28.71,80.82,6.94,629.5
2024-08-30 10:00:00,28.24,82.39,6.33,456.3
2024-08-30 11:00:00,27.78,84.55,5.6,260.67
2024-08-30 12:00:00,27.11,88.78,4.19,85.22
2024-08-30 13:00:00,26.18,93.32,2.91,4.75
2024-08-30 14:00:00,25.88,94.11,2.73,0.0
2024-08-30 15:00:00,25.72,94.6,2.59,0.0
2024-08-30 16:00:00,25.62,94.93,2.5,0.0
2024-08-30 17:00:00,25.49,95.28,2.43,0.0
2024-08-30 18:00:00,25.35,95.65,2.41,0.0
2024-08-30 19:00:00,25.2,95.86,2.37,0.0
2024-08-30 20:00:00,25.07,96.1,2.31,0.0
2024-08-30 21:00:00,24.95,96.25,2.29,0.0
2024-08-30 22:00:00,24.82,96.53,2.27,0.0
2024-08-30 23:00:00,24.72,96.63,2.29,0.0
2024-08-31 00:00:00,24.7,96.5,2.41,0.0
2024-08-31 01:00:00,25.49,94.97,2.8,44.1
2024-08-31 02:00:00,26.58,90.76,3.75,195.27
2024-08-31 03:00:00,27.47,86.28,4.24,390.48
2024-08-31 04:00:00,28.08,83.68,4.49,571.5
2024-08-31 05:00:00,28.53,81.9,4.67,728.8
2024-08-31 06:00:00,28.83,80.99,4.65,820.65
2024-08-31 07:00:00,28.91,80.68,4.62,849.58
2024-08-31 08:00:00,28.83,80.76,4.68,763.25
2024-08-31 09:00:00,28.61,81.19,4.68,640.92
2024-08-31 10:00:00,28.26,82.03,4.53,467.48
2024-08-31 11:00:00,27.7,83.93,4.3,255.27
2024-08-31 12:00:00,26.84,88.53,3.57,88.43
2024-08-31 13:00:00,25.94,93.55,2.55,4.35
2024-08-31 14:00:00,25.61,94.98,2.26,0.0
2024-08-31 15:00:00,25.44,95.42,2.11,0.0
2024-08-31 16:00:00,25.26,95.75,2.1,0.0
2024-08-31 17:00:00,25.06,96.08,2.06,0.0
2024-08-31 18:00:00,24.9,96.4,1.98,0.0
2024-08-31 19:00:00,24.81,96.55,1.92,0.0
2024-08-31 20:00:00,24.76,96.58,1.9,0.0
2024-08-31 21:00:00,24.67,96.71,1.82,0.0
2024-08-31 22:00:00,24.61,96.82,1.72,0.0
2024-08-31 23:00:00,24.58,96.97,1.79,0.0
2024-09-01 00:00:00,24.53,97.19,1.93,0.0
2024-09-01 01:00:00,24.98,96.69,1.96,33.33
2024-09-01 02:00:00,25.87,93.99,2.53,147.1
2024-09-01 03:00:00,26.63,90.84,3.27,304.1
2024-09-01 04:00:00,27.35,87.85,3.93,501.25
2024-09-01 05:00:00,27.93,85.36,4.36,645.8
2024-09-01 06:00:00,28.22,84.24,4.63,683.8
2024-09-01 07:00:00,28.31,83.97,4.92,426.48
2024-09-01 08:00:00,28.22,84.24,5.16,500.55
2024-09-01 09:00:00,28.08,84.88,5.29,396.83
2024-09-01 10:00:00,27.89,85.6,5.22,277.58
2024-09-01 11:00:00,27.48,87.65,4.84,147.98
2024-09-01 12:00:00,26.87,91.38,3.9,56.3
2024-09-01 13:00:00,26.13,94.77,2.93,1.8
2024-09-01 14:00:00,25.88,95.47,2.74,0.0
2024-09-01 15:00:00,25.71,96.05,2.46,0.0
2024-09-01 16:00:00,25.59,96.28,2.37,0.0
2024-09-01 17:00:00,25.49,96.4,2.35,0.0
2024-09-01 18:00:00,25.39,96.5,2.39,0.0
2024-09-01 19:00:00,25.33,96.43,2.69,0.0
2024-09-01 20:00:00,25.25,96.5,2.75,0.0
2024-09-01 21:00:00,25.19,96.46,2.47,0.0
2024-09-01 22:00:00,25.25,96.19,3.2,0.0
2024-09-01 23:00:00,25.21,96.47,3.03,0.0
2024-09-02 00:00:00,25.16,96.45,2.83,0.0
2024-09-02 01:00:00,25.43,95.95,3.12,28.3
2024-09-02 02:00:00,26.02,94.99,3.58,107.95
2024-09-02 03:00:00,26.43,94.17,4.16,229.62
2024-09-02 04:00:00,26.7,93.27,4.74,324.85
2024-09-02 05:00:00,26.85,91.9,4.87,325.17
2024-09-02 06:00:00,26.87,90.79,4.73,245.52
2024-09-02 07:00:00,26.82,90.04,4.62,213.05
2024-09-02 08:00:00,26.69,89.12,4.59,231.55
2024-09-02 09:00:00,26.42,89.48,4.49,208.12
2024-09-02 10:00:00,26.1,90.53,4.19,182.1
2024-09-02 11:00:00,25.74,91.61,3.81,101.18
2024-09-02 12:00:00,25.27,93.27,3.48,38.42
2024-09-02 13:00:00,24.63,95.34,3.23,1.65
2024-09-02 14:00:00,24.32,95.62,3.1,0.0
2024-09-02 15:00:00,24.11,95.17,2.67,0.0
2024-09-02 16:00:00,23.97,94.9,2.13,0.0
2024-09-02 17:00:00,23.96,94.12,1.53,0.0
2024-09-02 18:00:00,23.99,93.02,1.2,0.0
2024-09-02 19:00:00,23.89,92.7,1.44,0.0
2024-09-02 20:00:00,23.64,93.99,2.06,0.0
2024-09-02 21:00:00,23.51,95.08,2.27,0.0
2024-09-02 22:00:00,23.61,95.15,1.9,0.0
2024-09-02 23:00:00,23.67,95.36,1.77,0.0
2024-09-03 00:00:00,23.77,94.67,1.49,0.0
2024-09-03 01:00:00,24.43,93.21,0.64,25.85
2024-09-03 02:00:00,25.05,92.02,0.98,112.12
2024-09-03 03:00:00,25.42,89.94,1.65,222.48
2024-09-03 04:00:00,25.68,88.53,2.34,390.58
2024-09-03 05:00:00,25.91,88.52,2.87,490.1
2024-09-03 06:00:00,26.18,88.81,3.27,600.5
2024-09-03 07:00:00,26.42,88.36,3.5,626.03
2024-09-03 08:00:00,26.54,88.15,3.62,556.3
2024-09-03 09:00:00,26.53,88.17,3.59,463.58
2024-09-03 10:00:00,26.48,88.29,3.4,315.05
2024-09-03 11:00:00,26.29,89.15,3.05,172.05
2024-09-03 12:00:00,25.9,91.63,2.39,56.72
2024-09-03 13:00:00,25.26,94.93,1.75,3.05
2024-09-03 14:00:00,25.02,95.9,1.88,0.0
2024-09-03 15:00:00,24.93,96.18,2.01,0.0
2024-09-03 16:00:00,24.91,96.54,2.13,0.0
2024-09-03 17:00:00,24.95,96.82,2.46,0.0
2024-09-03 18:00:00,25.05,96.96,2.76,0.0
2024-09-03 19:00:00,25.19,96.81,3.16,0.0
2024-09-03 20:00:00,25.36,96.46,3.65,0.0
2024-09-03 21:00:00,25.47,96.04,4.12,0.0
2024-09-03 22:00:00,25.53,95.55,4.47,0.0
2024-09-03 23:00:00,25.53,95.24,4.59,0.0
2024-09-04 00:00:00,25.44,95.45,4.29,0.0
2024-09-04 01:00:00,25.8,94.74,4.42,40.38
2024-09-04 02:00:00,26.77,92.53,5.13,175.1
2024-09-04 03:00:00,27.61,88.61,6.35,346.4
2024-09-04 04:00:00,28.3,85.46,6.95,527.45
2024-09-04 05:00:00,28.69,84.27,7.35,654.45
2024-09-04 06:00:00,28.92,83.5,7.52,814.42
2024-09-04 07:00:00,29.04,82.99,7.57,817.03
2024-09-04 08:00:00,29.02,83.32,7.56,632.4
2024-09-04 09:00:00,28.8,83.95,7.47,536.88
2024-09-04 10:00:00,28.34,85.15,7.11,400.02
2024-09-04 11:00:00,27.77,87.28,6.27,220.95
2024-09-04 12:00:00,27.1,90.84,4.85,70.43
2024-09-04 13:00:00,26.25,94.4,3.48,2.83
2024-09-04 14:00:00,25.88,95.28,3.12,0.0
2024-09-04 15:00:00,25.7,95.48,2.99,0.0
2024-09-04 16:00:00,25.6,95.5,2.97,0.0
2024-09-04 17:00:00,25.51,95.57,2.88,0.0
2024-09-04 18:00:00,25.45,95.82,2.85,0.0
2024-09-04 19:00:00,25.49,95.77,3.04,0.0
2024-09-04 20:00:00,25.53,95.81,3.28,0.0
2024-09-04 21:00:00,25.58,95.8,3.5,0.0
2024-09-04 22:00:00,25.57,96.02,3.48,0.0
2024-09-04 23:00:00,25.57,96.23,3.43,0.0
2024-09-05 00:00:00,25.57,96.27,3.45,0.0
2024-09-05 01:00:00,26.05,94.97,4.14,30.6
2024-09-05 02:00:00,26.93,93.04,5.05,129.02
2024-09-05 03:00:00,27.62,89.9,6.42,252.62
2024-09-05 04:00:00,28.27,86.33,7.47,423.4
2024-09-05 05:00:00,28.65,84.67,8.0,586.33
2024-09-05 06:00:00,28.83,83.82,8.33,680.5
2024-09-05 07:00:00,28.89,83.04,8.47,592.85
2024-09-05 08:00:00,28.83,82.65,8.39,488.0
2024-09-05 09:00:00,28.54,83.1,8.04,516.85
2024-09-05 10:00:00,28.19,84.07,7.52,370.17
2024-09-05 11:00:00,27.69,86.32,6.67,199.0
2024-09-05 12:00:00,26.97,90.45,5.2,63.22
2024-09-05 13:00:00,26.17,93.89,4.08,2.53
2024-09-05 14:00:00,25.92,94.5,3.81,0.0
2024-09-05 15:00:00,25.78,95.16,3.31,0.0
2024-09-05 16:00:00,25.7,95.55,3.07,0.0
2024-09-05 17:00:00,25.63,95.74,3.09,0.0
2024-09-05 18:00:00,25.59,95.58,3.37,0.0
2024-09-05 19:00:00,25.53,95.78,3.36,0.0
2024-09-05 20:00:00,25.47,95.88,3.39,0.0
2024-09-05 21:00:00,25.44,95.82,3.45,0.0
2024-09-05 22:00:00,25.41,95.59,3.61,0.0
2024-09-05 23:00:00,25.43,95.02,3.97,0.0
2024-09-06 00:00:00,25.37,94.75,3.91,0.0
2024-09-06 01:00:00,25.82,93.49,4.36,32.12
2024-09-06 02:00:00,26.87,90.83,5.26,142.65
2024-09-06 03:00:00,27.75,86.88,6.22,281.6
2024-09-06 04:00:00,28.44,83.69,6.73,425.1
2024-09-06 05:00:00,28.89,82.39,7.04,562.62
2024-09-06 06:00:00,29.16,81.63,7.3,599.78
2024-09-06 07:00:00,29.35,80.72,7.46,508.38
2024-09-06 08:00:00,29.31,80.78,7.57,433.6
2024-09-06 09:00:00,28.95,82.13,7.63,329.73
2024-09-06 10:00:00,28.37,83.71,7.6,313.85
2024-09-06 11:00:00,27.68,86.15,6.94,163.55
2024-09-06 12:00:00,26.93,89.66,5.52,60.35
2024-09-06 13:00:00,26.06,92.76,4.17,0.0
2024-09-06 14:00:00,25.72,93.48,3.8,0.0
2024-09-06 15:00:00,25.5,93.99,3.44,0.0
2024-09-06 16:00:00,25.32,94.4,3.15,0.0
2024-09-06 17:00:00,25.15,94.65,2.98,0.0
2024-09-06 18:00:00,25.03,94.8,2.89,0.0
2024-09-06 19:00:00,24.92,94.86,2.93,0.0
2024-09-06 20:00:00,24.84,94.93,2.93,0.0
2024-09-06 21:00:00,24.81,95.0,2.84,0.0
2024-09-06 22:00:00,24.74,95.03,2.82,0.0
2024-09-06 23:00:00,24.7,95.11,2.82,0.0
2024-09-07 00:00:00,24.72,95.13,2.8,0.0
2024-09-07 01:00:00,25.33,94.36,2.87,32.4
2024-09-07 02:00:00,26.48,91.13,3.79,149.48
2024-09-07 03:00:00,27.33,87.61,4.75,352.95
2024-09-07 04:00:00,28.24,83.84,5.36,517.78
2024-09-07 05:00:00,28.9,81.77,5.68,677.03
2024-09-07 06:00:00,29.23,80.77,6.0,776.58
2024-09-07 07:00:00,29.2,80.69,6.21,772.15
2024-09-07 08:00:00,28.98,81.31,6.28,756.58
2024-09-07 09:00:00,28.66,82.04,6.23,616.42
2024-09-07 10:00:00,28.14,83.73,6.02,436.55
2024-09-07 11:00:00,27.44,87.12,5.41,251.9
2024-09-07 12:00:00,26.76,91.18,4.26,86.2
2024-09-07 13:00:00,26.08,94.13,3.13,0.0
2024-09-07 14:00:00,25.84,94.75,2.74,0.0
2024-09-07 15:00:00,25.68,95.1,2.41,0.0
2024-09-07 16:00:00,25.49,95.48,2.23,0.0
2024-09-07 17:00:00,25.32,95.75,2.17,0.0
2024-09-07 18:00:00,25.13,96.21,2.2,0.0
2024-09-07 19:00:00,24.93,96.61,2.24,0.0
2024-09-07 20:00:00,24.76,96.98,2.28,0.0
2024-09-07 21:00:00,24.63,97.18,2.34,0.0
2024-09-07 22:00:00,24.59,97.19,2.39,0.0
2024-09-07 23:00:00,24.59,97.12,2.45,0.0
2024-09-08 00:00:00,24.65,96.82,2.47,0.0
2024-09-08 01:00:00,25.37,95.52,2.73,42.9
2024-09-08 02:00:00,26.47,92.43,3.71,202.48
2024-09-08 03:00:00,27.33,88.74,4.42,408.55
2024-09-08 04:00:00,28.1,84.97,4.78,616.42
2024-09-08 05:00:00,28.51,83.09,4.94,754.42
2024-09-08 06:00:00,28.75,82.24,5.1,858.58
2024-09-08 07:00:00,28.9,81.65,5.26,863.33
2024-09-08 08:00:00,29.05,80.99,5.38,802.85
2024-09-08 09:00:00,28.85,81.5,5.33,668.3
2024-09-08 10:00:00,28.44,82.64,5.14,490.42
2024-09-08 11:00:00,27.81,84.95,4.78,280.33
2024-09-08 12:00:00,26.93,89.72,3.76,89.1
2024-09-08 13:00:00,26.05,94.49,2.51,0.0
2024-09-08 14:00:00,25.75,95.48,2.19,0.0
2024-09-08 15:00:00,25.57,95.93,1.99,0.0
2024-09-08 16:00:00,25.4,96.06,1.91,0.0
2024-09-08 17:00:00,25.22,96.19,1.98,0.0
2024-09-08 18:00:00,25.04,96.32,2.11,0.0
2024-09-08 19:00:00,24.91,96.4,2.22,0.0
2024-09-08 20:00:00,24.81,96.41,2.25,0.0
2024-09-08 21:00:00,24.74,96.46,2.26,0.0
2024-09-08 22:00:00,24.74,96.23,2.24,0.0
2024-09-08 23:00:00,24.73,96.1,2.25,0.0
2024-09-09 00:00:00,24.7,95.96,2.25,0.0
2024-09-09 01:00:00,25.43,94.96,2.35,42.4
2024-09-09 02:00:00,26.69,90.49,3.3,182.48
2024-09-09 03:00:00,27.67,86.32,3.87,352.6
2024-09-09 04:00:00,28.54,83.26,4.2,510.83
2024-09-09 05:00:00,29.2,80.96,4.5,725.47
2024-09-09 06:00:00,29.59,79.41,4.82,784.7
2024-09-09 07:00:00,29.7,78.88,5.1,809.33
2024-09-09 08:00:00,29.65,78.69,5.31,655.33
2024-09-09 09:00:00,29.42,78.85,5.35,610.12
2024-09-09 10:00:00,29.02,79.81,5.16,435.83
2024-09-09 11:00:00,28.39,82.18,4.63,246.75
2024-09-09 12:00:00,27.41,87.43,3.57,79.12
2024-09-09 13:00:00,26.31,93.28,2.34,0.0
2024-09-09 14:00:00,25.91,94.6,2.02,0.0
2024-09-09 15:00:00,25.64,95.18,1.98,0.0
2024-09-09 16:00:00,25.43,95.42,2.06,0.0
2024-09-09 17:00:00,25.26,95.53,2.17,0.0
2024-09-09 18:00:00,25.13,95.69,2.2,0.0
2024-09-09 19:00:00,25.03,95.67,2.3,0.0
2024-09-09 20:00:00,24.96,95.61,2.47,0.0
2024-09-09 21:00:00,24.88,95.57,2.56,0.0
2024-09-09 22:00:00,24.77,95.74,2.49,0.0
2024-09-09 23:00:00,24.72,95.67,2.41,0.0
2024-09-10 00:00:00,24.71,95.56,2.35,0.0
2024-09-10 01:00:00,25.43,94.65,2.33,36.25
2024-09-10 02:00:00,26.69,89.81,3.12,150.73
2024-09-10 03:00:00,27.49,85.32,3.73,332.2
2024-09-10 04:00:00,28.3,82.28,4.05,488.8
2024-09-10 05:00:00,28.83,80.44,4.42,623.72
2024-09-10 06:00:00,29.11,79.84,4.83,694.03
2024-09-10 07:00:00,29.15,80.05,5.2,684.6
2024-09-10 08:00:00,28.99,80.37,5.39,614.62
2024-09-10 09:00:00,28.62,81.16,5.37,563.8
2024-09-10 10:00:00,28.18,82.27,5.17,417.7
2024-09-10 11:00:00,27.52,85.16,4.67,224.32
2024-09-10 12:00:00,26.76,89.86,3.67,71.78
2024-09-10 13:00:00,25.98,93.77,2.74,0.0
2024-09-10 14:00:00,25.73,94.53,2.5,0.0
2024-09-10 15:00:00,25.59,94.82,2.42,0.0
2024-09-10 16:00:00,25.43,95.02,2.43,0.0
2024-09-10 17:00:00,25.25,95.39,2.41,0.0
2024-09-10 18:00:00,25.06,95.56,2.46,0.0
2024-09-10 19:00:00,24.96,95.72,2.65,0.0
2024-09-10 20:00:00,24.95,95.81,2.81,0.0
2024-09-10 21:00:00,24.9,95.97,2.77,0.0
2024-09-10 22:00:00,24.82,96.11,2.57,0.0
2024-09-10 23:00:00,24.74,96.2,2.33,0.0
2024-09-11 00:00:00,24.67,96.16,2.29,0.0
2024-09-11 01:00:00,25.25,95.41,2.36,41.0
2024-09-11 02:00:00,26.38,91.73,3.37,190.93
2024-09-11 03:00:00,27.21,87.51,4.24,380.27
2024-09-11 04:00:00,28.01,84.21,4.85,539.35
2024-09-11 05:00:00,28.59,82.01,5.26,706.2
2024-09-11 06:00:00,28.97,80.89,5.57,710.15
2024-09-11 07:00:00,29.09,80.51,5.83,679.22
2024-09-11 08:00:00,29.04,80.31,6.02,622.95
2024-09-11 09:00:00,28.76,80.81,6.03,478.6
2024-09-11 10:00:00,28.31,81.74,5.8,322.27
2024-09-11 11:00:00,27.65,83.96,5.27,171.4
2024-09-11 12:00:00,26.68,88.99,4.25,52.03
2024-09-11 13:00:00,25.65,93.76,3.14,0.0
2024-09-11 14:00:00,25.28,94.84,2.91,0.0
2024-09-11 15:00:00,25.11,95.33,2.68,0.0
2024-09-11 16:00:00,25.0,95.6,2.51,0.0
2024-09-11 17:00:00,24.85,95.96,2.44,0.0
2024-09-11 18:00:00,24.74,96.31,2.44,0.0
2024-09-11 19:00:00,24.69,96.45,2.54,0.0
2024-09-11 20:00:00,24.68,96.49,2.68,0.0
2024-09-11 21:00:00,24.76,96.34,3.0,0.0
2024-09-11 22:00:00,24.87,96.12,3.33,0.0
2024-09-11 23:00:00,24.9,95.78,3.47,0.0
2024-09-12 00:00:00,24.85,95.68,3.28,0.0
2024-09-12 01:00:00,25.34,94.54,3.48,33.25
2024-09-12 02:00:00,26.44,91.05,4.41,161.35
2024-09-12 03:00:00,27.31,86.43,5.22,332.73
2024-09-12 04:00:00,28.12,82.93,5.58,465.75
2024-09-12 05:00:00,28.63,81.09,5.72,567.0
2024-09-12 06:00:00,28.9,80.51,5.82,655.83
2024-09-12 07:00:00,29.05,80.07,5.95,657.78
2024-09-12 08:00:00,29.0,80.18,6.02,706.28
2024-09-12 09:00:00,28.78,80.6,5.98,576.47
2024-09-12 10:00:00,28.38,81.53,5.78,403.48
2024-09-12 11:00:00,27.8,83.4,5.36,217.52
2024-09-12 12:00:00,26.89,88.21,4.17,65.0
2024-09-12 13:00:00,25.73,93.15,3.15,0.0
2024-09-12 14:00:00,25.35,93.87,3.11,0.0
2024-09-12 15:00:00,25.1,94.2,3.0,0.0
2024-09-12 16:00:00,24.85,94.54,2.83,0.0
2024-09-12 17:00:00,24.6,94.78,2.72,0.0
2024-09-12 18:00:00,24.37,95.13,2.64,0.0
2024-09-12 19:00:00,24.17,95.49,2.58,0.0
2024-09-12 20:00:00,23.98,95.95,2.53,0.0
2024-09-12 21:00:00,23.87,96.21,2.55,0.0
2024-09-12 22:00:00,23.84,96.22,2.55,0.0
2024-09-12 23:00:00,23.79,96.32,2.52,0.0
2024-09-13 00:00:00,23.7,96.57,2.46,0.0
2024-09-13 01:00:00,24.26,95.65,2.75,39.75
2024-09-13 02:00:00,25.32,92.04,3.79,185.12
2024-09-13 03:00:00,26.24,87.62,4.34,368.27
2024-09-13 04:00:00,27.24,83.67,4.84,600.6
2024-09-13 05:00:00,27.99,81.33,5.21,757.1
2024-09-13 06:00:00,28.44,79.78,5.49,825.85
2024-09-13 07:00:00,28.71,78.53,5.74,861.33
2024-09-13 08:00:00,28.7,78.2,5.9,769.05
2024-09-13 09:00:00,28.44,78.7,5.88,583.78
2024-09-13 10:00:00,28.08,79.52,5.64,457.27
2024-09-13 11:00:00,27.52,81.26,5.02,247.43
2024-09-13 12:00:00,26.6,86.53,3.66,70.9
2024-09-13 13:00:00,25.27,92.96,2.44,0.0
2024-09-13 14:00:00,24.86,93.9,2.21,0.0
2024-09-13 15:00:00,24.68,94.22,2.1,0.0
2024-09-13 16:00:00,24.61,94.4,2.06,0.0
2024-09-13 17:00:00,24.49,94.81,2.09,0.0
2024-09-13 18:00:00,24.36,95.1,2.15,0.0
2024-09-13 19:00:00,24.3,95.17,2.21,0.0
2024-09-13 20:00:00,24.25,94.92,2.32,0.0
2024-09-13 21:00:00,24.19,94.79,2.46,0.0
2024-09-13 22:00:00,24.16,94.63,2.58,0.0
2024-09-13 23:00:00,24.11,94.63,2.65,0.0
2024-09-14 00:00:00,24.03,94.67,2.62,0.0
2024-09-14 01:00:00,24.68,93.8,2.65,33.0
2024-09-14 02:00:00,26.08,89.03,3.66,150.12
2024-09-14 03:00:00,27.02,83.71,4.46,334.15
2024-09-14 04:00:00,27.96,80.28,4.91,426.45
2024-09-14 05:00:00,28.63,78.36,5.17,685.03
2024-09-14 06:00:00,29.02,77.13,5.5,788.05
2024-09-14 07:00:00,29.15,76.58,5.83,747.42
2024-09-14 08:00:00,29.07,76.53,6.07,673.17
2024-09-14 09:00:00,28.8,76.94,6.13,549.1
2024-09-14 10:00:00,28.4,78.03,5.88,395.15
2024-09-14 11:00:00,27.78,80.69,5.21,176.43
2024-09-14 12:00:00,26.82,86.63,3.88,48.3
2024-09-14 13:00:00,25.61,92.32,2.83,0.0
2024-09-14 14:00:00,25.29,92.88,2.81,0.0
2024-09-14 15:00:00,25.14,93.28,2.7,0.0
2024-09-14 16:00:00,24.99,93.56,2.62,0.0
2024-09-14 17:00:00,24.84,93.75,2.61,0.0
2024-09-14 18:00:00,24.71,93.91,2.57,0.0
2024-09-14 19:00:00,24.61,94.17,2.51,0.0
2024-09-14 20:00:00,24.51,94.38,2.53,0.0
2024-09-14 21:00:00,24.44,94.47,2.53,0.0
2024-09-14 22:00:00,24.38,94.53,2.55,0.0
2024-09-14 23:00:00,24.34,94.57,2.59,0.0
2024-09-15 00:00:00,24.34,94.36,2.6,0.0
2024-09-15 01:00:00,24.99,93.69,2.65,31.67
2024-09-15 02:00:00,26.47,88.75,3.61,156.52
2024-09-15 03:00:00,27.38,83.79,4.43,333.83
2024-09-15 04:00:00,28.32,79.42,5.05,486.6
2024-09-15 05:00:00,28.93,77.04,5.32,609.1
2024-09-15 06:00:00,29.38,75.03,5.52,692.25
2024-09-15 07:00:00,29.57,73.72,5.61,721.03
2024-09-15 08:00:00,29.52,73.34,5.55,576.2
2024-09-15 09:00:00,29.23,73.96,5.36,555.95
2024-09-15 10:00:00,28.71,75.68,5.03,426.7
2024-09-15 11:00:00,28.0,79.0,4.37,232.27
2024-09-15 12:00:00,26.98,84.76,3.33,63.65
2024-09-15 13:00:00,25.67,91.71,2.36,0.0
2024-09-15 14:00:00,25.22,92.94,2.22,0.0
2024-09-15 15:00:00,24.85,93.29,2.12,0.0
2024-09-15 16:00:00,24.64,93.33,1.97,0.0
2024-09-15 17:00:00,24.55,93.46,1.83,0.0
2024-09-15 18:00:00,24.4,93.41,1.73,0.0
2024-09-15 19:00:00,24.24,93.47,1.68,0.0
2024-09-15 20:00:00,24.1,93.57,1.59,0.0
2024-09-15 21:00:00,24.0,93.31,1.47,0.0
2024-09-15 22:00:00,23.96,92.58,1.32,0.0
2024-09-15 23:00:00,23.96,91.56,1.07,0.0
2024-09-16 00:00:00,24.03,90.5,0.81,0.0
2024-09-16 01:00:00,24.49,90.37,0.68,44.12
2024-09-16 02:00:00,26.02,84.68,1.3,208.93
2024-09-16 03:00:00,27.19,77.4,1.98,450.3
2024-09-16 04:00:00,28.03,74.61,2.19,641.25
2024-09-16 05:00:00,28.82,72.44,2.49,787.0
2024-09-16 06:00:00,29.33,70.91,2.88,862.9
2024-09-16 07:00:00,29.57,70.18,3.29,881.45
2024-09-16 08:00:00,29.65,69.99,3.62,786.85
2024-09-16 09:00:00,29.49,70.33,3.86,696.12
2024-09-16 10:00:00,29.13,71.29,3.91,507.77
2024-09-16 11:00:00,28.48,74.43,3.48,272.6
2024-09-16 12:00:00,27.37,79.81,2.97,74.5
2024-09-16 13:00:00,25.85,88.67,2.31,0.0
2024-09-16 14:00:00,25.33,90.28,2.27,0.0
2024-09-16 15:00:00,24.89,91.14,2.22,0.0
2024-09-16 16:00:00,24.48,91.75,2.14,0.0
2024-09-16 17:00:00,24.17,92.33,2.06,0.0
2024-09-16 18:00:00,23.91,92.86,1.95,0.0
2024-09-16 19:00:00,23.73,93.04,1.8,0.0
2024-09-16 20:00:00,23.59,93.08,1.68,0.0
2024-09-16 21:00:00,23.44,93.35,1.61,0.0
2024-09-16 22:00:00,23.4,93.41,1.54,0.0
2024-09-16 23:00:00,23.41,93.28,1.5,0.0
2024-09-17 00:00:00,23.36,93.33,1.51,0.0
2024-09-17 01:00:00,23.88,94.01,1.46,43.6
2024-09-17 02:00:00,25.75,87.74,2.19,220.4
2024-09-17 03:00:00,26.88,80.57,3.11,460.52
2024-09-17 04:00:00,27.92,76.19,3.43,671.47
2024-09-17 05:00:00,28.67,73.71,3.63,814.58
2024-09-17 06:00:00,29.17,72.03,3.86,901.12
2024-09-17 07:00:00,29.32,70.72,4.19,907.4
2024-09-17 08:00:00,29.3,70.31,4.58,840.47
2024-09-17 09:00:00,28.96,71.27,4.89,703.42
2024-09-17 10:00:00,28.45,72.62,4.94,520.67
2024-09-17 11:00:00,27.65,76.13,4.47,287.4
2024-09-17 12:00:00,26.49,82.74,3.52,76.22
2024-09-17 13:00:00,24.92,90.08,2.7,0.0
2024-09-17 14:00:00,24.42,91.62,2.54,0.0
2024-09-17 15:00:00,24.1,92.29,2.38,0.0
2024-09-17 16:00:00,23.84,92.53,2.19,0.0
2024-09-17 17:00:00,23.76,92.38,1.97,0.0
2024-09-17 18:00:00,23.76,91.72,1.69,0.0
2024-09-17 19:00:00,23.73,91.3,1.5,0.0
2024-09-17 20:00:00,23.63,91.43,1.38,0.0
2024-09-17 21:00:00,23.49,91.99,1.32,0.0
2024-09-17 22:00:00,23.41,92.3,1.22,0.0
2024-09-17 23:00:00,23.4,92.39,1.09,0.0
2024-09-18 00:00:00,23.36,92.61,0.93,0.0
2024-09-18 01:00:00,23.78,93.07,0.79,40.45
2024-09-18 02:00:00,25.61,86.26,1.22,195.05
2024-09-18 03:00:00,26.83,78.25,1.59,415.02
2024-09-18 04:00:00,27.66,75.63,1.57,659.47
2024-09-18 05:00:00,28.54,73.22,1.76,807.72
2024-09-18 06:00:00,29.15,71.48,2.11,887.05
2024-09-18 07:00:00,29.39,70.17,2.48,854.45
2024-09-18 08:00:00,29.33,69.81,2.75,797.58
2024-09-18 09:00:00,29.06,70.29,2.93,671.15
2024-09-18 10:00:00,28.68,71.71,3.06,467.77
2024-09-18 11:00:00,28.09,74.68,2.97,243.85
2024-09-18 12:00:00,27.06,80.65,2.61,55.2
2024-09-18 13:00:00,25.52,90.14,2.03,0.0
2024-09-18 14:00:00,25.11,91.54,1.94,0.0
2024-09-18 15:00:00,24.86,92.07,1.76,0.0
2024-09-18 16:00:00,24.79,91.29,1.53,0.0
2024-09-18 17:00:00,24.76,90.67,1.32,0.0
2024-09-18 18:00:00,24.68,90.58,1.19,0.0
2024-09-18 19:00:00,24.51,91.02,1.1,0.0
2024-09-18 20:00:00,24.37,91.49,1.04,0.0
2024-09-18 21:00:00,24.27,91.76,0.96,0.0
2024-09-18 22:00:00,24.22,91.56,0.88,0.0
2024-09-18 23:00:00,24.15,91.39,0.79,0.0
2024-09-19 00:00:00,24.17,90.81,0.66,0.0
2024-09-19 01:00:00,24.42,91.25,0.58,39.67
2024-09-19 02:00:00,25.45,87.27,0.69,201.82
2024-09-19 03:00:00,26.57,78.02,0.87,411.7
2024-09-19 04:00:00,27.5,72.52,1.26,537.92
2024-09-19 05:00:00,28.42,69.56,1.44,612.0
2024-09-19 06:00:00,29.1,67.8,1.61,756.65
2024-09-19 07:00:00,29.39,67.19,1.96,844.92
2024-09-19 08:00:00,29.31,67.64,2.32,718.95
2024-09-19 09:00:00,29.13,68.55,2.62,630.42
2024-09-19 10:00:00,28.64,70.5,2.83,440.9
2024-09-19 11:00:00,27.89,75.42,2.74,215.9
2024-09-19 12:00:00,26.97,80.15,2.56,52.92
2024-09-19 13:00:00,25.58,89.48,2.05,0.0
2024-09-19 14:00:00,25.11,91.43,2.0,0.0
2024-09-19 15:00:00,24.83,92.36,1.87,0.0
2024-09-19 16:00:00,24.67,92.52,1.71,0.0
2024-09-19 17:00:00,24.68,92.75,1.52,0.0
2024-09-19 18:00:00,24.65,92.79,1.35,0.0
2024-09-19 19:00:00,24.49,93.28,1.36,0.0
2024-09-19 20:00:00,24.27,94.21,1.43,0.0
2024-09-19 21:00:00,24.16,94.47,1.42,0.0
2024-09-19 22:00:00,24.24,93.33,1.21,0.0
2024-09-19 23:00:00,24.38,91.76,0.92,0.0
2024-09-20 00:00:00,24.58,89.71,0.65,0.0
2024-09-20 01:00:00,25.03,88.72,0.34,41.33
2024-09-20 02:00:00,26.35,81.47,0.48,181.6
2024-09-20 03:00:00,27.86,70.08,0.78,378.62
2024-09-20 04:00:00,28.66,67.5,1.13,561.78
2024-09-20 05:00:00,29.28,66.91,1.54,668.8
2024-09-20 06:00:00,29.75,67.15,1.96,726.2
2024-09-20 07:00:00,30.08,67.7,2.38,740.17
2024-09-20 08:00:00,30.15,68.48,2.72,654.85
2024-09-20 09:00:00,29.8,70.08,2.98,611.33
2024-09-20 10:00:00,29.32,72.37,3.16,426.92
2024-09-20 11:00:00,28.44,77.42,3.14,228.3
2024-09-20 12:00:00,27.38,83.21,2.78,54.7
2024-09-20 13:00:00,26.17,91.06,2.09,0.0
2024-09-20 14:00:00,25.75,92.72,1.98,0.0
2024-09-20 15:00:00,25.46,93.37,1.91,0.0
2024-09-20 16:00:00,25.21,93.58,1.89,0.0
2024-09-20 17:00:00,25.0,93.82,1.9,0.0
2024-09-20 18:00:00,24.82,94.05,1.92,0.0
2024-09-20 19:00:00,24.68,94.24,1.95,0.0
2024-09-20 20:00:00,24.56,94.52,1.96,0.0
2024-09-20 21:00:00,24.45,94.64,1.95,0.0
2024-09-20 22:00:00,24.34,94.75,1.92,0.0
2024-09-20 23:00:00,24.24,94.78,1.88,0.0
2024-09-21 00:00:00,24.19,94.65,1.85,0.0
2024-09-21 01:00:00,24.84,94.25,1.7,36.6
2024-09-21 02:00:00,26.44,87.06,2.42,176.32
2024-09-21 03:00:00,27.55,81.1,2.79,368.98
2024-09-21 04:00:00,28.48,77.47,2.92,537.55
2024-09-21 05:00:00,29.21,75.44,3.02,678.17
2024-09-21 06:00:00,29.68,74.21,3.19,756.7
2024-09-21 07:00:00,29.96,73.4,3.53,789.05
2024-09-21 08:00:00,29.87,73.83,4.04,645.88
2024-09-21 09:00:00,29.44,75.29,4.52,609.17
2024-09-21 10:00:00,28.81,77.75,4.79,446.55
2024-09-21 11:00:00,28.02,81.22,4.55,230.52
2024-09-21 12:00:00,27.05,86.66,3.6,53.53
2024-09-21 13:00:00,26.0,92.43,2.62,0.0
2024-09-21 14:00:00,25.64,93.67,2.44,0.0
2024-09-21 15:00:00,25.35,94.58,2.33,0.0
2024-09-21 16:00:00,25.12,95.22,2.24,0.0
2024-09-21 17:00:00,24.92,95.7,2.2,0.0
2024-09-21 18:00:00,24.76,95.99,2.15,0.0
2024-09-21 19:00:00,24.67,96.18,2.05,0.0
2024-09-21 20:00:00,24.7,96.12,1.96,0.0
2024-09-21 21:00:00,24.67,96.15,1.98,0.0
2024-09-21 22:00:00,24.6,96.27,2.08,0.0
2024-09-21 23:00:00,24.53,96.32,2.08,0.0
2024-09-22 00:00:00,24.52,96.42,1.99,0.0
2024-09-22 01:00:00,24.99,95.74,1.95,34.92
2024-09-22 02:00:00,26.08,91.56,2.84,166.1
2024-09-22 03:00:00,27.22,86.17,3.43,364.77
2024-09-22 04:00:00,28.4,81.75,3.72,514.88
2024-09-22 05:00:00,29.28,78.91,3.98,664.72
2024-09-22 06:00:00,29.91,76.88,4.39,712.0
2024-09-22 07:00:00,30.28,75.4,4.85,688.45
2024-09-22 08:00:00,30.22,75.63,5.33,666.72
2024-09-22 09:00:00,29.47,79.1,5.88,562.28
2024-09-22 10:00:00,28.58,83.43,6.22,392.58
2024-09-22 11:00:00,27.76,87.66,5.92,193.4
2024-09-22 12:00:00,27.03,91.47,5.05,47.2
2024-09-22 13:00:00,26.46,93.56,4.42,0.0
2024-09-22 14:00:00,26.22,94.4,4.31,0.0
2024-09-22 15:00:00,26.03,95.11,3.89,0.0
2024-09-22 16:00:00,25.85,95.77,3.5,0.0
2024-09-22 17:00:00,25.68,96.33,3.1,0.0
2024-09-22 18:00:00,25.52,96.77,2.68,0.0
2024-09-22 19:00:00,25.37,97.1,2.35,0.0
2024-09-22 20:00:00,25.28,97.18,2.14,0.0
2024-09-22 21:00:00,25.25,97.02,2.14,0.0
2024-09-22 22:00:00,25.24,96.84,2.27,0.0
2024-09-22 23:00:00,25.27,96.9,2.34,0.0
2024-09-23 00:00:00,25.23,97.15,2.2,0.0
2024-09-23 01:00:00,25.43,97.2,1.9,29.12
2024-09-23 02:00:00,26.45,94.9,2.35,135.48
2024-09-23 03:00:00,27.24,91.68,2.94,283.15
2024-09-23 04:00:00,28.25,87.27,3.35,411.48
2024-09-23 05:00:00,29.07,83.66,3.75,580.05
2024-09-23 06:00:00,29.62,81.55,4.22,692.88
2024-09-23 07:00:00,29.96,80.36,4.68,542.42
2024-09-23 08:00:00,30.16,79.79,5.13,606.62
2024-09-23 09:00:00,29.82,81.11,5.45,487.6
2024-09-23 10:00:00,29.33,83.72,5.51,340.15
2024-09-23 11:00:00,28.59,88.08,5.16,156.15
2024-09-23 12:00:00,27.72,92.9,4.49,34.15
2024-09-23 13:00:00,27.05,95.32,4.0,0.0
2024-09-23 14:00:00,26.81,95.73,3.8,0.0
2024-09-23 15:00:00,26.62,95.97,3.53,0.0
2024-09-23 16:00:00,26.45,96.25,3.29,0.0
2024-09-23 17:00:00,26.29,96.5,3.09,0.0
2024-09-23 18:00:00,26.15,96.66,3.01,0.0
2024-09-23 19:00:00,26.07,96.64,3.14,0.0
2024-09-23 20:00:00,26.07,96.52,3.45,0.0
2024-09-23 21:00:00,26.11,96.42,3.68,0.0
2024-09-23 22:00:00,26.11,96.57,3.6,0.0
2024-09-23 23:00:00,26.11,96.58,3.51,0.0
2024-09-24 00:00:00,26.07,96.75,3.33,0.0
2024-09-24 01:00:00,26.13,96.74,3.11,8.1
2024-09-24 02:00:00,26.62,95.79,3.49,36.03
2024-09-24 03:00:00,27.03,94.88,4.08,74.47
2024-09-24 04:00:00,27.4,92.97,4.9,224.3
2024-09-24 05:00:00,27.78,90.98,5.23,300.83
2024-09-24 06:00:00,28.09,89.33,5.42,411.95
2024-09-24 07:00:00,28.13,88.8,5.84,371.35
2024-09-24 08:00:00,27.96,89.15,6.52,356.27
2024-09-24 09:00:00,27.64,89.96,6.9,282.88
2024-09-24 10:00:00,27.29,91.11,6.73,170.8
2024-09-24 11:00:00,26.94,92.79,6.11,75.85
2024-09-24 12:00:00,26.54,94.39,5.42,13.98
2024-09-24 13:00:00,26.28,95.47,5.05,0.0
2024-09-24 14:00:00,26.24,95.86,5.0,0.0
2024-09-24 15:00:00,26.26,95.99,5.11,0.0
2024-09-24 16:00:00,26.25,96.26,5.07,0.0
2024-09-24 17:00:00,26.23,96.5,4.85,0.0
2024-09-24 18:00:00,26.22,96.72,4.59,0.0
2024-09-24 19:00:00,26.27,96.75,4.4,0.0
2024-09-24 20:00:00,26.31,96.7,4.31,0.0
2024-09-24 21:00:00,26.35,96.5,4.27,0.0
2024-09-24 22:00:00,26.33,96.4,4.37,0.0
2024-09-24 23:00:00,26.3,96.25,4.66,0.0
2024-09-25 00:00:00,26.31,95.95,5.19,0.0
2024-09-25 01:00:00,26.37,95.66,5.76,9.38
2024-09-25 02:00:00,26.61,95.26,6.4,63.47
2024-09-25 03:00:00,26.93,94.87,6.92,166.3
2024-09-25 04:00:00,27.22,94.04,7.38,332.9
2024-09-25 05:00:00,27.41,92.49,7.34,427.77
2024-09-25 06:00:00,27.53,90.94,7.13,573.85
2024-09-25 07:00:00,27.55,90.27,6.95,565.42
2024-09-25 08:00:00,27.44,90.36,6.8,541.55
2024-09-25 09:00:00,27.26,90.92,6.5,383.7
2024-09-25 10:00:00,27.02,91.84,6.02,156.82
2024-09-25 11:00:00,26.72,93.23,5.28,86.65
2024-09-25 12:00:00,26.33,94.74,4.35,18.0
2024-09-25 13:00:00,25.91,95.87,3.44,0.0
2024-09-25 14:00:00,25.76,96.21,2.92,0.0
2024-09-25 15:00:00,25.64,96.54,2.69,0.0
2024-09-25 16:00:00,25.54,96.66,2.6,0.0
2024-09-25 17:00:00,25.43,96.73,2.56,0.0
2024-09-25 18:00:00,25.3,96.89,2.51,0.0
2024-09-25 19:00:00,25.2,96.96,2.46,0.0
2024-09-25 20:00:00,25.13,96.99,2.46,0.0
2024-09-25 21:00:00,25.05,97.1,2.3,0.0
2024-09-25 22:00:00,25.03,97.05,2.2,0.0
2024-09-25 23:00:00,25.01,97.1,2.11,0.0
2024-09-26 00:00:00,24.97,97.14,2.01,0.0
2024-09-26 01:00:00,25.23,96.98,1.92,6.53
2024-09-26 02:00:00,26.2,94.83,2.59,14.2
2024-09-26 03:00:00,26.86,92.2,3.22,42.17
2024-09-26 04:00:00,27.42,89.58,3.7,94.8
2024-09-26 05:00:00,27.9,87.66,4.14,160.38
2024-09-26 06:00:00,28.37,86.15,4.72,173.95
2024-09-26 07:00:00,28.61,85.03,5.31,221.75
2024-09-26 08:00:00,28.49,85.31,5.8,255.15
2024-09-26 09:00:00,28.05,86.54,5.95,210.73
2024-09-26 10:00:00,27.6,88.0,5.7,163.82
2024-09-26 11:00:00,27.14,90.05,5.04,89.3
2024-09-26 12:00:00,26.53,92.84,4.14,19.95
2024-09-26 13:00:00,25.93,94.75,3.39,0.0
2024-09-26 14:00:00,25.71,95.39,3.08,0.0
2024-09-26 15:00:00,25.63,95.52,3.08,0.0
2024-09-26 16:00:00,25.59,95.44,3.31,0.0
2024-09-26 17:00:00,25.56,95.5,3.55,0.0
2024-09-26 18:00:00,25.56,95.65,3.82,0.0
2024-09-26 19:00:00,25.59,95.52,4.17,0.0
2024-09-26 20:00:00,25.6,95.56,4.19,0.0
2024-09-26 21:00:00,25.6,95.65,4.23,0.0
2024-09-26 22:00:00,25.56,95.95,4.15,0.0
2024-09-26 23:00:00,25.56,95.92,4.37,0.0
2024-09-27 00:00:00,25.58,95.86,4.76,0.0
2024-09-27 01:00:00,25.71,95.76,4.85,11.2
2024-09-27 02:00:00,26.28,95.1,5.01,49.12
2024-09-27 03:00:00,26.9,93.58,5.38,97.62
2024-09-27 04:00:00,27.37,91.38,6.03,203.75
2024-09-27 05:00:00,27.67,89.92,6.56,216.85
2024-09-27 06:00:00,27.73,89.66,7.2,244.8
2024-09-27 07:00:00,27.63,89.82,7.77,229.12
2024-09-27 08:00:00,27.55,89.54,8.09,175.43
2024-09-27 09:00:00,27.32,89.43,8.15,81.4
2024-09-27 10:00:00,27.0,89.95,7.71,47.45
2024-09-27 11:00:00,26.65,91.59,6.59,26.3
2024-09-27 12:00:00,26.17,93.28,5.4,7.3
2024-09-27 13:00:00,25.72,93.88,4.75,0.0
2024-09-27 14:00:00,25.56,94.19,4.11,0.0
2024-09-27 15:00:00,25.5,94.07,3.87,0.0
2024-09-27 16:00:00,25.44,94.24,3.72,0.0
2024-09-27 17:00:00,25.38,94.41,3.68,0.0
2024-09-27 18:00:00,25.3,94.76,3.57,0.0
2024-09-27 19:00:00,25.26,94.69,3.68,0.0
2024-09-27 20:00:00,25.14,94.87,3.53,0.0
2024-09-27 21:00:00,25.01,95.13,3.19,0.0
2024-09-27 22:00:00,24.93,95.23,3.11,0.0
2024-09-27 23:00:00,24.9,95.23,2.98,0.0
2024-09-28 00:00:00,24.84,95.32,2.85,0.0
2024-09-28 01:00:00,25.2,95.08,2.79,17.75
2024-09-28 02:00:00,26.41,91.94,3.66,82.95
2024-09-28 03:00:00,27.19,87.9,4.22,164.12
2024-09-28 04:00:00,27.9,84.53,4.57,218.02
2024-09-28 05:00:00,28.43,82.65,4.96,247.75
2024-09-28 06:00:00,28.68,82.03,5.39,324.77
2024-09-28 07:00:00,28.73,81.82,5.74,330.05
2024-09-28 08:00:00,28.68,81.83,5.93,404.2
2024-09-28 09:00:00,28.4,82.27,5.76,321.48
2024-09-28 10:00:00,28.02,83.06,5.28,233.23
2024-09-28 11:00:00,27.5,85.06,4.5,119.8
2024-09-28 12:00:00,26.72,89.18,3.26,11.4
2024-09-28 13:00:00,25.9,92.92,2.3,0.0
2024-09-28 14:00:00,25.68,93.37,2.11,0.0
2024-09-28 15:00:00,25.45,93.86,2.01,0.0
2024-09-28 16:00:00,25.22,94.3,1.98,0.0
2024-09-28 17:00:00,25.06,94.69,1.97,0.0
2024-09-28 18:00:00,24.89,95.07,1.99,0.0
2024-09-28 19:00:00,24.71,95.46,2.04,0.0
2024-09-28 20:00:00,24.57,95.61,2.06,0.0
2024-09-28 21:00:00,24.4,96.2,2.02,0.0
2024-09-28 22:00:00,24.26,96.54,2.0,0.0
2024-09-28 23:00:00,24.15,96.9,1.99,0.0
2024-09-29 00:00:00,24.05,97.24,1.99,0.0
2024-09-29 01:00:00,24.53,96.74,2.08,24.85
2024-09-29 02:00:00,25.82,92.97,2.93,137.95
2024-09-29 03:00:00,26.87,88.38,3.11,289.85
2024-09-29 04:00:00,27.77,84.98,3.28,389.67
2024-09-29 05:00:00,28.45,83.06,3.54,540.62
2024-09-29 06:00:00,28.83,81.97,3.96,649.88
2024-09-29 07:00:00,28.97,81.77,4.38,693.42
2024-09-29 08:00:00,28.85,81.8,4.7,678.17
2024-09-29 09:00:00,28.63,82.36,4.87,536.62
2024-09-29 10:00:00,28.24,83.23,4.71,295.12
2024-09-29 11:00:00,27.61,85.28,4.23,136.57
2024-09-29 12:00:00,26.78,89.85,3.16,26.3
2024-09-29 13:00:00,25.88,94.49,2.05,0.0
2024-09-29 14:00:00,25.57,95.11,1.79,0.0
2024-09-29 15:00:00,25.38,95.05,1.59,0.0
2024-09-29 16:00:00,25.23,94.85,1.41,0.0
2024-09-29 17:00:00,25.12,94.52,1.27,0.0
2024-09-29 18:00:00,24.95,94.65,1.21,0.0
2024-09-29 19:00:00,24.74,95.18,1.25,0.0
2024-09-29 20:00:00,24.53,95.75,1.33,0.0
2024-09-29 21:00:00,24.39,96.0,1.37,0.0
2024-09-29 22:00:00,24.41,95.47,1.24,0.0
2024-09-29 23:00:00,24.5,94.75,0.99,0.0
2024-09-30 00:00:00,24.57,94.23,0.67,0.0
2024-09-30 01:00:00,24.96,94.14,0.67,33.75
2024-09-30 02:00:00,26.48,89.0,0.76,181.43
2024-09-30 03:00:00,27.94,80.2,0.61,386.35
2024-09-30 04:00:00,29.03,75.67,0.43,560.08
2024-09-30 05:00:00,30.06,72.01,0.41,745.8
2024-09-30 06:00:00,30.79,70.27,0.64,848.9
2024-09-30 07:00:00,31.2,69.46,1.0,863.85
2024-09-30 08:00:00,31.21,69.9,1.46,785.38
2024-09-30 09:00:00,31.03,70.53,1.89,659.08
2024-09-30 10:00:00,30.69,71.64,2.33,469.7
2024-09-30 11:00:00,30.03,76.2,2.53,241.8
2024-09-30 12:00:00,28.92,80.86,2.57,45.17
2024-09-30 13:00:00,27.17,90.05,2.33,0.0
2024-09-30 14:00:00,26.5,92.18,2.41,0.0
2024-09-30 15:00:00,26.06,93.69,2.25,0.0
2024-09-30 16:00:00,25.73,94.66,2.04,0.0
2024-09-30 17:00:00,25.54,95.29,1.8,0.0
2024-09-30 18:00:00,25.43,95.49,1.56,0.0
2024-09-30 19:00:00,25.31,95.54,1.38,0.0
2024-09-30 20:00:00,25.15,95.86,1.24,0.0
2024-09-30 21:00:00,24.92,96.49,1.27,0.0
2024-09-30 22:00:00,24.62,97.35,1.43,0.0
2024-09-30 23:00:00,24.36,97.92,1.67,0.0
2024-10-01 00:00:00,24.17,98.2,1.89,0.0
2024-10-01 01:00:00,24.62,96.92,2.07,35.42
2024-10-01 02:00:00,26.03,92.21,2.87,179.18
2024-10-01 03:00:00,27.99,84.47,2.62,395.67
2024-10-01 04:00:00,29.91,76.92,2.23,573.28
2024-10-01 05:00:00,31.23,72.5,1.69,748.33
2024-10-01 06:00:00,32.05,69.36,1.24,835.3
2024-10-01 07:00:00,32.41,68.25,1.36,859.22
2024-10-01 08:00:00,32.36,69.15,1.87,786.17
2024-10-01 09:00:00,32.0,70.98,2.32,641.15
2024-10-01 10:00:00,31.39,74.01,2.73,467.45
2024-10-01 11:00:00,30.55,79.48,2.71,225.8
2024-10-01 12:00:00,29.32,84.46,2.6,41.25
2024-10-01 13:00:00,27.94,91.52,2.39,0.0
2024-10-01 14:00:00,27.37,93.36,2.51,0.0
2024-10-01 15:00:00,26.93,94.91,2.35,0.0
2024-10-01 16:00:00,26.6,96.04,2.08,0.0
2024-10-01 17:00:00,26.31,96.86,1.87,0.0
2024-10-01 18:00:00,26.07,97.43,1.71,0.0
2024-10-01 19:00:00,25.87,97.71,1.63,0.0
2024-10-01 20:00:00,25.68,97.91,1.64,0.0
2024-10-01 21:00:00,25.51,97.86,1.7,0.0
2024-10-01 22:00:00,25.32,97.94,1.75,0.0
2024-10-01 23:00:00,25.17,97.77,1.8,0.0
2024-10-02 00:00:00,25.06,97.34,1.82,0.0
2024-10-02 01:00:00,25.4,96.28,1.76,38.15
2024-10-02 02:00:00,26.69,91.56,2.06,200.88
2024-10-02 03:00:00,28.33,84.48,1.85,429.1
2024-10-02 04:00:00,29.84,78.88,1.72,631.28
2024-10-02 05:00:00,30.87,75.89,1.69,776.2
2024-10-02 06:00:00,31.36,75.29,2.12,839.58
2024-10-02 07:00:00,31.34,75.96,2.69,848.0
2024-10-02 08:00:00,30.94,77.73,3.22,765.58
2024-10-02 09:00:00,30.31,80.72,3.51,612.55
2024-10-02 10:00:00,29.74,83.74,3.53,416.02
2024-10-02 11:00:00,29.04,86.95,3.26,198.0
2024-10-02 12:00:00,28.2,91.09,2.62,35.92
2024-10-02 13:00:00,27.33,94.57,2.02,0.0
2024-10-02 14:00:00,27.02,95.19,1.89,0.0
2024-10-02 15:00:00,26.75,95.61,1.77,0.0
2024-10-02 16:00:00,26.54,95.78,1.6,0.0
2024-10-02 17:00:00,26.35,95.83,1.52,0.0
2024-10-02 18:00:00,26.13,96.12,1.47,0.0
2024-10-02 19:00:00,26.04,96.03,1.34,0.0
2024-10-02 20:00:00,25.94,95.85,1.27,0.0
2024-10-02 21:00:00,25.78,96.07,1.31,0.0
2024-10-02 22:00:00,25.65,96.14,1.28,0.0
2024-10-02 23:00:00,25.6,95.83,1.18,0.0
2024-10-03 00:00:00,25.54,95.55,1.1,0.0
2024-10-03 01:00:00,25.7,95.61,0.98,36.75
2024-10-03 02:00:00,26.9,91.97,1.01,210.32
2024-10-03 03:00:00,27.84,83.62,1.29,434.83
2024-10-03 04:00:00,28.76,79.9,1.64,634.67
2024-10-03 05:00:00,29.56,77.74,2.02,762.95
2024-10-03 06:00:00,30.14,76.41,2.42,806.03
2024-10-03 07:00:00,30.39,75.67,2.91,814.4
2024-10-03 08:00:00,30.32,75.98,3.32,708.58
2024-10-03 09:00:00,30.03,76.62,3.47,608.55
2024-10-03 10:00:00,29.58,77.67,3.43,424.8
2024-10-03 11:00:00,28.85,80.68,3.18,203.27
2024-10-03 12:00:00,27.79,86.26,2.65,37.25
2024-10-03 13:00:00,26.56,92.99,2.08,0.0
2024-10-03 14:00:00,26.03,94.52,2.03,0.0
2024-10-03 15:00:00,25.68,95.42,1.92,0.0
2024-10-03 16:00:00,25.4,96.02,1.79,0.0
2024-10-03 17:00:00,25.2,96.23,1.71,0.0
2024-10-03 18:00:00,24.98,96.58,1.65,0.0
2024-10-03 19:00:00,24.78,96.84,1.58,0.0
2024-10-03 20:00:00,24.62,96.91,1.52,0.0
2024-10-03 21:00:00,24.42,97.17,1.55,0.0
2024-10-03 22:00:00,24.23,97.45,1.61,0.0
2024-10-03 23:00:00,24.1,97.26,1.63,0.0
2024-10-04 00:00:00,24.02,96.91,1.57,0.0
2024-10-04 01:00:00,24.46,96.36,1.37,36.83
2024-10-04 02:00:00,26.08,89.81,1.63,211.65
2024-10-04 03:00:00,27.27,83.6,1.68,440.65
2024-10-04 04:00:00,28.35,79.45,1.83,638.72
2024-10-04 05:00:00,29.32,76.24,2.2,785.45
2024-10-04 06:00:00,29.89,74.4,2.66,861.0
2024-10-04 07:00:00,30.17,73.91,3.05,774.17
2024-10-04 08:00:00,30.2,73.79,3.35,782.12
2024-10-04 09:00:00,29.98,74.02,3.55,645.85
2024-10-04 10:00:00,29.51,75.08,3.61,457.17
2024-10-04 11:00:00,28.69,78.39,3.44,233.57
2024-10-04 12:00:00,27.45,84.74,2.92,39.95
2024-10-04 13:00:00,26.0,92.15,2.3,0.0
2024-10-04 14:00:00,25.53,93.57,2.22,0.0
2024-10-04 15:00:00,25.2,94.35,2.09,0.0
2024-10-04 16:00:00,24.95,94.64,1.97,0.0
2024-10-04 17:00:00,24.74,94.92,1.85,0.0
2024-10-04 18:00:00,24.62,94.81,1.69,0.0
2024-10-04 19:00:00,24.52,94.58,1.52,0.0
2024-10-04 20:00:00,24.48,94.0,1.31,0.0
2024-10-04 21:00:00,24.48,93.16,1.11,0.0
2024-10-04 22:00:00,24.4,92.78,0.94,0.0
2024-10-04 23:00:00,24.36,92.41,0.87,0.0
2024-10-05 00:00:00,24.16,92.78,0.92,0.0
2024-10-05 01:00:00,24.15,94.21,1.05,42.4
2024-10-05 02:00:00,25.88,88.15,1.48,223.82
2024-10-05 03:00:00,27.34,80.98,1.48,456.38
2024-10-05 04:00:00,28.49,76.66,1.3,662.65
2024-10-05 05:00:00,29.48,73.54,1.19,810.6
2024-10-05 06:00:00,30.24,71.06,1.38,887.6
2024-10-05 07:00:00,30.69,69.75,1.79,876.7
2024-10-05 08:00:00,30.78,69.57,2.27,801.15
2024-10-05 09:00:00,30.56,70.08,2.71,660.22
2024-10-05 10:00:00,30.04,71.86,3.1,485.65
2024-10-05 11:00:00,29.19,76.45,3.13,240.2
2024-10-05 12:00:00,27.86,82.67,2.94,39.97
2024-10-05 13:00:00,26.38,89.86,2.68,0.0
2024-10-05 14:00:00,25.81,91.5,2.72,0.0
2024-10-05 15:00:00,25.44,92.77,2.54,0.0
2024-10-05 16:00:00,25.16,93.62,2.33,0.0
2024-10-05 17:00:00,24.9,94.23,2.19,0.0
2024-10-05 18:00:00,24.65,94.75,2.1,0.0
2024-10-05 19:00:00,24.35,95.61,2.07,0.0
2024-10-05 20:00:00,24.07,96.65,2.07,0.0
2024-10-05 21:00:00,23.78,97.72,2.11,0.0
2024-10-05 22:00:00,23.49,98.34,2.19,0.0
2024-10-05 23:00:00,23.21,98.72,2.28,0.0
2024-10-06 00:00:00,22.96,98.76,2.36,0.0
2024-10-06 01:00:00,23.31,96.54,2.74,43.55
2024-10-06 02:00:00,24.81,90.79,3.6,232.5
2024-10-06 03:00:00,26.93,82.47,3.58,453.38
2024-10-06 04:00:00,28.89,75.5,3.57,654.3
2024-10-06 05:00:00,30.44,70.03,3.25,797.75
2024-10-06 06:00:00,31.45,66.97,2.59,864.1
2024-10-06 07:00:00,32.1,64.56,1.98,812.3
2024-10-06 08:00:00,32.44,62.76,1.49,734.85
2024-10-06 09:00:00,32.44,62.37,1.44,593.9
2024-10-06 10:00:00,32.15,64.82,1.79,384.2
2024-10-06 11:00:00,31.81,65.75,2.07,159.62
2024-10-06 12:00:00,30.02,76.48,2.19,23.52
2024-10-06 13:00:00,28.32,86.39,2.27,0.0
2024-10-06 14:00:00,27.74,88.06,2.44,0.0
2024-10-06 15:00:00,27.34,89.26,2.47,0.0
2024-10-06 16:00:00,26.98,90.01,2.55,0.0
2024-10-06 17:00:00,26.55,90.38,2.75,0.0
2024-10-06 18:00:00,26.07,90.63,2.98,0.0
2024-10-06 19:00:00,25.53,91.25,3.12,0.0
2024-10-06 20:00:00,25.07,91.82,3.24,0.0
2024-10-06 21:00:00,24.65,92.87,3.13,0.0
2024-10-06 22:00:00,24.33,93.74,3.02,0.0
2024-10-06 23:00:00,24.18,94.06,3.22,0.0
2024-10-07 00:00:00,24.01,94.37,3.46,0.0
2024-10-07 01:00:00,24.07,93.85,3.69,29.55
2024-10-07 02:00:00,25.09,90.76,4.28,160.75
2024-10-07 03:00:00,26.75,86.95,4.38,364.02
2024-10-07 04:00:00,28.96,77.74,5.52,567.65
2024-10-07 05:00:00,30.32,71.76,5.75,742.65
2024-10-07 06:00:00,31.27,67.47,5.22,825.17
2024-10-07 07:00:00,31.93,64.76,4.36,835.3
2024-10-07 08:00:00,32.34,62.91,3.52,761.17
2024-10-07 09:00:00,32.59,61.54,2.48,628.67
2024-10-07 10:00:00,32.93,58.76,1.6,438.3
2024-10-07 11:00:00,32.77,56.05,1.62,211.65
2024-10-07 12:00:00,30.88,68.23,1.41,27.6
2024-10-07 13:00:00,29.58,72.9,1.31,0.0
2024-10-07 14:00:00,28.71,75.68,1.46,0.0
2024-10-07 15:00:00,27.76,77.55,1.82,0.0
2024-10-07 16:00:00,26.72,81.2,2.28,0.0
2024-10-07 17:00:00,25.79,84.98,2.66,0.0
2024-10-07 18:00:00,25.11,87.15,3.0,0.0
2024-10-07 19:00:00,24.58,88.4,3.3,0.0
2024-10-07 20:00:00,24.15,89.26,3.56,0.0
2024-10-07 21:00:00,23.8,90.07,3.77,0.0
2024-10-07 22:00:00,23.57,90.73,3.91,0.0
2024-10-07 23:00:00,23.45,91.21,3.98,0.0
2024-10-08 00:00:00,23.32,91.77,4.0,0.0
2024-10-08 01:00:00,23.46,91.34,4.23,36.05
2024-10-08 02:00:00,24.8,87.47,4.86,190.38
2024-10-08 03:00:00,26.65,84.11,4.31,388.7
2024-10-08 04:00:00,29.04,75.56,4.52,570.2
2024-10-08 05:00:00,30.51,70.01,4.11,726.8
2024-10-08 06:00:00,31.38,67.35,3.14,793.05
2024-10-08 07:00:00,31.96,65.53,2.1,759.62
2024-10-08 08:00:00,32.32,62.98,1.13,722.9
2024-10-08 09:00:00,32.34,61.15,0.28,591.67
2024-10-08 10:00:00,31.85,64.07,1.09,399.08
2024-10-08 11:00:00,31.39,65.84,1.64,184.85
2024-10-08 12:00:00,29.83,76.3,1.73,27.2
2024-10-08 13:00:00,28.45,84.93,1.84,0.0
2024-10-08 14:00:00,27.92,86.32,1.93,0.0
2024-10-08 15:00:00,27.59,87.11,1.78,0.0
2024-10-08 16:00:00,27.34,87.29,1.57,0.0
2024-10-08 17:00:00,26.89,88.72,1.67,0.0
2024-10-08 18:00:00,26.3,90.34,1.94,0.0
2024-10-08 19:00:00,25.77,90.93,2.24,0.0
2024-10-08 20:00:00,25.27,91.16,2.59,0.0
2024-10-08 21:00:00,24.87,91.34,2.83,0.0
2024-10-08 22:00:00,24.58,91.73,2.91,0.0
2024-10-08 23:00:00,24.38,92.05,2.88,0.0
2024-10-09 00:00:00,24.21,92.43,2.79,0.0
2024-10-09 01:00:00,24.23,92.54,2.73,9.3
2024-10-09 02:00:00,24.87,90.93,3.07,37.92
2024-10-09 03:00:00,25.52,89.3,3.44,37.35
2024-10-09 04:00:00,26.18,89.03,3.16,63.55
2024-10-09 05:00:00,27.09,86.4,2.78,152.77
2024-10-09 06:00:00,27.77,83.21,2.44,221.62
2024-10-09 07:00:00,28.22,80.97,2.04,346.2
2024-10-09 08:00:00,28.45,79.65,1.8,429.25
2024-10-09 09:00:00,28.52,79.48,1.59,360.17
2024-10-09 10:00:00,28.37,81.57,1.42,192.2
2024-10-09 11:00:00,28.12,82.57,1.49,86.62
2024-10-09 12:00:00,27.31,89.1,1.33,10.07
2024-10-09 13:00:00,26.52,91.34,1.53,0.0
2024-10-09 14:00:00,26.2,92.48,1.65,0.0
2024-10-09 15:00:00,25.94,93.12,1.84,0.0
2024-10-09 16:00:00,25.71,93.31,2.03,0.0
2024-10-09 17:00:00,25.49,93.15,2.17,0.0
2024-10-09 18:00:00,25.28,93.0,2.3,0.0
2024-10-09 19:00:00,25.04,93.12,2.45,0.0
2024-10-09 20:00:00,24.8,93.34,2.68,0.0
2024-10-09 21:00:00,24.56,93.63,2.97,0.0
2024-10-09 22:00:00,24.38,93.76,3.3,0.0
2024-10-09 23:00:00,24.27,93.59,3.57,0.0
2024-10-10 00:00:00,24.14,93.71,3.61,0.0
2024-10-10 01:00:00,24.2,93.39,3.7,13.27
2024-10-10 02:00:00,25.03,91.29,4.19,46.62
2024-10-10 03:00:00,26.18,89.69,3.98,162.35
2024-10-10 04:00:00,28.12,83.96,4.45,260.67
2024-10-10 05:00:00,29.75,78.46,4.51,348.12
2024-10-10 06:00:00,30.73,75.46,3.74,452.77
2024-10-10 07:00:00,31.03,74.35,2.67,496.88
2024-10-10 08:00:00,31.04,73.06,1.74,363.7
2024-10-10 09:00:00,30.91,72.24,0.77,267.0
2024-10-10 10:00:00,30.36,72.44,0.0,190.68
2024-10-10 11:00:00,29.5,74.19,0.77,64.32
2024-10-10 12:00:00,28.12,85.73,1.36,14.77
2024-10-10 13:00:00,26.91,90.83,1.86,0.0
2024-10-10 14:00:00,26.34,92.3,2.27,0.0
2024-10-10 15:00:00,25.95,93.19,2.6,0.0
2024-10-10 16:00:00,25.66,93.78,2.78,0.0
2024-10-10 17:00:00,25.44,94.11,2.74,0.0
2024-10-10 18:00:00,25.26,93.99,2.69,0.0
2024-10-10 19:00:00,25.09,93.74,2.83,0.0
2024-10-10 20:00:00,24.9,93.46,3.08,0.0
2024-10-10 21:00:00,24.68,93.39,3.42,0.0
2024-10-10 22:00:00,24.48,93.65,3.7,0.0
2024-10-10 23:00:00,24.32,93.96,3.87,0.0
2024-10-11 00:00:00,24.21,94.13,3.98,0.0
2024-10-11 01:00:00,24.32,93.76,4.24,17.98
2024-10-11 02:00:00,25.26,91.96,4.76,103.93
2024-10-11 03:00:00,26.68,89.42,4.66,224.0
2024-10-11 04:00:00,28.46,82.95,5.51,414.55
2024-10-11 05:00:00,29.79,77.57,5.68,539.0
2024-10-11 06:00:00,30.73,73.54,5.26,639.47
2024-10-11 07:00:00,31.42,71.18,4.43,714.38
2024-10-11 08:00:00,31.78,70.32,3.41,675.58
2024-10-11 09:00:00,31.98,70.31,2.13,539.53
2024-10-11 10:00:00,31.98,68.94,1.26,361.12
2024-10-11 11:00:00,31.01,71.03,0.84,170.35
2024-10-11 12:00:00,29.41,81.97,1.03,25.58
2024-10-11 13:00:00,28.08,89.96,1.42,0.0
2024-10-11 14:00:00,27.43,92.32,1.53,0.0
2024-10-11 15:00:00,27.02,93.97,1.28,0.0
2024-10-11 16:00:00,26.74,94.75,0.97,0.0
2024-10-11 17:00:00,26.5,94.9,0.93,0.0
2024-10-11 18:00:00,26.25,94.79,1.18,0.0
2024-10-11 19:00:00,25.93,94.63,1.59,0.0
2024-10-11 20:00:00,25.61,94.52,2.13,0.0
2024-10-11 21:00:00,25.39,94.21,2.63,0.0
2024-10-11 22:00:00,25.16,94.1,2.91,0.0
2024-10-11 23:00:00,24.92,94.18,2.99,0.0
2024-10-12 00:00:00,24.67,94.44,2.92,0.0
2024-10-12 01:00:00,24.81,93.98,3.15,35.08
2024-10-12 02:00:00,26.03,90.77,4.04,197.35
2024-10-12 03:00:00,27.57,86.37,4.58,390.17
2024-10-12 04:00:00,29.21,79.38,5.3,584.08
2024-10-12 05:00:00,30.45,74.64,5.21,714.97
2024-10-12 06:00:00,31.43,71.55,4.66,800.53
2024-10-12 07:00:00,32.13,69.58,3.93,776.58
2024-10-12 08:00:00,32.32,68.74,3.11,685.92
2024-10-12 09:00:00,32.5,68.67,2.23,532.83
2024-10-12 10:00:00,32.33,68.59,1.72,357.1
2024-10-12 11:00:00,31.32,72.66,1.73,164.07
2024-10-12 12:00:00,29.53,81.95,2.0,23.38
2024-10-12 13:00:00,28.15,90.36,1.95,0.0
2024-10-12 14:00:00,27.62,92.6,1.81,0.0
2024-10-12 15:00:00,27.3,94.37,1.39,0.0
2024-10-12 16:00:00,27.03,95.64,1.02,0.0
2024-10-12 17:00:00,26.84,96.21,1.02,0.0
2024-10-12 18:00:00,26.6,96.6,1.48,0.0
2024-10-12 19:00:00,26.36,96.69,1.99,0.0
2024-10-12 20:00:00,26.15,96.84,2.3,0.0
2024-10-12 21:00:00,25.97,96.87,2.19,0.0
2024-10-12 22:00:00,25.82,96.73,1.91,0.0
2024-10-12 23:00:00,25.71,96.16,1.64,0.0
2024-10-13 00:00:00,25.66,95.29,1.35,0.0
2024-10-13 01:00:00,25.94,94.26,0.88,26.75
2024-10-13 02:00:00,27.15,89.3,1.29,163.82
2024-10-13 03:00:00,28.89,81.89,2.39,355.75
2024-10-13 04:00:00,29.9,75.43,2.89,559.33
2024-10-13 05:00:00,30.8,72.35,2.52,695.55
2024-10-13 06:00:00,31.43,70.83,2.15,799.95
2024-10-13 07:00:00,31.73,70.13,2.1,811.92
2024-10-13 08:00:00,31.68,70.57,2.13,730.83
2024-10-13 09:00:00,31.26,73.12,2.04,597.42
2024-10-13 10:00:00,31.0,76.42,1.89,386.42
2024-10-13 11:00:00,30.49,76.67,1.76,175.02
2024-10-13 12:00:00,29.35,82.09,1.71,15.82
2024-10-13 13:00:00,28.28,89.8,1.57,0.0
2024-10-13 14:00:00,27.85,91.07,1.5,0.0
2024-10-13 15:00:00,27.54,91.57,1.3,0.0
2024-10-13 16:00:00,27.27,91.76,1.15,0.0
2024-10-13 17:00:00,26.98,91.96,1.07,0.0
2024-10-13 18:00:00,26.64,92.45,1.14,0.0
2024-10-13 19:00:00,26.22,93.48,1.41,0.0
2024-10-13 20:00:00,25.81,94.27,1.69,0.0
2024-10-13 21:00:00,25.49,94.18,1.85,0.0
2024-10-13 22:00:00,25.19,94.02,1.91,0.0
2024-10-13 23:00:00,24.87,93.97,2.0,0.0
2024-10-14 00:00:00,24.54,94.13,2.13,0.0
2024-10-14 01:00:00,24.67,93.68,2.23,31.67
2024-10-14 02:00:00,26.03,89.4,3.01,185.35
2024-10-14 03:00:00,28.07,81.11,2.74,388.23
2024-10-14 04:00:00,29.97,72.82,2.73,578.33
2024-10-14 05:00:00,31.14,69.31,2.63,735.28
2024-10-14 06:00:00,32.01,66.99,2.32,828.3
2024-10-14 07:00:00,32.7,64.71,1.85,854.75
2024-10-14 08:00:00,33.1,62.81,1.31,777.08
2024-10-14 09:00:00,33.17,61.58,0.4,631.1
2024-10-14 10:00:00,33.04,63.07,0.82,435.33
2024-10-14 11:00:00,32.01,67.85,1.86,202.77
2024-10-14 12:00:00,30.03,78.44,2.61,18.88
2024-10-14 13:00:00,28.3,87.81,3.03,0.0
2024-10-14 14:00:00,27.6,90.66,3.64,0.0
2024-10-14 15:00:00,27.19,93.18,3.58,0.0
2024-10-14 16:00:00,26.86,94.9,3.16,0.0
2024-10-14 17:00:00,26.56,96.21,2.66,0.0
2024-10-14 18:00:00,26.31,96.95,2.16,0.0
2024-10-14 19:00:00,26.11,97.02,1.86,0.0
2024-10-14 20:00:00,25.96,96.46,1.84,0.0
2024-10-14 21:00:00,25.81,95.83,1.96,0.0
2024-10-14 22:00:00,25.65,95.39,2.11,0.0
2024-10-14 23:00:00,25.46,95.2,2.33,0.0
2024-10-15 00:00:00,25.26,95.12,2.5,0.0
2024-10-15 01:00:00,25.33,94.65,2.73,32.6
2024-10-15 02:00:00,26.22,91.89,3.37,186.2
2024-10-15 03:00:00,27.56,87.87,3.13,381.05
2024-10-15 04:00:00,29.22,80.54,3.22,575.17
2024-10-15 05:00:00,30.24,76.88,3.04,728.55
2024-10-15 06:00:00,30.97,74.83,2.52,731.4
2024-10-15 07:00:00,31.4,73.27,1.97,739.08
2024-10-15 08:00:00,31.48,72.69,1.63,669.12
2024-10-15 09:00:00,31.22,73.24,1.55,467.1
2024-10-15 10:00:00,30.8,76.8,1.56,293.62
2024-10-15 11:00:00,30.13,78.13,1.81,132.5
2024-10-15 12:00:00,28.97,84.86,1.91,15.35
2024-10-15 13:00:00,27.95,91.12,1.89,0.0
2024-10-15 14:00:00,27.55,92.46,2.01,0.0
2024-10-15 15:00:00,27.28,93.48,1.98,0.0
2024-10-15 16:00:00,27.06,94.32,1.85,0.0
2024-10-15 17:00:00,26.84,94.95,1.74,0.0
2024-10-15 18:00:00,26.61,95.35,1.67,0.0
2024-10-15 19:00:00,26.38,95.3,1.6,0.0
2024-10-15 20:00:00,26.15,95.19,1.59,0.0
2024-10-15 21:00:00,25.93,95.02,1.66,0.0
2024-10-15 22:00:00,25.65,95.12,1.86,0.0
2024-10-15 23:00:00,25.41,94.96,2.11,0.0
2024-10-16 00:00:00,25.16,94.77,2.36,0.0
2024-10-16 01:00:00,25.18,93.99,2.68,31.5
2024-10-16 02:00:00,26.18,90.67,3.57,173.5
2024-10-16 03:00:00,27.56,87.52,3.46,356.2
2024-10-16 04:00:00,29.63,78.99,3.52,497.45
2024-10-16 05:00:00,31.01,74.08,3.03,596.78
2024-10-16 06:00:00,31.75,71.14,2.12,622.7
2024-10-16 07:00:00,32.14,68.9,1.24,580.58
2024-10-16 08:00:00,32.19,67.43,0.55,594.85
2024-10-16 09:00:00,32.09,67.18,0.13,492.98
2024-10-16 10:00:00,31.91,69.92,0.79,327.7
2024-10-16 11:00:00,31.38,71.08,1.34,143.35
2024-10-16 12:00:00,29.83,82.24,1.7,18.88
2024-10-16 13:00:00,28.49,88.5,2.16,0.0
2024-10-16 14:00:00,27.83,90.15,2.55,0.0
2024-10-16 15:00:00,27.39,92.0,2.59,0.0
2024-10-16 16:00:00,27.07,93.29,2.46,0.0
2024-10-16 17:00:00,26.79,93.87,2.35,0.0
2024-10-16 18:00:00,26.53,93.86,2.31,0.0
2024-10-16 19:00:00,26.25,93.77,2.31,0.0
2024-10-16 20:00:00,25.93,93.63,2.38,0.0
2024-10-16 21:00:00,25.64,93.59,2.48,0.0
2024-10-16 22:00:00,25.4,93.46,2.62,0.0
2024-10-16 23:00:00,25.2,93.37,2.7,0.0
2024-10-17 00:00:00,25.04,93.39,2.79,0.0
2024-10-17 01:00:00,25.12,93.01,2.98,9.73
2024-10-17 02:00:00,25.96,90.5,3.68,53.62
2024-10-17 03:00:00,27.04,88.69,3.4,102.72
2024-10-17 04:00:00,28.96,83.29,3.5,169.52
2024-10-17 05:00:00,30.43,78.15,3.44,241.15
2024-10-17 06:00:00,31.09,75.97,2.81,327.75
2024-10-17 07:00:00,31.32,74.82,1.98,481.8
2024-10-17 08:00:00,31.37,74.59,1.25,529.15
2024-10-17 09:00:00,31.3,73.93,1.16,391.33
2024-10-17 10:00:00,30.81,74.53,1.49,254.62
2024-10-17 11:00:00,30.01,77.34,1.7,114.03
2024-10-17 12:00:00,28.93,86.39,1.61,15.75
2024-10-17 13:00:00,28.0,90.51,1.96,0.0
2024-10-17 14:00:00,27.58,91.44,2.32,0.0
2024-10-17 15:00:00,27.32,91.82,2.59,0.0
2024-10-17 16:00:00,27.05,92.2,2.76,0.0
2024-10-17 17:00:00,26.72,92.47,2.9,0.0
2024-10-17 18:00:00,26.28,92.39,3.07,0.0
2024-10-17 19:00:00,25.71,92.38,3.19,0.0
2024-10-17 20:00:00,25.13,92.08,3.46,0.0
2024-10-17 21:00:00,24.6,91.91,3.61,0.0
2024-10-17 22:00:00,24.22,91.93,3.68,0.0
2024-10-17 23:00:00,24.03,91.96,3.78,0.0
2024-10-18 00:00:00,23.95,92.04,3.99,0.0
2024-10-18 01:00:00,23.99,91.76,4.3,26.8
2024-10-18 02:00:00,24.52,90.57,4.77,139.75
2024-10-18 03:00:00,25.37,89.28,4.65,279.2
2024-10-18 04:00:00,26.7,86.99,4.17,457.58
2024-10-18 05:00:00,28.67,81.77,4.12,610.35
2024-10-18 06:00:00,30.54,76.9,4.28,657.33
2024-10-18 07:00:00,31.51,74.97,4.08,691.4
2024-10-18 08:00:00,31.73,74.65,3.75,611.28
2024-10-18 09:00:00,31.71,74.66,3.12,519.67
2024-10-18 10:00:00,31.44,75.21,2.45,327.45
2024-10-18 11:00:00,30.78,76.9,1.98,142.3
2024-10-18 12:00:00,29.35,88.05,1.48,15.43
2024-10-18 13:00:00,28.34,92.01,1.47,0.0
2024-10-18 14:00:00,27.88,93.48,1.39,0.0
2024-10-18 15:00:00,27.53,94.76,1.27,0.0
2024-10-18 16:00:00,27.23,95.68,1.19,0.0
2024-10-18 17:00:00,26.98,96.33,1.17,0.0
2024-10-18 18:00:00,26.78,96.7,1.21,0.0
2024-10-18 19:00:00,26.61,96.93,1.3,0.0
2024-10-18 20:00:00,26.44,97.14,1.34,0.0
2024-10-18 21:00:00,26.3,97.19,1.34,0.0
2024-10-18 22:00:00,26.18,97.0,1.23,0.0
2024-10-18 23:00:00,26.1,96.67,1.11,0.0
2024-10-19 00:00:00,26.04,96.2,1.07,0.0
2024-10-19 01:00:00,26.0,96.32,1.21,24.6
2024-10-19 02:00:00,26.67,94.86,1.78,145.3
2024-10-19 03:00:00,27.37,91.78,2.32,308.02
2024-10-19 04:00:00,28.08,87.99,2.78,455.73
2024-10-19 05:00:00,28.65,84.46,3.04,622.0
2024-10-19 06:00:00,29.02,82.4,3.05,728.53
2024-10-19 07:00:00,29.16,81.32,3.05,710.2
2024-10-19 08:00:00,28.83,82.16,3.06,640.4
2024-10-19 09:00:00,28.38,83.74,3.15,533.53
2024-10-19 10:00:00,27.89,85.37,3.03,341.95
2024-10-19 11:00:00,27.4,87.2,2.63,142.07
2024-10-19 12:00:00,26.78,90.35,1.96,15.3
2024-10-19 13:00:00,26.21,92.52,1.62,0.0
2024-10-19 14:00:00,26.07,91.91,1.39,0.0
2024-10-19 15:00:00,25.96,91.02,1.21,0.0
2024-10-19 16:00:00,25.82,90.34,1.1,0.0
2024-10-19 17:00:00,25.67,89.52,0.97,0.0
2024-10-19 18:00:00,25.55,88.63,0.76,0.0
2024-10-19 19:00:00,25.37,88.42,0.56,0.0
2024-10-19 20:00:00,25.2,88.08,0.6,0.0
2024-10-19 21:00:00,24.81,90.57,0.91,0.0
2024-10-19 22:00:00,24.48,92.97,1.26,0.0
2024-10-19 23:00:00,24.3,94.31,1.54,0.0
2024-10-20 00:00:00,24.21,94.76,1.77,0.0
2024-10-20 01:00:00,24.36,95.06,1.93,30.33
2024-10-20 02:00:00,25.82,91.65,2.6,184.98
2024-10-20 03:00:00,27.99,84.42,2.88,386.65
2024-10-20 04:00:00,29.76,76.97,3.34,590.28
2024-10-20 05:00:00,30.54,74.37,3.7,725.12
2024-10-20 06:00:00,30.98,73.1,3.65,780.92
2024-10-20 07:00:00,31.29,71.81,3.24,765.15
2024-10-20 08:00:00,31.41,70.66,2.72,704.35
2024-10-20 09:00:00,31.34,70.01,2.07,592.95
2024-10-20 10:00:00,31.29,69.75,1.32,398.8
2024-10-20 11:00:00,31.2,67.61,0.81,180.35
2024-10-20 12:00:00,30.0,73.02,0.52,19.08
2024-10-20 13:00:00,28.76,80.38,0.85,0.0
2024-10-20 14:00:00,27.98,84.45,1.1,0.0
2024-10-20 15:00:00,27.56,85.93,1.1,0.0
2024-10-20 16:00:00,27.27,86.14,1.07,0.0
2024-10-20 17:00:00,26.72,88.17,1.34,0.0
2024-10-20 18:00:00,26.08,90.57,1.76,0.0
2024-10-20 19:00:00,25.49,91.2,2.1,0.0
2024-10-20 20:00:00,24.9,90.92,2.45,0.0
2024-10-20 21:00:00,24.34,90.47,2.79,0.0
2024-10-20 22:00:00,23.88,89.96,3.08,0.0
2024-10-20 23:00:00,23.5,90.0,3.27,0.0
2024-10-21 00:00:00,23.23,90.25,3.39,0.0
2024-10-21 01:00:00,23.15,90.58,3.51,24.7
2024-10-21 02:00:00,23.79,89.3,4.04,144.43
2024-10-21 03:00:00,24.72,88.37,4.02,299.8
2024-10-21 04:00:00,26.18,85.74,3.84,468.62
2024-10-21 05:00:00,27.7,80.6,3.87,673.3
2024-10-21 06:00:00,28.73,76.67,3.48,751.47
2024-10-21 07:00:00,29.47,73.46,2.89,777.33
2024-10-21 08:00:00,29.94,71.24,2.21,706.15
2024-10-21 09:00:00,30.18,69.92,1.47,579.38
2024-10-21 10:00:00,30.19,69.82,0.83,385.2
2024-10-21 11:00:00,30.17,70.42,0.66,172.25
2024-10-21 12:00:00,29.07,77.4,0.98,17.3
2024-10-21 13:00:00,27.79,85.56,1.57,0.0
2024-10-21 14:00:00,27.23,88.38,1.89,0.0
2024-10-21 15:00:00,26.86,89.76,1.96,0.0
2024-10-21 16:00:00,26.53,90.68,1.91,0.0
2024-10-21 17:00:00,26.24,91.49,1.83,0.0
2024-10-21 18:00:00,25.96,92.1,1.77,0.0
2024-10-21 19:00:00,25.64,92.67,1.79,0.0
2024-10-21 20:00:00,25.31,93.08,1.91,0.0
2024-10-21 21:00:00,24.98,93.13,2.05,0.0
2024-10-21 22:00:00,24.68,93.1,2.17,0.0
2024-10-21 23:00:00,24.43,92.85,2.26,0.0
2024-10-22 00:00:00,24.2,92.48,2.33,0.0
2024-10-22 01:00:00,24.26,91.95,2.36,26.35
2024-10-22 02:00:00,25.67,86.68,2.98,171.52
2024-10-22 03:00:00,27.19,81.33,2.81,377.25
2024-10-22 04:00:00,29.18,73.03,2.65,581.2
2024-10-22 05:00:00,30.45,68.57,2.33,765.15
2024-10-22 06:00:00,31.27,66.12,1.82,789.58
2024-10-22 07:00:00,31.83,64.56,1.22,805.83
2024-10-22 08:00:00,32.1,63.7,0.66,751.05
2024-10-22 09:00:00,32.15,62.9,0.34,570.75
2024-10-22 10:00:00,31.7,66.23,1.12,377.15
2024-10-22 11:00:00,31.28,68.43,1.72,186.45
2024-10-22 12:00:00,29.63,77.81,2.02,16.12
2024-10-22 13:00:00,28.02,86.74,2.31,0.0
2024-10-22 14:00:00,27.27,88.78,2.56,0.0
2024-10-22 15:00:00,26.76,90.55,2.56,0.0
2024-10-22 16:00:00,26.36,92.0,2.41,0.0
2024-10-22 17:00:00,26.0,93.03,2.28,0.0
2024-10-22 18:00:00,25.68,93.55,2.19,0.0
2024-10-22 19:00:00,25.39,93.62,2.19,0.0
2024-10-22 20:00:00,25.1,93.57,2.24,0.0
2024-10-22 21:00:00,24.83,93.46,2.29,0.0
2024-10-22 22:00:00,24.56,93.52,2.35,0.0
2024-10-22 23:00:00,24.3,93.67,2.45,0.0
2024-10-23 00:00:00,24.07,93.93,2.55,0.0
2024-10-23 01:00:00,24.1,93.83,2.72,22.45
2024-10-23 02:00:00,25.24,90.4,3.65,132.62
2024-10-23 03:00:00,26.61,87.32,3.34,272.67
2024-10-23 04:00:00,28.85,77.33,3.04,505.12
2024-10-23 05:00:00,30.41,71.05,2.5,695.28
2024-10-23 06:00:00,31.37,67.64,1.85,777.22
2024-10-23 07:00:00,31.94,66.11,1.46,781.78
2024-10-23 08:00:00,32.14,65.6,1.63,696.72
2024-10-23 09:00:00,32.01,66.37,2.14,587.67
2024-10-23 10:00:00,31.66,69.16,2.37,361.5
2024-10-23 11:00:00,31.05,70.99,2.58,148.95
2024-10-23 12:00:00,29.43,80.74,2.29,14.32
2024-10-23 13:00:00,28.17,86.13,2.24,0.0
2024-10-23 14:00:00,27.59,87.15,2.32,0.0
2024-10-23 15:00:00,27.02,87.92,2.36,0.0
2024-10-23 16:00:00,26.42,88.55,2.43,0.0
2024-10-23 17:00:00,25.81,89.29,2.58,0.0
2024-10-23 18:00:00,25.25,89.76,2.69,0.0
2024-10-23 19:00:00,24.71,90.24,2.8,0.0
2024-10-23 20:00:00,24.21,90.8,2.93,0.0
2024-10-23 21:00:00,23.79,91.38,3.12,0.0
2024-10-23 22:00:00,23.45,92.07,3.35,0.0
2024-10-23 23:00:00,23.2,92.51,3.62,0.0
2024-10-24 00:00:00,22.97,92.91,3.86,0.0
2024-10-24 01:00:00,22.93,92.69,4.15,27.02
2024-10-24 02:00:00,24.06,89.06,4.8,176.68
2024-10-24 03:00:00,25.76,85.4,4.1,281.73
2024-10-24 04:00:00,28.36,75.87,3.73,502.3
2024-10-24 05:00:00,30.33,66.5,3.2,709.85
2024-10-24 06:00:00,31.54,61.1,2.23,784.25
2024-10-24 07:00:00,32.26,58.27,1.45,749.42
2024-10-24 08:00:00,32.63,55.99,1.26,675.42
2024-10-24 09:00:00,32.45,57.32,1.58,531.15
2024-10-24 10:00:00,32.68,55.36,1.84,334.62
2024-10-24 11:00:00,31.64,56.93,2.16,139.05
2024-10-24 12:00:00,29.26,74.17,2.07,14.1
2024-10-24 13:00:00,27.5,78.91,2.37,0.0
2024-10-24 14:00:00,26.75,80.69,2.44,0.0
2024-10-24 15:00:00,26.18,81.46,2.36,0.0
2024-10-24 16:00:00,25.65,81.64,2.29,0.0
2024-10-24 17:00:00,24.97,82.45,2.38,0.0
2024-10-24 18:00:00,24.18,83.91,2.63,0.0
2024-10-24 19:00:00,23.47,85.02,2.89,0.0
2024-10-24 20:00:00,22.89,85.76,3.09,0.0
2024-10-24 21:00:00,22.42,86.47,3.24,0.0
2024-10-24 22:00:00,22.07,87.27,3.36,0.0
2024-10-24 23:00:00,21.8,88.14,3.42,0.0
2024-10-25 00:00:00,21.6,88.81,3.46,0.0
2024-10-25 01:00:00,21.64,88.85,3.45,27.17
2024-10-25 02:00:00,23.36,83.67,4.17,174.57
2024-10-25 03:00:00,24.97,79.9,4.19,380.9
2024-10-25 04:00:00,27.06,78.29,3.36,582.25
2024-10-25 05:00:00,29.86,63.89,3.33,726.72
2024-10-25 06:00:00,31.26,57.41,2.94,801.38
2024-10-25 07:00:00,31.87,52.33,2.58,767.6
2024-10-25 08:00:00,32.22,50.94,2.46,702.47
2024-10-25 09:00:00,32.3,50.36,2.44,576.0
2024-10-25 10:00:00,32.41,46.9,2.57,377.75
2024-10-25 11:00:00,30.98,49.88,2.8,161.27
2024-10-25 12:00:00,28.21,70.86,2.4,14.5
2024-10-25 13:00:00,26.56,74.56,2.55,0.0
2024-10-25 14:00:00,25.79,76.85,2.57,0.0
2024-10-25 15:00:00,25.07,79.08,2.59,0.0
2024-10-25 16:00:00,24.32,80.92,2.69,0.0
2024-10-25 17:00:00,23.57,82.22,2.87,0.0
2024-10-25 18:00:00,22.91,82.79,3.04,0.0
2024-10-25 19:00:00,22.32,83.21,3.17,0.0
2024-10-25 20:00:00,21.83,83.64,3.29,0.0
2024-10-25 21:00:00,21.43,84.45,3.34,0.0
2024-10-25 22:00:00,21.13,85.3,3.39,0.0
2024-10-25 23:00:00,20.89,86.32,3.43,0.0
2024-10-26 00:00:00,20.74,87.23,3.49,0.0
2024-10-26 01:00:00,20.88,87.76,3.57,30.12
2024-10-26 02:00:00,22.94,82.75,4.27,206.07
2024-10-26 03:00:00,24.75,79.17,4.14,360.75
2024-10-26 04:00:00,27.15,74.67,3.58,602.7
2024-10-26 05:00:00,29.44,65.06,4.02,779.2
2024-10-26 06:00:00,30.36,62.63,3.77,854.95
2024-10-26 07:00:00,31.01,60.77,3.39,819.55
2024-10-26 08:00:00,31.39,59.58,3.1,736.05
2024-10-26 09:00:00,31.6,59.03,2.88,586.55
2024-10-26 10:00:00,31.79,57.05,2.8,385.02
2024-10-26 11:00:00,30.86,58.39,3.02,164.1
2024-10-26 12:00:00,28.2,75.18,2.53,14.7
2024-10-26 13:00:00,26.38,79.16,2.7,0.0
2024-10-26 14:00:00,25.53,81.82,2.79,0.0
2024-10-26 15:00:00,24.75,84.3,2.82,0.0
2024-10-26 16:00:00,24.01,86.04,2.81,0.0
2024-10-26 17:00:00,23.32,86.99,2.81,0.0
2024-10-26 18:00:00,22.7,87.25,2.81,0.0
2024-10-26 19:00:00,22.15,87.06,2.81,0.0
2024-10-26 20:00:00,21.64,86.66,2.81,0.0
2024-10-26 21:00:00,21.18,86.22,2.87,0.0
2024-10-26 22:00:00,20.8,85.75,2.93,0.0
2024-10-26 23:00:00,20.5,85.29,2.97,0.0
2024-10-27 00:00:00,20.27,84.83,3.0,0.0
2024-10-27 01:00:00,20.34,84.66,2.96,27.92
2024-10-27 02:00:00,23.02,80.24,2.77,191.07
2024-10-27 03:00:00,24.97,71.5,2.71,412.23
2024-10-27 04:00:00,27.33,64.68,1.75,579.15
2024-10-27 05:00:00,29.44,58.8,2.1,765.67
2024-10-27 06:00:00,30.23,59.18,2.53,847.85
2024-10-27 07:00:00,30.58,60.38,2.95,841.5
2024-10-27 08:00:00,30.62,62.19,3.32,744.3
2024-10-27 09:00:00,30.42,64.51,3.53,600.55
2024-10-27 10:00:00,30.1,67.3,3.43,397.17
2024-10-27 11:00:00,29.2,72.61,3.1,171.45
2024-10-27 12:00:00,27.32,83.04,2.54,13.55
2024-10-27 13:00:00,25.83,87.2,2.53,0.0
2024-10-27 14:00:00,25.4,88.15,2.43,0.0
2024-10-27 15:00:00,25.03,88.48,2.25,0.0
2024-10-27 16:00:00,24.7,88.27,2.02,0.0
2024-10-27 17:00:00,24.32,88.43,1.86,0.0
2024-10-27 18:00:00,23.88,89.06,1.78,0.0
2024-10-27 19:00:00,23.4,90.09,1.79,0.0
2024-10-27 20:00:00,22.89,91.52,1.89,0.0
2024-10-27 21:00:00,22.41,92.99,2.01,0.0
2024-10-27 22:00:00,22.0,94.16,2.14,0.0
2024-10-27 23:00:00,21.67,94.85,2.24,0.0
2024-10-28 00:00:00,21.42,94.95,2.32,0.0
2024-10-28 01:00:00,21.47,94.0,2.32,28.58
2024-10-28 02:00:00,23.79,87.27,2.39,197.82
2024-10-28 03:00:00,25.91,77.12,1.64,410.8
2024-10-28 04:00:00,28.35,65.12,0.6,593.55
2024-10-28 05:00:00,30.0,59.51,0.75,764.95
2024-10-28 06:00:00,30.78,58.62,1.28,839.22
2024-10-28 07:00:00,31.09,59.37,1.8,833.5
2024-10-28 08:00:00,31.12,60.54,2.19,743.47
2024-10-28 09:00:00,30.91,62.26,2.5,592.92
2024-10-28 10:00:00,30.55,65.12,2.61,393.83
2024-10-28 11:00:00,29.99,67.66,2.54,161.7
2024-10-28 12:00:00,28.04,80.05,2.24,13.62
2024-10-28 13:00:00,26.4,85.67,2.45,0.0
2024-10-28 14:00:00,25.87,87.64,2.47,0.0
2024-10-28 15:00:00,25.49,88.9,2.32,0.0
2024-10-28 16:00:00,25.19,89.4,2.09,0.0
2024-10-28 17:00:00,25.04,88.73,1.79,0.0
2024-10-28 18:00:00,24.92,87.88,1.51,0.0
2024-10-28 19:00:00,24.52,88.56,1.48,0.0
2024-10-28 20:00:00,23.94,90.07,1.62,0.0
2024-10-28 21:00:00,23.41,90.95,1.8,0.0
2024-10-28 22:00:00,22.97,91.16,1.97,0.0
2024-10-28 23:00:00,22.59,90.91,2.15,0.0
2024-10-29 00:00:00,22.25,90.48,2.36,0.0
2024-10-29 01:00:00,22.17,89.93,2.47,26.88
2024-10-29 02:00:00,24.29,82.46,2.75,183.27
2024-10-29 03:00:00,25.75,76.49,2.62,384.65
2024-10-29 04:00:00,28.25,67.96,1.93,587.6
2024-10-29 05:00:00,30.05,62.97,2.08,681.97
2024-10-29 06:00:00,30.87,61.8,2.13,800.9
2024-10-29 07:00:00,31.3,61.58,2.21,789.55
2024-10-29 08:00:00,31.4,62.23,2.36,704.17
2024-10-29 09:00:00,31.17,63.9,2.56,561.55
2024-10-29 10:00:00,30.76,66.99,2.63,362.23
2024-10-29 11:00:00,29.94,71.25,2.57,146.75
2024-10-29 12:00:00,28.09,82.5,2.21,11.75
2024-10-29 13:00:00,26.61,87.82,2.34,0.0
2024-10-29 14:00:00,26.08,89.78,2.35,0.0
2024-10-29 15:00:00,25.69,90.96,2.26,0.0
2024-10-29 16:00:00,25.34,91.72,2.1,0.0
2024-10-29 17:00:00,25.04,92.13,1.92,0.0
2024-10-29 18:00:00,24.73,92.53,1.79,0.0
2024-10-29 19:00:00,24.33,93.24,1.81,0.0
2024-10-29 20:00:00,23.88,93.8,1.94,0.0
2024-10-29 21:00:00,23.46,93.73,2.11,0.0
2024-10-29 22:00:00,23.06,93.08,2.3,0.0
2024-10-29 23:00:00,22.69,92.03,2.47,0.0
2024-10-30 00:00:00,22.31,91.07,2.64,0.0
2024-10-30 01:00:00,22.14,90.06,2.73,25.88
2024-10-30 02:00:00,23.86,84.14,3.32,178.68
2024-10-30 03:00:00,25.18,80.0,3.41,371.17
2024-10-30 04:00:00,27.46,73.09,2.92,573.5
2024-10-30 05:00:00,29.54,64.83,2.86,718.22
2024-10-30 06:00:00,30.56,61.57,2.65,750.17
2024-10-30 07:00:00,31.19,59.59,2.35,777.6
2024-10-30 08:00:00,31.55,58.29,2.02,700.42
2024-10-30 09:00:00,31.62,57.83,1.56,534.75
2024-10-30 10:00:00,31.94,56.45,1.2,345.88
2024-10-30 11:00:00,31.75,53.55,1.15,134.73
2024-10-30 12:00:00,29.9,66.35,1.2,9.82
2024-10-30 13:00:00,28.21,72.09,1.78,0.0
2024-10-30 14:00:00,27.09,77.63,2.19,0.0
2024-10-30 15:00:00,26.34,80.78,2.34,0.0
2024-10-30 16:00:00,25.73,83.0,2.36,0.0
2024-10-30 17:00:00,25.13,84.57,2.42,0.0
2024-10-30 18:00:00,24.55,85.32,2.6,0.0
2024-10-30 19:00:00,24.02,85.6,2.79,0.0
2024-10-30 20:00:00,23.54,85.75,3.04,0.0
2024-10-30 21:00:00,23.16,85.84,3.43,0.0
2024-10-30 22:00:00,22.88,86.19,3.84,0.0
2024-10-30 23:00:00,22.63,87.25,4.06,0.0
2024-10-31 00:00:00,22.39,88.63,4.08,0.0
2024-10-31 01:00:00,22.32,89.41,4.13,23.7
2024-10-31 02:00:00,23.61,85.6,4.87,172.02
2024-10-31 03:00:00,25.32,82.58,4.41,370.27
2024-10-31 04:00:00,27.76,77.97,3.81,547.58
2024-10-31 05:00:00,30.22,66.92,4.01,683.17
2024-10-31 06:00:00,31.34,62.94,3.3,776.75
2024-10-31 07:00:00,32.03,60.54,2.55,788.38
2024-10-31 08:00:00,32.34,59.86,1.91,653.95
2024-10-31 09:00:00,32.38,60.33,1.55,549.3
2024-10-31 10:00:00,32.59,59.36,1.56,358.7
2024-10-31 11:00:00,31.88,59.17,1.83,130.8
2024-10-31 12:00:00,29.77,73.28,1.78,10.65
2024-10-31 13:00:00,28.25,76.61,2.05,0.0
2024-10-31 14:00:00,27.42,79.04,2.19,0.0
2024-10-31 15:00:00,26.67,80.7,2.25,0.0
2024-10-31 16:00:00,25.81,82.52,2.48,0.0
2024-10-31 17:00:00,24.91,83.96,2.87,0.0
2024-10-31 18:00:00,24.12,84.6,3.27,0.0
2024-10-31 19:00:00,23.47,84.9,3.72,0.0
2024-10-31 20:00:00,22.92,85.26,4.1,0.0
2024-10-31 21:00:00,22.44,85.79,4.23,0.0
2024-10-31 22:00:00,22.08,86.28,4.3,0.0
2024-10-31 23:00:00,21.84,86.43,4.39,0.0
2024-11-01 00:00:00,21.66,86.38,4.48,0.0
2024-11-01 01:00:00,21.62,85.92,4.6,21.23
2024-11-01 02:00:00,22.85,81.83,5.2,157.52
2024-11-01 03:00:00,24.56,78.68,4.89,350.92
2024-11-01 04:00:00,26.78,77.17,3.89,501.02
2024-11-01 05:00:00,29.49,67.14,4.16,668.22
2024-11-01 06:00:00,31.07,60.77,3.7,736.0
2024-11-01 07:00:00,31.73,57.98,2.81,745.92
2024-11-01 08:00:00,32.1,57.43,1.94,673.5
2024-11-01 09:00:00,32.15,57.98,1.44,518.35
2024-11-01 10:00:00,32.31,57.41,1.43,333.95
2024-11-01 11:00:00,31.62,56.69,1.74,135.05
2024-11-01 12:00:00,29.57,69.96,1.63,10.77
2024-11-01 13:00:00,28.3,70.15,1.77,0.0
2024-11-01 14:00:00,27.27,73.5,2.03,0.0
2024-11-01 15:00:00,26.21,77.02,2.34,0.0
2024-11-01 16:00:00,25.21,79.68,2.65,0.0
2024-11-01 17:00:00,24.31,81.52,2.96,0.0
2024-11-01 18:00:00,23.52,82.62,3.19,0.0
2024-11-01 19:00:00,22.85,83.28,3.41,0.0
2024-11-01 20:00:00,22.27,83.63,3.64,0.0
2024-11-01 21:00:00,21.76,84.12,3.88,0.0
2024-11-01 22:00:00,21.36,84.58,4.17,0.0
2024-11-01 23:00:00,21.05,84.96,4.44,0.0
2024-11-02 00:00:00,20.81,85.3,4.67,0.0
2024-11-02 01:00:00,20.76,85.19,4.87,22.6
2024-11-02 02:00:00,22.2,81.02,5.57,175.02
2024-11-02 03:00:00,24.19,77.13,5.16,389.65
2024-11-02 04:00:00,26.69,74.54,4.37,520.25
2024-11-02 05:00:00,29.48,63.38,4.26,720.7
2024-11-02 06:00:00,31.09,54.95,3.73,804.2
2024-11-02 07:00:00,32.03,50.19,2.97,789.78
2024-11-02 08:00:00,32.48,47.56,2.45,730.97
2024-11-02 09:00:00,32.77,45.1,2.12,560.55
2024-11-02 10:00:00,32.94,42.32,2.04,363.02
2024-11-02 11:00:00,31.63,44.18,2.07,149.05
2024-11-02 12:00:00,29.02,61.43,1.78,11.3
2024-11-02 13:00:00,27.66,60.98,1.93,0.0
2024-11-02 14:00:00,26.48,65.31,2.16,0.0
2024-11-02 15:00:00,25.11,71.51,2.53,0.0
2024-11-02 16:00:00,23.94,76.51,2.92,0.0
2024-11-02 17:00:00,23.08,79.41,3.2,0.0
2024-11-02 18:00:00,22.4,81.28,3.41,0.0
2024-11-02 19:00:00,21.84,82.57,3.59,0.0
2024-11-02 20:00:00,21.36,83.7,3.8,0.0
2024-11-02 21:00:00,20.98,84.43,4.02,0.0
2024-11-02 22:00:00,20.69,84.97,4.26,0.0
2024-11-02 23:00:00,20.48,85.24,4.46,0.0
2024-11-03 00:00:00,20.33,85.42,4.61,0.0
2024-11-03 01:00:00,20.35,85.11,4.76,23.27
2024-11-03 02:00:00,22.04,80.01,5.54,179.0
2024-11-03 03:00:00,23.98,76.07,5.43,388.48
2024-11-03 04:00:00,26.3,74.36,4.38,543.47
2024-11-03 05:00:00,29.08,64.76,3.86,729.03
2024-11-03 06:00:00,30.72,52.75,3.41,808.5
2024-11-03 07:00:00,31.19,51.55,2.7,759.65
2024-11-03 08:00:00,31.29,51.39,2.15,715.92
2024-11-03 09:00:00,31.34,51.11,1.89,527.7
2024-11-03 10:00:00,31.45,50.34,1.82,329.27
2024-11-03 11:00:00,30.61,50.91,1.98,128.93
2024-11-03 12:00:00,28.22,66.2,1.82,9.68
2024-11-03 13:00:00,26.85,67.57,1.96,0.0
2024-11-03 14:00:00,25.88,71.36,2.2,0.0
2024-11-03 15:00:00,24.89,75.62,2.48,0.0
2024-11-03 16:00:00,23.99,79.4,2.75,0.0
2024-11-03 17:00:00,23.25,81.9,2.99,0.0
2024-11-03 18:00:00,22.64,83.39,3.18,0.0
2024-11-03 19:00:00,22.1,84.23,3.38,0.0
2024-11-03 20:00:00,21.63,84.67,3.62,0.0
2024-11-03 21:00:00,21.22,85.15,3.91,0.0
2024-11-03 22:00:00,20.88,85.46,4.23,0.0
2024-11-03 23:00:00,20.59,86.03,4.54,0.0
2024-11-04 00:00:00,20.36,86.91,4.8,0.0
2024-11-04 01:00:00,20.31,87.57,5.07,19.1
2024-11-04 02:00:00,21.58,84.06,5.76,145.52
2024-11-04 03:00:00,23.53,80.54,5.38,338.42
2024-11-04 04:00:00,26.07,77.41,4.62,452.1
2024-11-04 05:00:00,28.85,66.67,4.3,652.95
2024-11-04 06:00:00,30.44,58.28,3.91,741.58
2024-11-04 07:00:00,31.04,55.67,3.25,717.67
2024-11-04 08:00:00,31.48,54.01,2.57,639.22
2024-11-04 09:00:00,31.42,53.74,1.96,516.78
2024-11-04 10:00:00,31.8,51.07,1.59,311.12
2024-11-04 11:00:00,31.1,50.53,1.59,121.32
2024-11-04 12:00:00,29.27,60.98,1.35,9.5
2024-11-04 13:00:00,28.07,61.71,1.52,0.0
2024-11-04 14:00:00,26.9,66.93,1.87,0.0
2024-11-04 15:00:00,25.75,72.16,2.19,0.0
2024-11-04 16:00:00,24.65,76.92,2.5,0.0
2024-11-04 17:00:00,23.74,80.22,2.84,0.0
2024-11-04 18:00:00,23.01,82.08,3.13,0.0
2024-11-04 19:00:00,22.42,83.13,3.4,0.0
2024-11-04 20:00:00,21.95,83.84,3.74,0.0
2024-11-04 21:00:00,21.56,84.48,4.13,0.0
2024-11-04 22:00:00,21.24,85.09,4.46,0.0
2024-11-04 23:00:00,20.94,85.54,4.68,0.0
2024-11-05 00:00:00,20.69,85.69,4.78,0.0
2024-11-05 01:00:00,20.57,85.23,4.86,19.58
2024-11-05 02:00:00,21.86,80.38,5.51,151.02
2024-11-05 03:00:00,23.67,76.24,5.26,245.77
2024-11-05 04:00:00,26.02,73.9,4.32,454.23
2024-11-05 05:00:00,29.03,62.5,3.83,657.22
2024-11-05 06:00:00,30.51,54.57,3.37,751.92
2024-11-05 07:00:00,30.83,54.72,2.84,730.25
2024-11-05 08:00:00,31.09,54.43,2.39,650.22
2024-11-05 09:00:00,31.14,54.41,2.02,550.45
2024-11-05 10:00:00,31.24,54.08,1.79,360.83
2024-11-05 11:00:00,30.39,55.3,1.94,125.57
2024-11-05 12:00:00,28.25,68.55,1.74,9.38
2024-11-05 13:00:00,26.93,70.46,1.92,0.0
2024-11-05 14:00:00,25.92,74.81,2.17,0.0
2024-11-05 15:00:00,25.05,78.08,2.33,0.0
2024-11-05 16:00:00,24.23,80.67,2.53,0.0
2024-11-05 17:00:00,23.45,82.62,2.78,0.0
2024-11-05 18:00:00,22.76,83.84,3.02,0.0
2024-11-05 19:00:00,22.16,84.56,3.24,0.0
2024-11-05 20:00:00,21.66,85.14,3.51,0.0
2024-11-05 21:00:00,21.24,85.66,3.82,0.0
2024-11-05 22:00:00,20.88,86.24,4.16,0.0
2024-11-05 23:00:00,20.58,86.76,4.45,0.0
2024-11-06 00:00:00,20.36,87.21,4.62,0.0
2024-11-06 01:00:00,20.25,87.47,4.69,20.5
2024-11-06 02:00:00,21.57,83.36,5.25,166.25
2024-11-06 03:00:00,23.55,78.69,4.91,336.17
2024-11-06 04:00:00,26.05,74.87,3.93,547.15
2024-11-06 05:00:00,29.04,63.69,3.49,717.83
2024-11-06 06:00:00,30.88,53.96,2.82,808.97
2024-11-06 07:00:00,31.67,50.55,2.09,811.45
2024-11-06 08:00:00,32.22,48.53,1.91,712.35
2024-11-06 09:00:00,32.18,48.93,2.18,566.7
2024-11-06 10:00:00,32.36,46.28,2.52,343.15
2024-11-06 11:00:00,30.7,50.44,2.86,133.95
2024-11-06 12:00:00,27.55,71.4,2.44,9.43
2024-11-06 13:00:00,25.81,73.34,2.69,0.0
2024-11-06 14:00:00,24.74,76.42,2.92,0.0
2024-11-06 15:00:00,23.71,78.69,3.28,0.0
2024-11-06 16:00:00,22.76,79.81,3.68,0.0
2024-11-06 17:00:00,21.95,80.36,4.13,0.0
2024-11-06 18:00:00,21.29,81.28,4.53,0.0
2024-11-06 19:00:00,20.79,82.68,4.85,0.0
2024-11-06 20:00:00,20.4,84.14,5.01,0.0
2024-11-06 21:00:00,20.05,85.95,5.13,0.0
2024-11-06 22:00:00,19.78,87.27,5.26,0.0
2024-11-06 23:00:00,19.53,88.17,5.33,0.0
2024-11-07 00:00:00,19.32,88.82,5.37,0.0
2024-11-07 01:00:00,19.25,89.07,5.44,19.23
2024-11-07 02:00:00,20.56,85.21,5.98,155.1
2024-11-07 03:00:00,22.77,80.6,5.5,352.75
2024-11-07 04:00:00,25.52,76.25,4.74,508.73
2024-11-07 05:00:00,28.36,65.86,4.61,680.3
2024-11-07 06:00:00,30.01,58.48,3.77,778.3
2024-11-07 07:00:00,30.87,53.96,2.7,798.83
2024-11-07 08:00:00,31.3,52.44,1.77,712.22
2024-11-07 09:00:00,31.64,50.7,1.44,551.1
2024-11-07 10:00:00,31.54,51.69,1.72,352.92
2024-11-07 11:00:00,30.45,54.2,2.22,129.73
2024-11-07 12:00:00,27.55,73.54,2.2,9.07
2024-11-07 13:00:00,25.88,76.22,2.57,0.0
2024-11-07 14:00:00,25.0,79.11,2.81,0.0
2024-11-07 15:00:00,24.21,81.35,2.96,0.0
2024-11-07 16:00:00,23.45,82.88,3.14,0.0
2024-11-07 17:00:00,22.75,83.72,3.39,0.0
2024-11-07 18:00:00,22.11,84.34,3.71,0.0
2024-11-07 19:00:00,21.57,85.11,4.07,0.0
2024-11-07 20:00:00,21.12,86.19,4.42,0.0
2024-11-07 21:00:00,20.79,87.36,4.75,0.0
2024-11-07 22:00:00,20.53,88.57,4.92,0.0
2024-11-07 23:00:00,20.32,89.49,4.94,0.0
2024-11-08 00:00:00,20.15,90.22,4.9,0.0
2024-11-08 01:00:00,20.09,90.42,4.87,17.2
2024-11-08 02:00:00,21.38,86.26,5.43,135.55
2024-11-08 03:00:00,23.34,81.63,5.06,314.08
2024-11-08 04:00:00,25.92,76.54,4.39,486.5
2024-11-08 05:00:00,28.57,64.81,4.41,634.65
2024-11-08 06:00:00,29.85,58.72,3.82,736.33
2024-11-08 07:00:00,30.47,56.17,3.23,768.35
2024-11-08 08:00:00,30.84,54.91,2.76,674.72
2024-11-08 09:00:00,30.92,54.24,2.38,517.78
2024-11-08 10:00:00,31.12,53.46,2.12,327.83
2024-11-08 11:00:00,30.04,55.91,2.24,121.12
2024-11-08 12:00:00,27.89,69.8,1.75,8.5
2024-11-08 13:00:00,26.73,69.81,1.88,0.0
2024-11-08 14:00:00,25.75,73.74,2.12,0.0
2024-11-08 15:00:00,24.69,78.23,2.42,0.0
2024-11-08 16:00:00,23.7,81.42,2.79,0.0
2024-11-08 17:00:00,22.85,83.36,3.14,0.0
2024-11-08 18:00:00,22.17,84.19,3.46,0.0
2024-11-08 19:00:00,21.6,84.68,3.89,0.0
2024-11-08 20:00:00,21.17,85.03,4.42,0.0
2024-11-08 21:00:00,20.78,85.79,4.86,0.0
2024-11-08 22:00:00,20.4,87.16,5.04,0.0
2024-11-08 23:00:00,20.1,88.21,5.03,0.0
2024-11-09 00:00:00,19.86,88.63,4.97,0.0
2024-11-09 01:00:00,19.73,88.38,4.96,17.08
2024-11-09 02:00:00,20.98,83.79,5.5,140.62
2024-11-09 03:00:00,22.89,78.29,5.15,326.73
2024-11-09 04:00:00,25.29,74.33,4.04,438.27
2024-11-09 05:00:00,28.12,64.93,3.7,619.17
2024-11-09 06:00:00,30.07,53.32,3.58,732.2
2024-11-09 07:00:00,30.62,51.54,3.25,672.9
2024-11-09 08:00:00,31.1,50.25,3.03,643.78
2024-11-09 09:00:00,31.19,51.43,2.65,485.88
2024-11-09 10:00:00,31.38,49.11,2.53,301.3
2024-11-09 11:00:00,29.81,55.31,2.5,101.6
2024-11-09 12:00:00,27.66,71.34,1.79,7.15
2024-11-09 13:00:00,26.7,68.99,1.87,0.0
2024-11-09 14:00:00,25.68,73.61,2.13,0.0
2024-11-09 15:00:00,24.57,78.53,2.45,0.0
2024-11-09 16:00:00,23.59,82.06,2.77,0.0
2024-11-09 17:00:00,22.79,84.41,3.03,0.0
2024-11-09 18:00:00,22.14,86.0,3.28,0.0
2024-11-09 19:00:00,21.61,87.16,3.59,0.0
2024-11-09 20:00:00,21.2,87.97,3.98,0.0
2024-11-09 21:00:00,20.87,88.42,4.43,0.0
2024-11-09 22:00:00,20.59,88.79,4.76,0.0
2024-11-09 23:00:00,20.33,89.25,4.89,0.0
2024-11-10 00:00:00,20.09,89.62,4.92,0.0
2024-11-10 01:00:00,19.96,89.59,4.96,15.7
2024-11-10 02:00:00,21.04,85.78,5.52,132.23
2024-11-10 03:00:00,22.87,81.07,5.19,313.05
2024-11-10 04:00:00,25.28,76.65,4.29,455.42
2024-11-10 05:00:00,28.04,65.47,3.94,627.45
2024-11-10 06:00:00,30.03,53.43,2.97,727.88
2024-11-10 07:00:00,30.82,48.57,2.1,678.05
2024-11-10 08:00:00,31.07,47.94,1.69,601.0
2024-11-10 09:00:00,31.0,48.49,1.52,487.05
2024-11-10 10:00:00,31.28,47.23,1.58,303.0
2024-11-10 11:00:00,30.04,50.88,1.88,102.65
2024-11-10 12:00:00,27.63,67.69,1.76,7.2
2024-11-10 13:00:00,26.24,69.87,2.07,0.0
2024-11-10 14:00:00,25.11,75.05,2.42,0.0
2024-11-10 15:00:00,24.12,79.13,2.74,0.0
2024-11-10 16:00:00,23.22,81.9,3.05,0.0
2024-11-10 17:00:00,22.45,83.71,3.4,0.0
2024-11-10 18:00:00,21.81,84.97,3.92,0.0
2024-11-10 19:00:00,21.31,86.22,4.51,0.0
2024-11-10 20:00:00,20.92,87.27,4.9,0.0
2024-11-10 21:00:00,20.57,88.12,5.03,0.0
2024-11-10 22:00:00,20.3,88.55,4.93,0.0
2024-11-10 23:00:00,20.07,88.7,4.76,0.0
2024-11-11 00:00:00,19.85,88.66,4.59,0.0
2024-11-11 01:00:00,19.72,88.27,4.51,15.62
2024-11-11 02:00:00,21.13,83.0,5.09,131.68
2024-11-11 03:00:00,22.88,77.81,4.96,311.05
2024-11-11 04:00:00,25.06,73.69,4.31,440.88
2024-11-11 05:00:00,27.68,60.59,4.26,616.12
2024-11-11 06:00:00,28.88,53.18,3.9,724.8
2024-11-11 07:00:00,29.37,52.33,3.18,680.75
2024-11-11 08:00:00,29.71,51.34,2.52,601.08
2024-11-11 09:00:00,29.85,50.51,2.03,498.7
2024-11-11 10:00:00,29.92,50.37,1.84,281.52
2024-11-11 11:00:00,28.71,53.81,2.08,104.35
2024-11-11 12:00:00,26.22,71.54,1.93,7.12
2024-11-11 13:00:00,24.76,72.57,2.33,0.0
2024-11-11 14:00:00,23.8,76.57,2.6,0.0
2024-11-11 15:00:00,23.09,78.75,2.75,0.0
2024-11-11 16:00:00,22.39,80.14,2.88,0.0
2024-11-11 17:00:00,21.66,81.46,3.1,0.0
2024-11-11 18:00:00,20.96,82.51,3.39,0.0
2024-11-11 19:00:00,20.38,83.23,3.82,0.0
2024-11-11 20:00:00,19.95,83.87,4.33,0.0
2024-11-11 21:00:00,19.63,85.31,4.82,0.0
2024-11-11 22:00:00,19.37,87.32,5.18,0.0
2024-11-11 23:00:00,19.16,89.01,5.33,0.0
2024-11-12 00:00:00,18.97,90.06,5.43,0.0
2024-11-12 01:00:00,18.85,90.29,5.49,15.38
2024-11-12 02:00:00,19.83,86.79,5.9,137.88
2024-11-12 03:00:00,21.77,81.25,5.59,327.55
2024-11-12 04:00:00,24.33,75.85,4.97,443.33
2024-11-12 05:00:00,26.99,63.86,5.12,641.8
2024-11-12 06:00:00,28.46,55.33,4.8,752.78
2024-11-12 07:00:00,29.18,52.66,4.1,771.53
2024-11-12 08:00:00,29.55,51.76,3.62,686.55
2024-11-12 09:00:00,29.6,51.68,3.19,512.0
2024-11-12 10:00:00,29.72,50.66,2.74,330.7
2024-11-12 11:00:00,28.46,54.07,2.67,128.4
2024-11-12 12:00:00,25.92,69.79,2.0,8.1
2024-11-12 13:00:00,24.73,67.81,2.13,0.0
2024-11-12 14:00:00,23.51,73.39,2.46,0.0
2024-11-12 15:00:00,22.3,79.01,2.93,0.0
2024-11-12 16:00:00,21.44,81.8,3.37,0.0
2024-11-12 17:00:00,20.77,82.91,3.79,0.0
2024-11-12 18:00:00,20.22,83.34,4.4,0.0
2024-11-12 19:00:00,19.74,84.51,5.04,0.0
2024-11-12 20:00:00,19.3,86.67,5.44,0.0
2024-11-12 21:00:00,18.86,89.49,5.45,0.0
2024-11-12 22:00:00,18.52,91.63,5.37,0.0
2024-11-12 23:00:00,18.27,92.8,5.3,0.0
2024-11-13 00:00:00,18.08,93.21,5.27,0.0
2024-11-13 01:00:00,17.96,92.99,5.34,17.23
2024-11-13 02:00:00,19.06,88.23,5.86,161.55
2024-11-13 03:00:00,21.23,81.96,5.4,366.05
2024-11-13 04:00:00,24.2,73.91,5.28,477.15
2024-11-13 05:00:00,26.72,64.51,5.36,664.72
2024-11-13 06:00:00,28.38,59.63,4.46,764.4
2024-11-13 07:00:00,29.64,54.69,3.5,761.42
2024-11-13 08:00:00,30.3,53.11,2.77,696.85
2024-11-13 09:00:00,30.61,51.82,2.33,526.15
2024-11-13 10:00:00,30.73,52.12,1.88,338.95
2024-11-13 11:00:00,29.94,52.9,1.83,134.0
2024-11-13 12:00:00,27.69,64.83,1.55,8.2
2024-11-13 13:00:00,26.06,65.74,1.95,0.0
2024-11-13 14:00:00,24.53,72.1,2.41,0.0
2024-11-13 15:00:00,23.25,76.8,2.83,0.0
2024-11-13 16:00:00,22.32,79.28,3.21,0.0
2024-11-13 17:00:00,21.63,80.17,3.53,0.0
2024-11-13 18:00:00,21.08,80.44,3.93,0.0
2024-11-13 19:00:00,20.63,80.85,4.5,0.0
2024-11-13 20:00:00,20.24,82.13,5.05,0.0
2024-11-13 21:00:00,19.87,84.35,5.33,0.0
2024-11-13 22:00:00,19.55,86.53,5.5,0.0
2024-11-13 23:00:00,19.29,88.2,5.63,0.0
2024-11-14 00:00:00,19.07,88.98,5.71,0.0
2024-11-14 01:00:00,18.95,88.64,5.82,16.8
2024-11-14 02:00:00,20.1,83.81,6.31,160.98
2024-11-14 03:00:00,22.43,77.84,5.96,365.1
2024-11-14 04:00:00,25.47,71.63,5.71,564.67
2024-11-14 05:00:00,28.05,65.94,5.15,699.92
2024-11-14 06:00:00,29.73,61.76,4.11,785.08
2024-11-14 07:00:00,30.71,58.07,3.09,770.85
2024-11-14 08:00:00,31.14,56.05,2.55,685.53
2024-11-14 09:00:00,31.14,55.69,2.39,534.72
2024-11-14 10:00:00,31.18,55.73,2.19,313.65
2024-11-14 11:00:00,30.31,56.85,2.15,116.7
2024-11-14 12:00:00,27.85,70.93,1.81,7.43
2024-11-14 13:00:00,26.27,72.72,2.18,0.0
2024-11-14 14:00:00,25.08,77.76,2.62,0.0
2024-11-14 15:00:00,24.38,80.14,2.9,0.0
2024-11-14 16:00:00,23.85,81.03,3.05,0.0
2024-11-14 17:00:00,23.33,81.45,3.22,0.0
2024-11-14 18:00:00,22.87,81.91,3.48,0.0
2024-11-14 19:00:00,22.51,82.64,3.86,0.0
2024-11-14 20:00:00,22.19,84.09,4.18,0.0
2024-11-14 21:00:00,21.86,86.0,4.36,0.0
2024-11-14 22:00:00,21.52,87.62,4.48,0.0
2024-11-14 23:00:00,21.32,88.47,4.55,0.0
2024-11-15 00:00:00,21.22,88.83,4.65,0.0
2024-11-15 01:00:00,21.21,88.77,4.7,13.52
2024-11-15 02:00:00,22.25,85.1,5.08,103.93
2024-11-15 03:00:00,23.99,80.9,4.61,218.27
2024-11-15 04:00:00,26.36,75.25,4.35,369.1
2024-11-15 05:00:00,28.48,68.89,4.47,540.33
2024-11-15 06:00:00,29.59,66.84,4.03,626.6
2024-11-15 07:00:00,30.06,66.84,3.49,437.45
2024-11-15 08:00:00,30.09,67.77,3.08,538.33
2024-11-15 09:00:00,29.82,69.16,2.6,418.38
2024-11-15 10:00:00,29.36,71.27,2.02,244.77
2024-11-15 11:00:00,28.65,74.88,1.34,89.6
2024-11-15 12:00:00,27.32,82.9,0.69,5.95
2024-11-15 13:00:00,26.4,85.5,0.27,0.0
2024-11-15 14:00:00,25.9,87.13,0.7,0.0
2024-11-15 15:00:00,25.44,88.52,1.2,0.0
2024-11-15 16:00:00,25.07,89.16,1.54,0.0
2024-11-15 17:00:00,24.73,89.69,1.79,0.0
2024-11-15 18:00:00,24.37,90.26,1.95,0.0
2024-11-15 19:00:00,23.99,90.7,2.09,0.0
2024-11-15 20:00:00,23.62,91.06,2.23,0.0
2024-11-15 21:00:00,23.3,91.47,2.33,0.0
2024-11-15 22:00:00,23.04,91.91,2.41,0.0
2024-11-15 23:00:00,22.86,92.27,2.51,0.0
2024-11-16 00:00:00,22.73,92.48,2.61,0.0
2024-11-16 01:00:00,22.7,92.38,2.65,12.05
2024-11-16 02:00:00,23.87,88.37,3.12,114.43
2024-11-16 03:00:00,24.68,83.66,3.48,272.17
2024-11-16 04:00:00,26.33,76.36,3.28,442.58
2024-11-16 05:00:00,28.56,64.32,3.18,568.38
2024-11-16 06:00:00,30.1,58.39,2.74,658.95
2024-11-16 07:00:00,30.97,56.54,2.19,618.03
2024-11-16 08:00:00,31.57,55.17,1.69,551.78
2024-11-16 09:00:00,31.82,53.85,1.11,421.05
2024-11-16 10:00:00,32.27,51.48,0.56,258.17
2024-11-16 11:00:00,31.45,54.27,0.23,95.07
2024-11-16 12:00:00,29.78,64.38,0.8,5.28
2024-11-16 13:00:00,27.87,73.45,1.62,0.0
2024-11-16 14:00:00,26.65,78.77,2.02,0.0
2024-11-16 15:00:00,25.93,81.19,2.11,0.0
2024-11-16 16:00:00,25.36,82.75,2.11,0.0
2024-11-16 17:00:00,24.78,84.2,2.22,0.0
2024-11-16 18:00:00,24.17,85.59,2.52,0.0
2024-11-16 19:00:00,23.62,86.07,2.89,0.0
2024-11-16 20:00:00,23.07,85.82,3.42,0.0
2024-11-16 21:00:00,22.54,85.37,4.08,0.0
2024-11-16 22:00:00,22.12,84.96,4.72,0.0
2024-11-16 23:00:00,21.7,85.36,5.04,0.0
2024-11-17 00:00:00,21.31,85.9,5.21,0.0
2024-11-17 01:00:00,21.01,85.92,5.34,11.75
2024-11-17 02:00:00,21.46,83.71,5.74,112.35
2024-11-17 03:00:00,22.94,79.09,5.7,275.58
2024-11-17 04:00:00,25.37,72.33,5.5,450.73
2024-11-17 05:00:00,27.69,64.17,5.4,577.47
2024-11-17 06:00:00,29.3,59.63,4.65,664.25
2024-11-17 07:00:00,30.45,57.61,3.64,681.38
2024-11-17 08:00:00,31.01,57.81,2.75,613.17
2024-11-17 09:00:00,31.21,58.4,2.17,485.25
2024-11-17 10:00:00,31.31,59.13,1.9,301.25
2024-11-17 11:00:00,30.41,61.61,2.11,115.35
2024-11-17 12:00:00,28.08,76.23,1.88,6.9
2024-11-17 13:00:00,26.72,78.43,2.11,0.0
2024-11-17 14:00:00,25.87,80.59,2.29,0.0
2024-11-17 15:00:00,25.08,82.28,2.41,0.0
2024-11-17 16:00:00,24.22,83.55,2.62,0.0
2024-11-17 17:00:00,23.31,84.05,2.88,0.0
2024-11-17 18:00:00,22.37,83.34,3.22,0.0
2024-11-17 19:00:00,21.39,81.69,3.8,0.0
2024-11-17 20:00:00,20.46,79.76,4.63,0.0
2024-11-17 21:00:00,19.66,79.42,5.26,0.0
2024-11-17 22:00:00,18.98,80.92,5.58,0.0
2024-11-17 23:00:00,18.45,83.01,5.79,0.0
2024-11-18 00:00:00,18.08,84.8,5.85,0.0
2024-11-18 01:00:00,17.84,85.69,5.82,14.35
2024-11-18 02:00:00,18.92,82.03,6.17,152.77
2024-11-18 03:00:00,21.18,76.11,5.7,356.65
2024-11-18 04:00:00,24.05,70.9,5.06,513.55
2024-11-18 05:00:00,27.07,59.77,4.85,631.78
2024-11-18 06:00:00,29.03,51.52,4.66,747.1
2024-11-18 07:00:00,29.92,48.29,4.38,755.1
2024-11-18 08:00:00,30.19,47.61,4.1,694.4
2024-11-18 09:00:00,30.07,48.13,3.63,530.78
2024-11-18 10:00:00,30.2,45.22,3.23,329.98
2024-11-18 11:00:00,28.46,50.21,3.07,125.15
2024-11-18 12:00:00,25.17,68.92,2.52,7.22
2024-11-18 13:00:00,23.8,66.33,2.62,0.0
2024-11-18 14:00:00,22.9,67.94,2.68,0.0
2024-11-18 15:00:00,21.9,70.61,2.83,0.0
2024-11-18 16:00:00,20.84,73.84,3.12,0.0
2024-11-18 17:00:00,19.91,76.31,3.46,0.0
2024-11-18 18:00:00,19.17,78.03,3.78,0.0
2024-11-18 19:00:00,18.63,79.37,4.19,0.0
2024-11-18 20:00:00,18.24,80.94,4.7,0.0
2024-11-18 21:00:00,17.91,82.61,5.12,0.0
2024-11-18 22:00:00,17.61,84.1,5.48,0.0
2024-11-18 23:00:00,17.32,85.75,5.69,0.0
2024-11-19 00:00:00,17.14,86.85,5.82,0.0
2024-11-19 01:00:00,17.04,87.53,5.96,13.12
2024-11-19 02:00:00,18.16,83.73,6.44,138.35
2024-11-19 03:00:00,20.48,77.33,6.01,332.85
2024-11-19 04:00:00,23.4,71.74,5.43,481.58
2024-11-19 05:00:00,26.39,59.92,5.06,600.78
2024-11-19 06:00:00,28.15,50.81,4.16,712.03
2024-11-19 07:00:00,28.75,49.51,3.36,719.15
2024-11-19 08:00:00,29.07,48.75,2.99,625.0
2024-11-19 09:00:00,29.0,49.11,2.7,485.6
2024-11-19 10:00:00,28.93,49.71,2.46,300.58
2024-11-19 11:00:00,27.54,54.58,2.64,111.5
2024-11-19 12:00:00,24.39,73.18,2.44,6.88
2024-11-19 13:00:00,22.79,73.72,2.82,0.0
2024-11-19 14:00:00,21.88,75.98,3.03,0.0
2024-11-19 15:00:00,21.1,77.4,3.2,0.0
2024-11-19 16:00:00,20.38,78.35,3.4,0.0
2024-11-19 17:00:00,19.66,79.01,3.63,0.0
2024-11-19 18:00:00,19.0,79.55,3.92,0.0
2024-11-19 19:00:00,18.46,80.17,4.41,0.0
2024-11-19 20:00:00,18.06,81.33,5.01,0.0
2024-11-19 21:00:00,17.7,83.33,5.54,0.0
2024-11-19 22:00:00,17.26,86.24,5.79,0.0
2024-11-19 23:00:00,16.93,88.66,5.86,0.0
2024-11-20 00:00:00,16.71,90.12,5.91,0.0
2024-11-20 01:00:00,16.58,90.6,5.99,12.73
2024-11-20 02:00:00,17.68,86.3,6.48,138.15
2024-11-20 03:00:00,20.09,78.61,6.25,334.2
2024-11-20 04:00:00,23.15,70.48,5.84,380.48
2024-11-20 05:00:00,25.82,60.29,5.51,569.17
2024-11-20 06:00:00,27.46,53.31,4.72,695.65
2024-11-20 07:00:00,28.44,49.64,3.61,693.67
2024-11-20 08:00:00,28.89,48.39,2.53,616.35
2024-11-20 09:00:00,29.12,46.41,1.28,476.3
2024-11-20 10:00:00,29.23,45.05,0.71,292.3
2024-11-20 11:00:00,28.05,48.03,1.58,106.72
2024-11-20 12:00:00,24.59,69.99,2.2,6.5
2024-11-20 13:00:00,22.64,72.55,2.86,0.0
2024-11-20 14:00:00,21.66,75.48,3.12,0.0
2024-11-20 15:00:00,20.9,77.51,3.15,0.0
2024-11-20 16:00:00,20.21,79.01,3.1,0.0
2024-11-20 17:00:00,19.55,80.21,3.14,0.0
2024-11-20 18:00:00,18.93,81.16,3.28,0.0
2024-11-20 19:00:00,18.4,81.84,3.49,0.0
2024-11-20 20:00:00,17.95,82.54,3.78,0.0
2024-11-20 21:00:00,17.59,83.86,4.16,0.0
2024-11-20 22:00:00,17.31,85.59,4.59,0.0
2024-11-20 23:00:00,17.04,87.66,4.92,0.0
2024-11-21 00:00:00,16.76,89.7,5.07,0.0
2024-11-21 01:00:00,16.56,91.17,5.19,11.38
2024-11-21 02:00:00,17.68,87.35,5.84,123.57
2024-11-21 03:00:00,19.88,80.97,5.38,307.83
2024-11-21 04:00:00,22.88,72.28,4.71,457.08
2024-11-21 05:00:00,25.66,61.74,4.11,569.75
2024-11-21 06:00:00,27.61,53.72,2.93,687.65
2024-11-21 07:00:00,28.73,48.47,1.78,667.92
2024-11-21 08:00:00,29.28,45.31,0.88,593.25
2024-11-21 09:00:00,29.29,44.9,0.3,514.1
2024-11-21 10:00:00,29.31,45.26,0.77,327.4
2024-11-21 11:00:00,28.33,46.31,1.23,100.03
2024-11-21 12:00:00,25.48,63.61,1.68,6.2
2024-11-21 13:00:00,23.62,66.96,2.23,0.0
2024-11-21 14:00:00,22.44,71.67,2.51,0.0
2024-11-21 15:00:00,21.63,74.35,2.55,0.0
2024-11-21 16:00:00,20.93,76.16,2.52,0.0
2024-11-21 17:00:00,20.19,78.03,2.58,0.0
2024-11-21 18:00:00,19.4,80.24,2.8,0.0
2024-11-21 19:00:00,18.68,82.13,3.09,0.0
2024-11-21 20:00:00,18.08,83.55,3.35,0.0
2024-11-21 21:00:00,17.64,84.37,3.56,0.0
2024-11-21 22:00:00,17.34,85.09,3.83,0.0
2024-11-21 23:00:00,17.14,85.79,4.25,0.0
2024-11-22 00:00:00,16.98,86.63,4.64,0.0
2024-11-22 01:00:00,16.89,87.36,4.9,10.48
2024-11-22 02:00:00,18.13,83.43,5.7,114.78
2024-11-22 03:00:00,20.1,78.76,5.27,291.88
2024-11-22 04:00:00,22.84,73.27,4.21,421.17
2024-11-22 05:00:00,25.83,61.89,3.71,586.92
2024-11-22 06:00:00,27.81,54.49,2.59,688.85
2024-11-22 07:00:00,28.98,49.07,1.56,716.67
2024-11-22 08:00:00,29.47,47.03,0.84,610.22
2024-11-22 09:00:00,29.51,46.93,0.44,478.42
2024-11-22 10:00:00,29.47,48.07,0.76,283.65
2024-11-22 11:00:00,28.55,48.92,1.17,102.62
2024-11-22 12:00:00,25.82,64.94,1.53,6.35
2024-11-22 13:00:00,24.09,67.68,1.99,0.0
2024-11-22 14:00:00,23.13,71.2,2.15,0.0
2024-11-22 15:00:00,22.58,71.8,2.09,0.0
2024-11-22 16:00:00,22.09,71.53,2.01,0.0
2024-11-22 17:00:00,21.38,72.4,2.09,0.0
2024-11-22 18:00:00,20.37,75.23,2.38,0.0
2024-11-22 19:00:00,19.26,78.87,2.8,0.0
2024-11-22 20:00:00,18.41,80.99,3.19,0.0
2024-11-22 21:00:00,17.77,82.52,3.45,0.0
2024-11-22 22:00:00,17.34,83.92,3.7,0.0
2024-11-22 23:00:00,17.03,85.2,3.93,0.0
2024-11-23 00:00:00,16.8,86.5,4.05,0.0
2024-11-23 01:00:00,16.67,87.54,4.11,9.88
2024-11-23 02:00:00,18.34,82.98,4.73,111.15
2024-11-23 03:00:00,20.46,77.07,4.8,285.8
2024-11-23 04:00:00,22.97,73.2,3.65,402.62
2024-11-23 05:00:00,26.2,59.1,2.54,571.62
2024-11-23 06:00:00,28.25,50.12,1.56,671.72
2024-11-23 07:00:00,29.26,46.44,0.97,667.12
2024-11-23 08:00:00,29.63,45.54,0.78,592.95
2024-11-23 09:00:00,29.58,46.18,0.77,460.17
2024-11-23 10:00:00,29.81,44.48,0.65,276.1
2024-11-23 11:00:00,28.86,46.24,0.72,100.57
2024-11-23 12:00:00,26.39,57.72,1.14,6.18
2024-11-23 13:00:00,25.09,58.5,1.51,0.0
2024-11-23 14:00:00,24.15,61.34,1.62,0.0
2024-11-23 15:00:00,23.41,62.95,1.67,0.0
2024-11-23 16:00:00,22.44,66.41,1.85,0.0
2024-11-23 17:00:00,21.4,70.57,2.09,0.0
2024-11-23 18:00:00,20.49,74.03,2.27,0.0
2024-11-23 19:00:00,19.75,76.59,2.4,0.0
2024-11-23 20:00:00,19.06,78.77,2.54,0.0
2024-11-23 21:00:00,18.41,81.13,2.73,0.0
2024-11-23 22:00:00,17.86,83.14,2.95,0.0
2024-11-23 23:00:00,17.41,84.6,3.16,0.0
2024-11-24 00:00:00,17.08,85.2,3.35,0.0
2024-11-24 01:00:00,16.9,85.32,3.54,9.7
2024-11-24 02:00:00,18.61,80.14,4.17,113.05
2024-11-24 03:00:00,20.59,73.52,4.98,290.38
2024-11-24 04:00:00,22.84,71.46,4.17,317.12
2024-11-24 05:00:00,25.92,59.73,3.59,494.48
2024-11-24 06:00:00,28.13,51.22,2.88,669.6
2024-11-24 07:00:00,29.11,48.73,2.18,640.92
2024-11-24 08:00:00,29.48,48.16,1.48,562.72
2024-11-24 09:00:00,29.62,47.55,0.69,428.92
2024-11-24 10:00:00,29.44,48.96,0.59,254.15
2024-11-24 11:00:00,28.41,51.77,1.13,91.8
2024-11-24 12:00:00,26.09,63.26,1.48,6.03
2024-11-24 13:00:00,24.61,64.97,1.86,0.0
2024-11-24 14:00:00,23.47,69.51,2.12,0.0
2024-11-24 15:00:00,22.49,73.15,2.32,0.0
2024-11-24 16:00:00,21.59,76.68,2.49,0.0
2024-11-24 17:00:00,20.77,79.6,2.7,0.0
2024-11-24 18:00:00,20.07,81.74,2.97,0.0
2024-11-24 19:00:00,19.42,83.11,3.28,0.0
2024-11-24 20:00:00,18.83,83.41,3.59,0.0
2024-11-24 21:00:00,18.26,83.54,3.93,0.0
2024-11-24 22:00:00,17.73,83.86,4.17,0.0
2024-11-24 23:00:00,17.33,84.11,4.44,0.0
2024-11-25 00:00:00,17.01,84.4,4.77,0.0
2024-11-25 01:00:00,16.81,84.55,5.2,9.9
2024-11-25 02:00:00,17.71,80.94,6.02,111.97
2024-11-25 03:00:00,19.65,75.9,5.83,286.77
2024-11-25 04:00:00,22.38,70.83,5.32,476.1
2024-11-25 05:00:00,25.3,60.62,5.0,500.12
2024-11-25 06:00:00,27.39,53.88,4.19,649.5
2024-11-25 07:00:00,28.54,50.98,3.35,670.4
2024-11-25 08:00:00,28.87,51.19,2.85,602.42
2024-11-25 09:00:00,29.01,50.7,2.55,467.52
2024-11-25 10:00:00,28.92,52.07,2.24,280.7
2024-11-25 11:00:00,27.69,58.36,2.12,101.95
2024-11-25 12:00:00,25.39,67.25,1.87,6.18
2024-11-25 13:00:00,24.19,65.79,2.07,0.0
2024-11-25 14:00:00,22.92,70.17,2.4,0.0
2024-11-25 15:00:00,21.46,74.99,2.89,0.0
2024-11-25 16:00:00,20.2,77.51,3.44,0.0
2024-11-25 17:00:00,19.24,77.41,3.94,0.0
2024-11-25 18:00:00,18.5,77.11,4.54,0.0
2024-11-25 19:00:00,17.88,77.98,5.11,0.0
2024-11-25 20:00:00,17.35,79.65,5.58,0.0
2024-11-25 21:00:00,16.82,81.93,5.79,0.0
2024-11-25 22:00:00,16.39,84.04,5.83,0.0
2024-11-25 23:00:00,16.09,85.17,5.88,0.0
2024-11-26 00:00:00,15.87,85.55,5.95,0.0
2024-11-26 01:00:00,15.73,85.32,6.04,9.88
2024-11-26 02:00:00,16.69,81.49,6.44,125.03
2024-11-26 03:00:00,18.96,75.11,6.07,314.83
2024-11-26 04:00:00,21.93,69.97,5.4,399.7
2024-11-26 05:00:00,25.03,60.36,5.82,582.67
2024-11-26 06:00:00,26.93,53.44,5.2,701.35
2024-11-26 07:00:00,27.95,49.91,4.34,708.7
2024-11-26 08:00:00,28.45,48.47,3.77,651.8
2024-11-26 09:00:00,28.49,48.31,3.36,501.67
2024-11-26 10:00:00,28.39,48.54,2.94,306.27
2024-11-26 11:00:00,26.8,56.86,2.71,114.4
2024-11-26 12:00:00,23.82,69.08,2.38,6.8
2024-11-26 13:00:00,22.39,67.59,2.6,0.0
2024-11-26 14:00:00,21.11,71.31,2.97,0.0
2024-11-26 15:00:00,19.91,74.66,3.47,0.0
2024-11-26 16:00:00,19.0,76.14,3.92,0.0
2024-11-26 17:00:00,18.3,76.51,4.43,0.0
2024-11-26 18:00:00,17.71,77.57,5.1,0.0
2024-11-26 19:00:00,17.26,79.12,5.84,0.0
2024-11-26 20:00:00,16.71,81.82,6.15,0.0
2024-11-26 21:00:00,16.27,83.78,6.14,0.0
2024-11-26 22:00:00,15.95,84.88,6.08,0.0
2024-11-26 23:00:00,15.73,85.4,6.06,0.0
2024-11-27 00:00:00,15.55,85.53,6.01,0.0
2024-11-27 01:00:00,15.45,85.33,5.97,10.2
2024-11-27 02:00:00,16.67,80.76,6.34,135.27
2024-11-27 03:00:00,19.12,73.79,5.94,337.08
2024-11-27 04:00:00,22.18,68.26,5.31,520.03
2024-11-27 05:00:00,25.25,57.01,5.76,652.25
2024-11-27 06:00:00,27.04,48.17,5.26,752.85
2024-11-27 07:00:00,27.94,44.34,4.56,763.28
2024-11-27 08:00:00,28.31,42.89,4.07,681.88
2024-11-27 09:00:00,28.27,43.28,3.6,542.25
2024-11-27 10:00:00,28.23,43.33,3.11,316.92
2024-11-27 11:00:00,26.62,51.85,2.76,118.3
2024-11-27 12:00:00,23.64,64.4,2.31,6.88
2024-11-27 13:00:00,22.18,63.29,2.55,0.0
2024-11-27 14:00:00,20.81,68.56,2.91,0.0
2024-11-27 15:00:00,19.5,73.69,3.41,0.0
2024-11-27 16:00:00,18.56,76.38,3.93,0.0
2024-11-27 17:00:00,17.88,77.36,4.49,0.0
2024-11-27 18:00:00,17.28,78.29,5.15,0.0
2024-11-27 19:00:00,16.8,79.76,5.7,0.0
2024-11-27 20:00:00,16.35,81.8,5.89,0.0
2024-11-27 21:00:00,16.04,83.25,5.85,0.0
2024-11-27 22:00:00,15.87,83.81,5.84,0.0
2024-11-27 23:00:00,15.72,84.11,5.86,0.0
2024-11-28 00:00:00,15.56,84.32,5.85,0.0
2024-11-28 01:00:00,15.41,84.48,5.8,9.38
2024-11-28 02:00:00,16.61,79.91,6.26,126.15
2024-11-28 03:00:00,19.01,73.3,5.89,320.38
2024-11-28 04:00:00,22.05,67.98,5.31,474.0
2024-11-28 05:00:00,25.06,56.07,6.32,650.5
2024-11-28 06:00:00,26.73,48.16,6.36,756.05
2024-11-28 07:00:00,27.68,44.25,5.87,761.85
2024-11-28 08:00:00,28.19,42.7,5.22,686.6
2024-11-28 09:00:00,28.22,43.74,4.45,520.47
2024-11-28 10:00:00,28.08,44.71,3.77,324.23
2024-11-28 11:00:00,26.32,56.6,2.98,123.57
2024-11-28 12:00:00,23.12,69.07,2.63,7.2
2024-11-28 13:00:00,21.43,70.23,2.97,0.0
2024-11-28 14:00:00,20.17,74.02,3.47,0.0
2024-11-28 15:00:00,19.11,75.45,3.92,0.0
2024-11-28 16:00:00,18.15,75.62,4.37,0.0
2024-11-28 17:00:00,17.29,75.89,4.89,0.0
2024-11-28 18:00:00,16.66,76.13,5.44,0.0
2024-11-28 19:00:00,16.17,76.71,5.92,0.0
2024-11-28 20:00:00,15.78,77.55,6.23,0.0
2024-11-28 21:00:00,15.42,78.6,6.19,0.0
2024-11-28 22:00:00,14.98,80.11,5.89,0.0
2024-11-28 23:00:00,14.52,81.58,5.56,0.0
2024-11-29 00:00:00,14.09,82.84,5.34,0.0
2024-11-29 01:00:00,13.76,83.79,5.33,9.48
2024-11-29 02:00:00,15.04,78.86,6.01,134.27
2024-11-29 03:00:00,17.48,72.16,5.6,335.4
2024-11-29 04:00:00,20.78,65.63,5.0,483.25
2024-11-29 05:00:00,24.14,52.05,5.89,649.03
2024-11-29 06:00:00,26.04,44.93,5.32,752.7
2024-11-29 07:00:00,27.2,42.14,4.49,762.72
2024-11-29 08:00:00,27.89,41.07,3.66,583.84
2024-11-29 09:00:00,28.07,41.44,2.85,528.72
2024-11-29 10:00:00,28.21,41.67,2.23,330.9
2024-11-29 11:00:00,26.73,48.69,2.21,125.65
2024-11-29 12:00:00,23.35,63.6,2.31,7.2
2024-11-29 13:00:00,21.46,64.51,2.77,0.0
2024-11-29 14:00:00,20.19,68.39,3.06,0.0
2024-11-29 15:00:00,19.11,71.16,3.36,0.0
2024-11-29 16:00:00,18.16,73.16,3.72,0.0
2024-11-29 17:00:00,17.36,74.52,4.01,0.0
2024-11-29 18:00:00,16.66,75.78,4.37,0.0
2024-11-29 19:00:00,16.12,77.1,4.92,0.0
2024-11-29 20:00:00,15.73,78.24,5.57,0.0
2024-11-29 21:00:00,15.35,79.6,6.03,0.0
2024-11-29 22:00:00,15.05,80.78,6.22,0.0
2024-11-29 23:00:00,14.83,81.38,6.27,0.0
2024-11-30 00:00:00,14.62,81.86,6.21,0.0
2024-11-30 01:00:00,14.47,82.03,6.17,8.7
2024-11-30 02:00:00,15.59,77.71,6.55,126.25
2024-11-30 03:00:00,18.16,70.53,5.96,321.02
2024-11-30 04:00:00,21.34,65.78,4.8,504.35
2024-11-30 05:00:00,24.97,57.71,4.2,643.25
2024-11-30 06:00:00,28.07,45.57,2.59,713.08
2024-11-30 07:00:00,29.23,43.27,1.3,697.5
2024-11-30 08:00:00,29.61,42.93,0.85,577.53
2024-11-30 09:00:00,29.63,42.54,0.72,478.67
2024-11-30 10:00:00,29.68,42.52,0.8,291.08
2024-11-30 11:00:00,28.48,47.24,1.02,105.55
2024-11-30 12:00:00,25.36,61.22,1.75,6.65
2024-11-30 13:00:00,22.85,67.59,2.63,0.0
2024-11-30 14:00:00,21.54,72.83,3.02,0.0
2024-11-30 15:00:00,20.85,75.0,2.99,0.0
2024-11-30 16:00:00,20.49,75.38,2.69,0.0
2024-11-30 17:00:00,20.24,75.07,2.43,0.0
2024-11-30 18:00:00,19.57,78.07,2.59,0.0
2024-11-30 19:00:00,18.9,82.52,3.09,0.0
2024-11-30 20:00:00,18.65,85.55,3.42,0.0
2024-11-30 21:00:00,18.62,88.63,3.69,0.0
2024-11-30 22:00:00,18.61,91.54,3.82,0.0
2024-11-30 23:00:00,18.57,93.48,3.91,0.0
2024-12-01 00:00:00,18.49,94.59,4.09,0.0
2024-12-01 01:00:00,18.37,94.93,4.25,7.22
2024-12-01 02:00:00,19.56,89.52,5.09,97.62
2024-12-01 03:00:00,21.62,82.57,4.68,258.65
2024-12-01 04:00:00,24.63,73.37,4.72,425.0
2024-12-01 05:00:00,27.14,66.23,4.02,554.83
2024-12-01 06:00:00,28.77,62.26,2.85,634.45
2024-12-01 07:00:00,29.74,59.51,2.06,589.33
2024-12-01 08:00:00,30.18,57.91,1.7,561.97
2024-12-01 09:00:00,30.18,58.04,1.58,433.92
2024-12-01 10:00:00,29.96,59.79,1.5,267.52
2024-12-01 11:00:00,29.16,62.62,1.61,96.38
2024-12-01 12:00:00,26.2,79.95,1.89,6.3
2024-12-01 13:00:00,24.49,82.54,2.49,0.0
2024-12-01 14:00:00,23.83,84.08,2.66,0.0
2024-12-01 15:00:00,23.32,85.32,2.62,0.0
2024-12-01 16:00:00,22.87,86.32,2.61,0.0
2024-12-01 17:00:00,22.46,87.56,2.76,0.0
2024-12-01 18:00:00,22.15,88.66,3.11,0.0
2024-12-01 19:00:00,21.99,89.39,3.53,0.0
2024-12-01 20:00:00,21.92,89.32,4.13,0.0
2024-12-01 21:00:00,21.76,89.69,4.32,0.0
2024-12-01 22:00:00,21.54,90.41,4.23,0.0
2024-12-01 23:00:00,21.32,90.99,4.14,0.0
2024-12-02 00:00:00,21.16,91.09,4.14,0.0
2024-12-02 01:00:00,21.06,91.05,4.17,6.65
2024-12-02 02:00:00,21.84,88.21,4.76,100.82
2024-12-02 03:00:00,23.41,83.42,5.04,259.17
2024-12-02 04:00:00,25.79,75.78,4.77,416.08
2024-12-02 05:00:00,28.01,69.01,4.36,560.03
2024-12-02 06:00:00,29.43,65.44,3.58,662.9
2024-12-02 07:00:00,30.35,63.02,2.81,634.12
2024-12-02 08:00:00,30.93,61.29,2.17,570.55
2024-12-02 09:00:00,31.16,60.63,1.84,444.38
2024-12-02 10:00:00,30.91,62.53,1.76,273.12
2024-12-02 11:00:00,30.19,65.89,1.98,95.6
2024-12-02 12:00:00,27.51,80.53,2.04,5.72
2024-12-02 13:00:00,26.05,83.58,2.42,0.0
2024-12-02 14:00:00,25.46,85.1,2.53,0.0
2024-12-02 15:00:00,24.97,85.94,2.67,0.0
2024-12-02 16:00:00,24.47,86.36,3.01,0.0
2024-12-02 17:00:00,23.94,87.2,3.4,0.0
2024-12-02 18:00:00,23.47,88.17,3.76,0.0
2024-12-02 19:00:00,23.12,88.7,4.15,0.0
2024-12-02 20:00:00,22.99,88.43,4.71,0.0
2024-12-02 21:00:00,22.98,88.01,4.96,0.0
2024-12-02 22:00:00,22.86,88.36,4.89,0.0
2024-12-02 23:00:00,22.72,88.68,4.77,0.0
2024-12-03 00:00:00,22.54,89.07,4.69,0.0
2024-12-03 01:00:00,22.47,88.87,4.88,6.3
2024-12-03 02:00:00,23.59,84.56,5.59,89.57
2024-12-03 03:00:00,25.38,78.54,5.87,225.65
2024-12-03 04:00:00,27.46,72.2,5.71,358.02
2024-12-03 05:00:00,29.28,67.06,5.05,523.92
2024-12-03 06:00:00,30.57,63.44,4.02,585.05
2024-12-03 07:00:00,31.4,60.94,2.9,571.8
2024-12-03 08:00:00,31.87,59.31,2.05,505.95
2024-12-03 09:00:00,31.88,59.41,1.83,364.02
2024-12-03 10:00:00,31.52,62.41,1.86,221.88
2024-12-03 11:00:00,30.57,66.46,2.2,87.4
2024-12-03 12:00:00,28.03,81.87,2.16,5.75
2024-12-03 13:00:00,26.8,84.76,2.45,0.0
2024-12-03 14:00:00,26.28,86.52,2.43,0.0
2024-12-03 15:00:00,25.89,87.72,2.42,0.0
2024-12-03 16:00:00,25.54,88.18,2.62,0.0
2024-12-03 17:00:00,25.13,88.22,3.08,0.0
2024-12-03 18:00:00,24.69,88.46,3.58,0.0
2024-12-03 19:00:00,24.29,89.06,3.82,0.0
2024-12-03 20:00:00,23.92,89.92,3.86,0.0
2024-12-03 21:00:00,23.63,90.56,3.86,0.0
2024-12-03 22:00:00,23.4,91.11,3.79,0.0
2024-12-03 23:00:00,23.23,91.57,3.77,0.0
2024-12-04 00:00:00,23.07,91.84,3.75,0.0
2024-12-04 01:00:00,23.08,91.41,4.03,4.82
2024-12-04 02:00:00,23.91,89.14,4.42,71.55
2024-12-04 03:00:00,25.15,85.98,4.38,199.27
2024-12-04 04:00:00,27.11,80.51,4.43,354.33
2024-12-04 05:00:00,29.1,73.52,4.39,477.15
2024-12-04 06:00:00,30.49,68.57,3.79,600.58
2024-12-04 07:00:00,31.36,65.52,3.0,595.28
2024-12-04 08:00:00,31.79,63.81,2.17,549.22
2024-12-04 09:00:00,31.9,62.81,1.21,451.38
2024-12-04 10:00:00,31.71,63.55,0.47,275.33
2024-12-04 11:00:00,31.03,66.17,1.04,101.0
2024-12-04 12:00:00,28.72,80.5,1.72,6.53
2024-12-04 13:00:00,27.21,85.63,2.3,0.0
2024-12-04 14:00:00,26.47,86.95,2.59,0.0
2024-12-04 15:00:00,25.87,88.48,2.69,0.0
2024-12-04 16:00:00,25.38,90.08,2.56,0.0
2024-12-04 17:00:00,25.02,90.68,2.54,0.0
2024-12-04 18:00:00,24.73,90.57,2.69,0.0
2024-12-04 19:00:00,24.47,90.08,2.99,0.0
2024-12-04 20:00:00,24.22,89.66,3.38,0.0
2024-12-04 21:00:00,23.98,89.62,3.79,0.0
2024-12-04 22:00:00,23.71,89.89,4.1,0.0
2024-12-04 23:00:00,23.43,90.29,4.31,0.0
2024-12-05 00:00:00,23.19,90.47,4.52,0.0
2024-12-05 01:00:00,22.95,90.77,4.57,6.03
2024-12-05 02:00:00,23.79,87.53,5.22,101.47
2024-12-05 03:00:00,25.63,81.93,5.02,268.95
2024-12-05 04:00:00,28.31,72.53,5.05,431.92
2024-12-05 05:00:00,30.17,66.68,3.99,585.7
2024-12-05 06:00:00,31.24,62.65,2.69,655.38
2024-12-05 07:00:00,31.79,60.29,1.6,673.6
2024-12-05 08:00:00,32.12,58.88,0.69,600.4
2024-12-05 09:00:00,31.98,59.27,0.69,464.58
2024-12-05 10:00:00,31.33,62.51,1.41,275.62
2024-12-05 11:00:00,30.31,68.63,1.95,103.75
2024-12-05 12:00:00,27.99,81.55,2.17,7.07
2024-12-05 13:00:00,26.44,86.61,2.53,0.0
2024-12-05 14:00:00,25.71,88.89,2.71,0.0
2024-12-05 15:00:00,25.18,91.16,2.67,0.0
2024-12-05 16:00:00,24.76,92.85,2.54,0.0
2024-12-05 17:00:00,24.4,93.94,2.4,0.0
2024-12-05 18:00:00,24.11,94.6,2.29,0.0
2024-12-05 19:00:00,23.9,94.75,2.26,0.0
2024-12-05 20:00:00,23.74,94.42,2.33,0.0
2024-12-05 21:00:00,23.58,93.99,2.44,0.0
2024-12-05 22:00:00,23.38,93.74,2.58,0.0
2024-12-05 23:00:00,23.18,93.5,2.74,0.0
2024-12-06 00:00:00,23.0,93.17,2.83,0.0
2024-12-06 01:00:00,22.86,92.85,2.86,5.8
2024-12-06 02:00:00,23.95,87.93,3.49,105.03
2024-12-06 03:00:00,25.25,83.47,3.18,285.77
2024-12-06 04:00:00,27.87,73.2,2.21,419.38
2024-12-06 05:00:00,29.9,66.1,1.73,578.78
2024-12-06 06:00:00,30.83,63.47,1.69,678.53
2024-12-06 07:00:00,31.33,62.06,1.56,693.9
2024-12-06 08:00:00,31.61,60.96,1.37,622.2
2024-12-06 09:00:00,31.58,61.05,1.4,493.08
2024-12-06 10:00:00,31.27,63.1,1.65,313.27
2024-12-06 11:00:00,30.45,67.99,1.93,126.07
2024-12-06 12:00:00,28.05,80.8,2.17,7.78
2024-12-06 13:00:00,26.51,84.6,2.6,0.0
2024-12-06 14:00:00,25.67,86.21,2.92,0.0
2024-12-06 15:00:00,24.94,88.1,2.89,0.0
2024-12-06 16:00:00,24.29,89.5,2.66,0.0
2024-12-06 17:00:00,23.72,90.42,2.45,0.0
2024-12-06 18:00:00,23.23,91.02,2.34,0.0
2024-12-06 19:00:00,22.82,91.41,2.32,0.0
2024-12-06 20:00:00,22.49,91.53,2.36,0.0
2024-12-06 21:00:00,22.21,91.88,2.39,0.0
2024-12-06 22:00:00,21.94,92.67,2.4,0.0
2024-12-06 23:00:00,21.65,93.87,2.39,0.0
2024-12-07 00:00:00,21.35,95.47,2.34,0.0
2024-12-07 01:00:00,21.12,96.9,2.24,5.95
2024-12-07 02:00:00,22.85,91.3,2.4,113.82
2024-12-07 03:00:00,24.71,81.79,2.61,296.88
2024-12-07 04:00:00,26.83,69.07,3.71,481.0
2024-12-07 05:00:00,28.45,56.87,4.28,617.3
2024-12-07 06:00:00,29.57,49.66,4.17,715.03
2024-12-07 07:00:00,30.17,47.37,3.95,713.88
2024-12-07 08:00:00,30.41,46.74,3.85,660.95
2024-12-07 09:00:00,30.16,47.2,3.94,529.72
2024-12-07 10:00:00,29.1,51.64,3.91,346.1
2024-12-07 11:00:00,27.22,60.42,3.75,141.12
2024-12-07 12:00:00,24.02,75.63,3.15,8.52
2024-12-07 13:00:00,22.49,79.32,3.18,0.0
2024-12-07 14:00:00,21.77,81.25,3.07,0.0
2024-12-07 15:00:00,21.14,82.66,2.93,0.0
2024-12-07 16:00:00,20.57,83.54,2.81,0.0
2024-12-07 17:00:00,20.08,83.88,2.66,0.0
2024-12-07 18:00:00,19.72,83.33,2.46,0.0
2024-12-07 19:00:00,19.56,81.41,2.21,0.0
2024-12-07 20:00:00,19.5,79.09,2.0,0.0
2024-12-07 21:00:00,19.22,78.68,1.99,0.0
2024-12-07 22:00:00,18.62,80.41,2.24,0.0
2024-12-07 23:00:00,18.0,81.93,2.57,0.0
2024-12-08 00:00:00,17.52,82.2,2.86,0.0
2024-12-08 01:00:00,17.2,81.45,3.1,6.38
2024-12-08 02:00:00,19.41,75.27,3.25,132.88
2024-12-08 03:00:00,21.75,61.31,4.3,341.95
2024-12-08 04:00:00,24.25,50.2,4.09,467.88
2024-12-08 05:00:00,26.51,41.12,3.75,645.38
2024-12-08 06:00:00,27.68,40.25,3.16,751.85
2024-12-08 07:00:00,28.35,40.4,3.11,763.55
2024-12-08 08:00:00,28.58,41.49,3.35,685.75
2024-12-08 09:00:00,28.3,42.13,3.49,530.35
2024-12-08 10:00:00,27.52,45.36,3.32,348.73
2024-12-08 11:00:00,26.01,51.22,3.07,144.65
2024-12-08 12:00:00,22.2,72.26,2.86,9.73
2024-12-08 13:00:00,20.5,75.13,3.15,0.0
2024-12-08 14:00:00,19.68,77.99,3.18,0.0
2024-12-08 15:00:00,18.87,80.38,3.17,0.0
2024-12-08 16:00:00,18.05,81.89,3.14,0.0
2024-12-08 17:00:00,17.24,82.47,3.12,0.0
2024-12-08 18:00:00,16.5,82.7,3.11,0.0
2024-12-08 19:00:00,15.87,82.72,3.1,0.0
2024-12-08 20:00:00,15.38,82.62,3.13,0.0
2024-12-08 21:00:00,14.93,82.59,3.18,0.0
2024-12-08 22:00:00,14.51,82.45,3.23,0.0
2024-12-08 23:00:00,14.07,82.09,3.32,0.0
2024-12-09 00:00:00,13.62,81.51,3.47,0.0
2024-12-09 01:00:00,13.19,81.15,3.61,6.62
2024-12-09 02:00:00,15.7,73.07,3.97,131.35
2024-12-09 03:00:00,18.28,62.3,4.68,336.88
2024-12-09 04:00:00,21.27,52.76,4.58,529.17
2024-12-09 05:00:00,24.25,41.44,4.76,655.1
2024-12-09 06:00:00,26.11,38.04,4.23,644.92
2024-12-09 07:00:00,27.41,36.6,3.78,669.92
2024-12-09 08:00:00,28.22,35.41,3.64,658.38
2024-12-09 09:00:00,28.4,36.13,3.54,488.23
2024-12-09 10:00:00,28.36,35.63,3.37,314.8
2024-12-09 11:00:00,26.25,47.3,3.07,129.3
2024-12-09 12:00:00,22.0,62.7,3.27,9.05
2024-12-09 13:00:00,20.14,63.0,3.67,0.0
2024-12-09 14:00:00,18.99,64.67,3.98,0.0
2024-12-09 15:00:00,18.01,65.25,4.34,0.0
2024-12-09 16:00:00,17.21,63.76,4.93,0.0
2024-12-09 17:00:00,16.48,61.68,5.7,0.0
2024-12-09 18:00:00,15.77,61.4,6.36,0.0
2024-12-09 19:00:00,15.14,63.17,6.64,0.0
2024-12-09 20:00:00,14.68,65.43,6.89,0.0
2024-12-09 21:00:00,14.22,68.17,6.76,0.0
2024-12-09 22:00:00,13.83,70.42,6.61,0.0
2024-12-09 23:00:00,13.52,72.08,6.57,0.0
2024-12-10 00:00:00,13.29,73.21,6.41,0.0
2024-12-10 01:00:00,13.16,73.68,6.17,5.65
2024-12-10 02:00:00,14.45,68.78,6.42,126.82
2024-12-10 03:00:00,17.27,62.32,5.86,334.17
2024-12-10 04:00:00,20.84,57.21,4.93,487.9
2024-12-10 05:00:00,24.51,46.18,4.71,643.83
2024-12-10 06:00:00,26.79,43.46,4.36,736.78
2024-12-10 07:00:00,28.32,43.21,3.77,737.65
2024-12-10 08:00:00,29.21,44.86,2.93,678.55
2024-12-10 09:00:00,29.5,46.5,1.91,528.58
2024-12-10 10:00:00,29.63,46.95,0.78,344.92
2024-12-10 11:00:00,29.05,48.95,0.12,141.4
2024-12-10 12:00:00,26.26,61.11,1.21,9.07
2024-12-10 13:00:00,23.93,66.31,2.03,0.0
2024-12-10 14:00:00,22.75,70.06,2.19,0.0
2024-12-10 15:00:00,22.2,70.53,2.06,0.0
2024-12-10 16:00:00,21.41,72.86,2.27,0.0
2024-12-10 17:00:00,20.26,77.86,2.76,0.0
2024-12-10 18:00:00,19.41,81.07,3.23,0.0
2024-12-10 19:00:00,18.88,81.58,3.63,0.0
2024-12-10 20:00:00,18.45,80.5,3.99,0.0
2024-12-10 21:00:00,17.96,78.9,4.37,0.0
2024-12-10 22:00:00,17.38,77.82,4.66,0.0
2024-12-10 23:00:00,16.85,77.34,4.87,0.0
2024-12-11 00:00:00,16.42,77.39,5.21,0.0
2024-12-11 01:00:00,16.09,77.87,5.67,5.07
2024-12-11 02:00:00,16.91,75.46,6.34,117.03
2024-12-11 03:00:00,19.24,70.53,5.64,316.75
2024-12-11 04:00:00,22.45,66.35,4.44,423.4
2024-12-11 05:00:00,26.06,55.61,3.85,606.0
2024-12-11 06:00:00,28.78,48.31,2.6,720.67
2024-12-11 07:00:00,29.87,47.67,1.67,708.8
2024-12-11 08:00:00,30.36,47.5,1.17,644.0
2024-12-11 09:00:00,30.44,47.57,0.47,515.15
2024-12-11 10:00:00,30.05,50.12,0.53,336.55
2024-12-11 11:00:00,28.92,54.16,1.43,139.85
2024-12-11 12:00:00,25.17,74.67,2.16,9.2
2024-12-11 13:00:00,23.25,76.47,2.81,0.0
2024-12-11 14:00:00,22.17,79.28,3.03,0.0
2024-12-11 15:00:00,21.32,81.74,2.99,0.0
2024-12-11 16:00:00,20.65,83.38,2.83,0.0
2024-12-11 17:00:00,20.15,83.48,2.69,0.0
2024-12-11 18:00:00,19.87,82.04,2.56,0.0
2024-12-11 19:00:00,19.69,79.88,2.46,0.0
2024-12-11 20:00:00,19.4,78.49,2.45,0.0
2024-12-11 21:00:00,18.82,78.57,2.55,0.0
2024-12-11 22:00:00,18.04,79.51,2.77,0.0
2024-12-11 23:00:00,17.24,80.1,3.14,0.0
2024-12-12 00:00:00,16.66,78.46,3.5,0.0
2024-12-12 01:00:00,16.21,76.14,3.8,5.05
2024-12-12 02:00:00,17.77,68.01,4.66,121.47
2024-12-12 03:00:00,19.79,60.96,5.14,324.27
2024-12-12 04:00:00,22.24,60.61,3.98,486.12
2024-12-12 05:00:00,25.87,50.2,2.85,560.15
2024-12-12 06:00:00,28.48,42.44,1.8,691.2
2024-12-12 07:00:00,29.12,43.13,0.91,692.53
2024-12-12 08:00:00,29.39,42.61,0.27,625.08
2024-12-12 09:00:00,29.28,43.94,0.65,499.08
2024-12-12 10:00:00,28.98,46.07,1.21,323.67
2024-12-12 11:00:00,27.6,52.63,1.72,130.93
2024-12-12 12:00:00,23.9,71.1,2.42,8.85
2024-12-12 13:00:00,22.03,74.17,2.99,0.0
2024-12-12 14:00:00,21.06,77.5,3.2,0.0
2024-12-12 15:00:00,20.28,80.16,3.25,0.0
2024-12-12 16:00:00,19.64,81.76,3.28,0.0
2024-12-12 17:00:00,19.06,82.32,3.36,0.0
2024-12-12 18:00:00,18.59,81.1,3.54,0.0
2024-12-12 19:00:00,18.16,79.01,3.89,0.0
2024-12-12 20:00:00,17.73,77.15,4.41,0.0
2024-12-12 21:00:00,17.23,76.69,5.04,0.0
2024-12-12 22:00:00,16.61,78.19,5.54,0.0
2024-12-12 23:00:00,15.99,80.86,5.87,0.0
2024-12-13 00:00:00,15.51,83.08,6.18,0.0
2024-12-13 01:00:00,15.33,82.54,6.74,4.62
2024-12-13 02:00:00,16.09,78.43,7.28,116.2
2024-12-13 03:00:00,18.66,69.61,7.2,318.48
2024-12-13 04:00:00,22.22,60.19,7.06,368.2
2024-12-13 05:00:00,25.33,50.09,6.79,649.33
2024-12-13 06:00:00,27.5,44.91,6.07,725.17
2024-12-13 07:00:00,28.8,43.28,5.05,707.05
2024-12-13 08:00:00,29.36,43.95,4.19,642.15
2024-12-13 09:00:00,29.29,45.18,3.51,516.47
2024-12-13 10:00:00,28.89,47.88,2.85,333.05
2024-12-13 11:00:00,27.28,56.03,2.61,133.15
2024-12-13 12:00:00,23.72,69.78,2.59,9.2
2024-12-13 13:00:00,22.04,68.83,3.01,0.0
2024-12-13 14:00:00,20.93,70.54,3.26,0.0
2024-12-13 15:00:00,19.9,72.02,3.53,0.0
2024-12-13 16:00:00,18.95,72.51,3.87,0.0
2024-12-13 17:00:00,18.14,71.94,4.26,0.0
2024-12-13 18:00:00,17.46,71.32,4.87,0.0
2024-12-13 19:00:00,16.96,70.37,5.75,0.0
2024-12-13 20:00:00,16.35,70.64,6.36,0.0
2024-12-13 21:00:00,15.66,71.74,6.75,0.0
2024-12-13 22:00:00,14.99,73.21,6.98,0.0
2024-12-13 23:00:00,14.42,74.81,7.12,0.0
2024-12-14 00:00:00,14.04,75.23,7.14,0.0
2024-12-14 01:00:00,13.75,75.81,7.06,4.18
2024-12-14 02:00:00,14.7,72.68,7.41,99.12
2024-12-14 03:00:00,17.55,64.69,6.96,286.65
2024-12-14 04:00:00,21.27,57.4,6.27,421.3
2024-12-14 05:00:00,25.12,46.71,6.51,590.58
2024-12-14 06:00:00,27.46,41.74,5.51,721.58
2024-12-14 07:00:00,28.68,40.24,4.45,751.7
2024-12-14 08:00:00,29.17,40.01,3.69,691.8
2024-12-14 09:00:00,29.08,41.38,3.22,531.83
2024-12-14 10:00:00,28.9,43.32,2.62,348.83
2024-12-14 11:00:00,27.23,53.8,2.26,152.07
2024-12-14 12:00:00,24.44,61.74,2.04,10.52
2024-12-14 13:00:00,23.0,60.83,2.33,0.0
2024-12-14 14:00:00,21.51,66.54,2.72,0.0
2024-12-14 15:00:00,20.03,72.33,3.2,0.0
2024-12-14 16:00:00,18.96,74.21,3.75,0.0
2024-12-14 17:00:00,18.23,71.89,4.28,0.0
2024-12-14 18:00:00,17.64,67.71,5.11,0.0
2024-12-14 19:00:00,17.07,64.35,6.01,0.0
2024-12-14 20:00:00,16.31,64.23,6.55,0.0
2024-12-14 21:00:00,15.53,65.86,6.82,0.0
2024-12-14 22:00:00,14.9,67.54,7.01,0.0
2024-12-14 23:00:00,14.47,69.08,7.11,0.0
2024-12-15 00:00:00,14.11,70.86,7.1,0.0
2024-12-15 01:00:00,13.73,73.21,7.08,4.05
2024-12-15 02:00:00,14.68,70.92,7.4,108.47
2024-12-15 03:00:00,17.55,64.12,6.94,306.0
2024-12-15 04:00:00,21.42,58.07,5.74,472.33
2024-12-15 05:00:00,25.4,50.62,5.05,587.83
2024-12-15 06:00:00,28.45,42.69,3.47,719.3
2024-12-15 07:00:00,29.83,39.83,2.11,755.08
2024-12-15 08:00:00,30.28,39.05,1.86,574.52
2024-12-15 09:00:00,30.22,39.16,1.81,538.22
2024-12-15 10:00:00,30.09,39.81,1.72,374.48
2024-12-15 11:00:00,28.52,48.47,1.67,162.57
2024-12-15 12:00:00,25.88,54.09,1.65,11.7
2024-12-15 13:00:00,23.91,57.24,2.11,0.0
2024-12-15 14:00:00,22.16,62.84,2.57,0.0
2024-12-15 15:00:00,20.75,66.66,2.87,0.0
2024-12-15 16:00:00,19.43,68.89,3.22,0.0
2024-12-15 17:00:00,18.17,68.8,3.77,0.0
2024-12-15 18:00:00,17.2,65.78,4.33,0.0
2024-12-15 19:00:00,16.48,62.27,5.06,0.0
2024-12-15 20:00:00,15.82,60.38,5.75,0.0
2024-12-15 21:00:00,15.11,61.03,6.15,0.0
2024-12-15 22:00:00,14.44,63.53,6.26,0.0
2024-12-15 23:00:00,13.95,65.99,6.27,0.0
2024-12-16 00:00:00,13.65,67.44,6.27,0.0
2024-12-16 01:00:00,13.51,67.8,6.32,4.3
2024-12-16 02:00:00,15.01,62.61,6.93,123.25
2024-12-16 03:00:00,17.84,56.31,6.5,335.1
2024-12-16 04:00:00,21.38,52.93,5.15,519.38
2024-12-16 05:00:00,24.99,49.09,4.15,620.0
2024-12-16 06:00:00,28.55,33.98,3.52,754.55
2024-12-16 07:00:00,29.99,29.98,2.6,778.45
2024-12-16 08:00:00,30.47,28.95,2.2,714.42
2024-12-16 09:00:00,30.35,30.45,1.86,555.55
2024-12-16 10:00:00,30.48,28.17,1.71,387.9
2024-12-16 11:00:00,28.67,40.03,1.47,168.95
2024-12-16 12:00:00,25.59,45.61,1.62,12.48
2024-12-16 13:00:00,23.1,50.62,2.26,0.0
2024-12-16 14:00:00,21.18,58.09,2.71,0.0
2024-12-16 15:00:00,19.9,63.24,2.81,0.0
2024-12-16 16:00:00,19.03,65.11,2.77,0.0
2024-12-16 17:00:00,18.2,64.91,2.84,0.0
2024-12-16 18:00:00,17.15,65.26,3.12,0.0
2024-12-16 19:00:00,16.07,65.59,3.6,0.0
2024-12-16 20:00:00,15.24,65.47,4.02,0.0
2024-12-16 21:00:00,14.68,65.26,4.29,0.0
2024-12-16 22:00:00,14.24,65.27,4.52,0.0
2024-12-16 23:00:00,13.89,65.48,4.68,0.0
2024-12-17 00:00:00,13.64,66.08,4.77,0.0
2024-12-17 01:00:00,13.49,66.79,4.84,3.97
2024-12-17 02:00:00,15.7,60.47,5.58,117.53
2024-12-17 03:00:00,18.49,54.84,5.75,326.02
2024-12-17 04:00:00,21.44,54.12,4.29,359.48
2024-12-17 05:00:00,25.16,46.34,3.06,558.0
2024-12-17 06:00:00,28.53,32.99,2.12,713.17
2024-12-17 07:00:00,29.66,31.85,1.81,763.0
2024-12-17 08:00:00,30.16,31.28,1.71,675.58
2024-12-17 09:00:00,30.2,31.85,1.36,524.6
2024-12-17 10:00:00,30.41,30.63,0.87,362.3
2024-12-17 11:00:00,28.84,39.25,0.71,152.32
2024-12-17 12:00:00,24.97,53.26,1.76,11.55
2024-12-17 13:00:00,22.54,57.8,2.39,0.0
2024-12-17 14:00:00,21.43,61.14,2.41,0.0
2024-12-17 15:00:00,20.48,63.52,2.44,0.0
2024-12-17 16:00:00,19.48,65.06,2.59,0.0
2024-12-17 17:00:00,18.68,64.7,2.67,0.0
2024-12-17 18:00:00,17.97,64.01,2.75,0.0
2024-12-17 19:00:00,17.02,65.26,2.99,0.0
2024-12-17 20:00:00,15.95,67.46,3.41,0.0
2024-12-17 21:00:00,15.18,68.26,3.83,0.0
2024-12-17 22:00:00,14.71,67.96,4.13,0.0
2024-12-17 23:00:00,14.49,66.81,4.48,0.0
2024-12-18 00:00:00,14.41,65.73,4.86,0.0
2024-12-18 01:00:00,14.39,65.18,5.23,3.38
2024-12-18 02:00:00,16.3,59.68,6.18,101.68
2024-12-18 03:00:00,18.79,55.88,6.21,296.6
2024-12-18 04:00:00,21.67,55.27,4.68,495.02
2024-12-18 05:00:00,25.22,49.0,3.29,517.58
2024-12-18 06:00:00,28.69,34.56,2.24,687.8
2024-12-18 07:00:00,29.67,32.39,1.37,726.28
2024-12-18 08:00:00,30.04,31.64,0.79,657.65
2024-12-18 09:00:00,30.0,31.65,0.38,542.83
2024-12-18 10:00:00,29.67,33.93,0.19,359.05
2024-12-18 11:00:00,28.15,41.88,0.4,150.48
2024-12-18 12:00:00,25.36,47.84,1.27,11.45
2024-12-18 13:00:00,23.55,49.48,1.76,0.0
2024-12-18 14:00:00,22.53,52.19,1.8,0.0
2024-12-18 15:00:00,21.66,55.37,1.76,0.0
2024-12-18 16:00:00,20.59,60.13,1.92,0.0
2024-12-18 17:00:00,19.37,65.2,2.26,0.0
2024-12-18 18:00:00,18.31,68.51,2.58,0.0
2024-12-18 19:00:00,17.41,70.0,2.91,0.0
2024-12-18 20:00:00,16.58,70.2,3.29,0.0
2024-12-18 21:00:00,15.95,68.92,3.62,0.0
2024-12-18 22:00:00,15.49,67.62,3.85,0.0
2024-12-18 23:00:00,15.14,67.05,3.99,0.0
2024-12-19 00:00:00,14.93,66.6,4.11,0.0
2024-12-19 01:00:00,14.88,66.22,4.27,0.0
2024-12-19 02:00:00,17.13,60.5,4.76,104.22
2024-12-19 03:00:00,20.09,51.79,5.62,286.5
2024-12-19 04:00:00,22.66,51.14,4.31,319.33
2024-12-19 05:00:00,26.27,42.86,2.59,463.38
2024-12-19 06:00:00,29.24,33.14,1.74,696.22
2024-12-19 07:00:00,30.18,31.84,1.65,672.83
2024-12-19 08:00:00,30.33,32.79,1.84,642.8
2024-12-19 09:00:00,29.7,35.99,2.09,462.77
2024-12-19 10:00:00,28.99,39.43,2.15,325.02
2024-12-19 11:00:00,26.77,49.93,2.36,133.85
2024-12-19 12:00:00,22.69,71.31,2.8,10.5
2024-12-19 13:00:00,21.21,77.31,2.96,0.0
2024-12-19 14:00:00,20.59,83.19,2.86,0.0
2024-12-19 15:00:00,20.1,87.34,2.74,0.0
2024-12-19 16:00:00,19.67,89.78,2.51,0.0
2024-12-19 17:00:00,19.34,90.77,2.23,0.0
2024-12-19 18:00:00,19.08,90.28,2.03,0.0
2024-12-19 19:00:00,18.86,88.81,1.91,0.0
2024-12-19 20:00:00,18.62,87.25,1.89,0.0
2024-12-19 21:00:00,18.33,86.27,1.95,0.0
2024-12-19 22:00:00,18.03,85.44,2.03,0.0
2024-12-19 23:00:00,17.76,84.2,2.13,0.0
2024-12-20 00:00:00,17.52,82.92,2.21,0.0
2024-12-20 01:00:00,17.3,81.74,2.3,0.0
2024-12-20 02:00:00,18.89,81.68,2.04,92.93
2024-12-20 03:00:00,21.69,66.49,2.16,256.8
2024-12-20 04:00:00,23.81,60.0,1.69,430.12
2024-12-20 05:00:00,25.57,53.54,0.99,569.8
2024-12-20 06:00:00,27.24,49.07,0.51,652.67
2024-12-20 07:00:00,28.24,49.37,1.54,633.55
2024-12-20 08:00:00,28.27,51.2,2.3,562.45
2024-12-20 09:00:00,27.91,53.64,2.57,429.65
2024-12-20 10:00:00,27.15,56.77,2.8,276.52
2024-12-20 11:00:00,25.55,65.82,2.72,114.1
2024-12-20 12:00:00,22.43,81.41,2.65,10.38
2024-12-20 13:00:00,20.99,85.78,2.74,0.0
2024-12-20 14:00:00,20.34,87.76,2.59,0.0
2024-12-20 15:00:00,19.85,88.58,2.46,0.0
2024-12-20 16:00:00,19.4,88.93,2.36,0.0
2024-12-20 17:00:00,18.96,89.32,2.32,0.0
2024-12-20 18:00:00,18.62,88.93,2.18,0.0
2024-12-20 19:00:00,18.41,87.61,2.0,0.0
2024-12-20 20:00:00,18.11,86.58,1.91,0.0
2024-12-20 21:00:00,17.9,85.3,1.78,0.0
2024-12-20 22:00:00,17.57,85.18,1.76,0.0
2024-12-20 23:00:00,17.04,87.27,1.97,0.0
2024-12-21 00:00:00,16.55,90.16,2.24,0.0
2024-12-21 01:00:00,16.3,92.7,2.5,0.0
2024-12-21 02:00:00,18.36,87.85,2.5,80.43
2024-12-21 03:00:00,20.9,75.85,2.91,233.7
2024-12-21 04:00:00,23.65,65.2,2.15,404.4
2024-12-21 05:00:00,25.85,59.57,1.99,559.67
2024-12-21 06:00:00,27.3,56.8,2.12,653.22
2024-12-21 07:00:00,28.19,56.05,2.36,615.75
2024-12-21 08:00:00,28.53,56.03,2.8,555.05
2024-12-21 09:00:00,28.23,57.61,3.1,444.67
2024-12-21 10:00:00,27.47,60.39,3.26,282.52
2024-12-21 11:00:00,25.8,69.57,3.04,113.15
2024-12-21 12:00:00,22.99,82.71,2.75,9.85
2024-12-21 13:00:00,21.77,86.4,2.69,0.0
2024-12-21 14:00:00,21.32,87.27,2.35,0.0
2024-12-21 15:00:00,21.22,86.03,1.89,0.0
2024-12-21 16:00:00,21.26,84.27,1.41,0.0
2024-12-21 17:00:00,21.19,83.87,1.07,0.0
2024-12-21 18:00:00,20.81,85.45,0.98,0.0
2024-12-21 19:00:00,20.32,87.8,0.93,0.0
2024-12-21 20:00:00,19.97,89.49,0.96,0.0
2024-12-21 21:00:00,19.38,92.64,1.25,0.0
2024-12-21 22:00:00,18.69,96.76,1.73,0.0
2024-12-21 23:00:00,18.2,99.78,2.11,0.0
2024-12-22 00:00:00,18.02,100.0,2.32,0.0
2024-12-22 01:00:00,17.98,100.0,2.45,0.0
2024-12-22 02:00:00,19.57,93.06,2.91,71.68
2024-12-22 03:00:00,21.58,83.32,2.8,194.8
2024-12-22 04:00:00,23.96,73.59,1.62,326.52
2024-12-22 05:00:00,25.64,68.51,1.5,462.08
2024-12-22 06:00:00,26.79,65.44,2.06,584.33
2024-12-22 07:00:00,27.51,63.77,2.67,480.52
2024-12-22 08:00:00,27.7,63.25,3.2,421.5
2024-12-22 09:00:00,27.33,64.26,3.63,312.83
2024-12-22 10:00:00,26.26,68.29,3.97,196.12
2024-12-22 11:00:00,24.9,74.61,4.0,81.15
2024-12-22 12:00:00,23.02,85.55,2.89,8.57
2024-12-22 13:00:00,22.08,90.51,2.49,0.0
2024-12-22 14:00:00,21.63,92.42,2.22,0.0
2024-12-22 15:00:00,21.29,93.39,2.01,0.0
2024-12-22 16:00:00,20.99,94.13,1.89,0.0
2024-12-22 17:00:00,20.72,95.24,1.87,0.0
2024-12-22 18:00:00,20.46,96.42,1.88,0.0
2024-12-22 19:00:00,20.24,97.51,1.91,0.0
2024-12-22 20:00:00,20.03,98.56,1.96,0.0
2024-12-22 21:00:00,19.86,99.31,1.96,0.0
2024-12-22 22:00:00,19.72,99.7,1.91,0.0
2024-12-22 23:00:00,19.62,99.86,1.85,0.0
2024-12-23 00:00:00,19.54,99.86,1.77,0.0
2024-12-23 01:00:00,19.49,99.68,1.69,0.0
2024-12-23 02:00:00,20.68,94.62,1.67,52.62
2024-12-23 03:00:00,22.2,86.55,1.59,168.55
2024-12-23 04:00:00,23.86,78.29,1.49,304.25
2024-12-23 05:00:00,25.07,72.59,1.74,459.98
2024-12-23 06:00:00,26.03,69.07,2.27,543.47
2024-12-23 07:00:00,26.56,67.0,2.94,462.83
2024-12-23 08:00:00,26.76,66.01,3.54,466.9
2024-12-23 09:00:00,26.51,66.08,3.87,353.83
2024-12-23 10:00:00,25.62,68.92,4.15,199.75
2024-12-23 11:00:00,24.25,74.57,4.27,78.65
2024-12-23 12:00:00,22.54,83.07,3.57,7.75
2024-12-23 13:00:00,21.51,88.03,3.26,0.0
2024-12-23 14:00:00,20.84,90.51,3.0,0.0
2024-12-23 15:00:00,20.29,91.89,2.9,0.0
2024-12-23 16:00:00,19.85,92.81,2.82,0.0
2024-12-23 17:00:00,19.48,93.43,2.76,0.0
2024-12-23 18:00:00,19.2,93.83,2.79,0.0
2024-12-23 19:00:00,18.97,94.07,2.8,0.0
2024-12-23 20:00:00,18.74,94.37,2.76,0.0
2024-12-23 21:00:00,18.51,94.73,2.68,0.0
2024-12-23 22:00:00,18.11,95.82,2.59,0.0
2024-12-23 23:00:00,17.8,96.55,2.58,0.0
2024-12-24 00:00:00,17.59,97.01,2.59,0.0
2024-12-24 01:00:00,17.49,97.13,2.56,0.0
2024-12-24 02:00:00,19.24,89.23,3.03,57.2
2024-12-24 03:00:00,21.5,77.77,3.03,173.95
2024-12-24 04:00:00,24.08,66.99,2.33,328.73
2024-12-24 05:00:00,25.96,61.98,1.31,452.8
2024-12-24 06:00:00,27.29,59.17,0.47,520.45
2024-12-24 07:00:00,28.05,58.37,1.52,452.0
2024-12-24 08:00:00,28.14,58.18,2.61,412.95
2024-12-24 09:00:00,27.51,59.77,3.31,306.98
2024-12-24 10:00:00,26.63,61.72,3.99,185.7
2024-12-24 11:00:00,25.03,67.35,4.39,71.25
2024-12-24 12:00:00,22.54,76.61,3.88,7.72
2024-12-24 13:00:00,21.16,79.26,3.67,0.0
2024-12-24 14:00:00,20.39,80.0,3.45,0.0
2024-12-24 15:00:00,19.75,81.21,3.29,0.0
2024-12-24 16:00:00,19.2,82.7,3.17,0.0
2024-12-24 17:00:00,18.64,84.39,3.02,0.0
2024-12-24 18:00:00,18.13,85.95,2.85,0.0
2024-12-24 19:00:00,17.66,87.55,2.69,0.0
2024-12-24 20:00:00,17.31,88.91,2.58,0.0
2024-12-24 21:00:00,17.06,90.21,2.53,0.0
2024-12-24 22:00:00,16.9,91.43,2.54,0.0
2024-12-24 23:00:00,16.81,92.96,2.55,0.0
2024-12-25 00:00:00,16.77,94.97,2.58,0.0
2024-12-25 01:00:00,16.75,97.32,2.61,0.0
2024-12-25 02:00:00,18.77,90.16,2.85,58.3
2024-12-25 03:00:00,20.9,81.31,2.94,186.2
2024-12-25 04:00:00,24.13,65.52,2.16,347.0
2024-12-25 05:00:00,26.62,56.94,1.48,411.15
2024-12-25 06:00:00,28.21,53.36,1.0,566.08
2024-12-25 07:00:00,29.18,50.81,0.99,587.8
2024-12-25 08:00:00,29.54,49.94,1.34,539.6
2024-12-25 09:00:00,29.27,51.05,1.7,426.75
2024-12-25 10:00:00,28.46,54.31,2.06,268.85
2024-12-25 11:00:00,26.67,63.85,2.54,106.62
2024-12-25 12:00:00,23.56,76.36,2.89,9.15
2024-12-25 13:00:00,22.04,80.35,3.23,0.0
2024-12-25 14:00:00,21.28,83.0,3.23,0.0
2024-12-25 15:00:00,20.69,85.09,3.08,0.0
2024-12-25 16:00:00,20.14,86.86,2.9,0.0
2024-12-25 17:00:00,19.62,88.3,2.72,0.0
2024-12-25 18:00:00,19.15,89.61,2.54,0.0
2024-12-25 19:00:00,18.74,90.65,2.41,0.0
2024-12-25 20:00:00,18.41,91.3,2.31,0.0
2024-12-25 21:00:00,18.19,91.48,2.25,0.0
2024-12-25 22:00:00,18.07,91.24,2.25,0.0
2024-12-25 23:00:00,17.97,90.53,2.39,0.0
2024-12-26 00:00:00,17.84,89.92,2.65,0.0
2024-12-26 01:00:00,17.92,89.38,2.84,0.0
2024-12-26 02:00:00,19.75,83.74,3.05,53.62
2024-12-26 03:00:00,21.82,75.06,3.45,179.9
2024-12-26 04:00:00,25.01,63.9,2.89,349.05
2024-12-26 05:00:00,27.34,57.81,2.53,493.55
2024-12-26 06:00:00,28.54,55.89,2.43,547.3
2024-12-26 07:00:00,29.25,54.79,2.44,630.8
2024-12-26 08:00:00,29.44,54.87,2.46,550.72
2024-12-26 09:00:00,29.14,55.99,2.4,450.65
2024-12-26 10:00:00,28.3,59.1,2.39,290.38
2024-12-26 11:00:00,26.78,66.99,2.59,121.28
2024-12-26 12:00:00,24.07,79.74,2.83,12.75
2024-12-26 13:00:00,22.72,84.06,3.21,0.0
2024-12-26 14:00:00,22.03,87.11,3.04,0.0
2024-12-26 15:00:00,21.44,89.72,2.64,0.0
2024-12-26 16:00:00,20.93,91.3,2.45,0.0
2024-12-26 17:00:00,20.5,92.22,2.41,0.0
2024-12-26 18:00:00,20.11,93.03,2.42,0.0
2024-12-26 19:00:00,19.74,93.91,2.46,0.0
2024-12-26 20:00:00,19.42,94.64,2.5,0.0
2024-12-26 21:00:00,19.15,95.06,2.46,0.0
2024-12-26 22:00:00,18.96,94.88,2.44,0.0
2024-12-26 23:00:00,18.83,94.07,2.49,0.0
2024-12-27 00:00:00,18.66,93.13,2.58,0.0
2024-12-27 01:00:00,18.51,93.11,2.66,0.0
2024-12-27 02:00:00,20.68,85.81,2.85,54.5
2024-12-27 03:00:00,23.19,76.31,2.69,178.25
2024-12-27 04:00:00,26.49,66.32,2.1,357.88
2024-12-27 05:00:00,28.27,62.0,2.28,508.27
2024-12-27 06:00:00,29.05,60.7,2.66,593.38
2024-12-27 07:00:00,29.39,60.58,2.93,658.7
2024-12-27 08:00:00,29.31,61.14,3.04,606.47
2024-12-27 09:00:00,28.77,62.99,3.05,482.2
2024-12-27 10:00:00,28.05,65.46,3.06,315.75
2024-12-27 11:00:00,26.85,70.56,3.08,134.45
2024-12-27 12:00:00,24.5,81.89,2.86,13.27
2024-12-27 13:00:00,23.25,86.09,3.13,0.0
2024-12-27 14:00:00,22.6,88.45,2.98,0.0
2024-12-27 15:00:00,22.09,90.2,2.71,0.0
2024-12-27 16:00:00,21.68,91.17,2.54,0.0
2024-12-27 17:00:00,21.31,91.74,2.44,0.0
2024-12-27 18:00:00,20.97,92.11,2.38,0.0
2024-12-27 19:00:00,20.66,92.29,2.36,0.0
2024-12-27 20:00:00,20.36,92.44,2.37,0.0
2024-12-27 21:00:00,20.06,92.69,2.34,0.0
2024-12-27 22:00:00,19.75,93.43,2.36,0.0
2024-12-27 23:00:00,19.55,94.32,2.41,0.0
2024-12-28 00:00:00,19.44,95.37,2.44,0.0
2024-12-28 01:00:00,19.42,96.54,2.39,0.0
2024-12-28 02:00:00,21.41,90.23,2.51,62.35
2024-12-28 03:00:00,23.8,79.44,2.21,186.57
2024-12-28 04:00:00,26.89,65.85,1.62,323.98
2024-12-28 05:00:00,28.8,60.46,1.65,420.4
2024-12-28 06:00:00,29.66,58.85,1.88,567.38
2024-12-28 07:00:00,30.1,58.2,2.04,611.65
2024-12-28 08:00:00,30.2,58.21,2.21,585.08
2024-12-28 09:00:00,29.89,59.17,2.35,472.05
2024-12-28 10:00:00,29.18,61.47,2.52,308.15
2024-12-28 11:00:00,27.78,67.34,2.8,133.7
2024-12-28 12:00:00,25.12,78.29,3.0,13.32
2024-12-28 13:00:00,23.64,80.63,3.37,0.0
2024-12-28 14:00:00,22.8,81.75,3.21,0.0
2024-12-28 15:00:00,22.12,83.46,2.82,0.0
2024-12-28 16:00:00,21.61,85.0,2.57,0.0
2024-12-28 17:00:00,21.24,86.12,2.52,0.0
2024-12-28 18:00:00,20.96,86.94,2.56,0.0
2024-12-28 19:00:00,20.67,87.95,2.66,0.0
2024-12-28 20:00:00,20.4,88.92,2.77,0.0
2024-12-28 21:00:00,20.14,89.76,2.86,0.0
2024-12-28 22:00:00,19.95,90.33,2.94,0.0
2024-12-28 23:00:00,19.75,91.0,3.01,0.0
2024-12-29 00:00:00,19.6,91.42,3.08,0.0
2024-12-29 01:00:00,19.49,91.78,3.2,0.0
2024-12-29 02:00:00,20.97,85.3,4.38,81.9
2024-12-29 03:00:00,23.04,78.51,4.28,262.35
2024-12-29 04:00:00,26.68,65.24,4.02,405.23
2024-12-29 05:00:00,29.24,56.48,3.55,454.77
2024-12-29 06:00:00,30.54,52.4,2.95,639.75
2024-12-29 07:00:00,31.34,49.46,2.03,620.47
2024-12-29 08:00:00,31.72,47.14,1.0,565.8
2024-12-29 09:00:00,31.51,46.16,0.46,504.4
2024-12-29 10:00:00,31.1,46.64,0.65,339.15
2024-12-29 11:00:00,30.19,50.8,1.15,142.38
2024-12-29 12:00:00,27.13,71.21,1.92,11.48
2024-12-29 13:00:00,25.48,74.44,2.58,0.0
2024-12-29 14:00:00,24.19,77.58,2.93,0.0
2024-12-29 15:00:00,23.29,80.57,3.06,0.0
2024-12-29 16:00:00,22.56,83.25,3.06,0.0
2024-12-29 17:00:00,21.97,84.55,3.06,0.0
2024-12-29 18:00:00,21.48,84.73,3.06,0.0
2024-12-29 19:00:00,21.08,84.37,3.07,0.0
2024-12-29 20:00:00,20.73,83.88,3.16,0.0
2024-12-29 21:00:00,20.42,83.4,3.36,0.0
2024-12-29 22:00:00,20.15,83.03,3.8,0.0
2024-12-29 23:00:00,19.96,82.8,4.46,0.0
2024-12-30 00:00:00,19.76,83.32,5.03,0.0
2024-12-30 01:00:00,19.45,85.0,5.22,0.0
2024-12-30 02:00:00,20.4,81.47,5.91,73.57
2024-12-30 03:00:00,22.69,73.93,5.26,238.62
2024-12-30 04:00:00,26.21,62.43,4.85,316.12
2024-12-30 05:00:00,29.55,49.64,3.71,492.3
2024-12-30 06:00:00,31.12,44.5,1.98,643.65
2024-12-30 07:00:00,31.72,42.93,0.85,643.03
2024-12-30 08:00:00,31.87,42.79,0.18,636.72
2024-12-30 09:00:00,31.73,43.06,0.62,470.0
2024-12-30 10:00:00,31.26,44.59,1.11,309.9
2024-12-30 11:00:00,30.16,49.41,1.53,134.02
2024-12-30 12:00:00,26.64,69.46,2.1,14.25
2024-12-30 13:00:00,24.7,73.38,2.75,0.0
2024-12-30 14:00:00,23.7,76.64,3.05,0.0
2024-12-30 15:00:00,22.85,80.67,3.1,0.0
2024-12-30 16:00:00,22.16,83.66,3.06,0.0
2024-12-30 17:00:00,21.59,84.63,3.04,0.0
2024-12-30 18:00:00,21.1,84.04,3.03,0.0
2024-12-30 19:00:00,20.67,82.86,3.06,0.0
2024-12-30 20:00:00,20.32,81.56,3.12,0.0
2024-12-30 21:00:00,20.05,80.61,3.23,0.0
2024-12-30 22:00:00,19.79,79.86,3.44,0.0
2024-12-30 23:00:00,19.52,79.2,3.71,0.0
2024-12-31 00:00:00,19.27,78.5,4.13,0.0
2024-12-31 01:00:00,19.06,78.07,4.56,0.0
2024-12-31 02:00:00,20.4,72.17,5.67,72.68
2024-12-31 03:00:00,22.71,65.53,5.38,237.7
2024-12-31 04:00:00,26.14,57.56,4.32,416.8
2024-12-31 05:00:00,30.04,44.35,3.53,456.02
2024-12-31 06:00:00,31.88,39.09,2.61,646.85
2024-12-31 07:00:00,32.62,37.73,1.74,662.8
2024-12-31 08:00:00,32.93,36.91,0.86,627.7
2024-12-31 09:00:00,32.68,37.5,0.72,486.85
2024-12-31 10:00:00,31.86,40.82,1.66,324.12
2024-12-31 11:00:00,30.12,48.83,2.21,143.57
2024-12-31 12:00:00,26.16,69.7,2.63,15.5
2024-12-31 13:00:00,24.46,73.26,3.15,0.0
2024-12-31 14:00:00,23.56,77.3,3.3,0.0
2024-12-31 15:00:00,22.84,80.22,3.29,0.0
2024-12-31 16:00:00,22.25,80.6,3.31,0.0
2024-12-31 17:00:00,21.74,80.0,3.31,0.0
2024-12-31 18:00:00,21.24,79.46,3.37,0.0
2024-12-31 19:00:00,20.73,79.75,3.48,0.0
2024-12-31 20:00:00,20.28,80.09,3.73,0.0
2024-12-31 21:00:00,19.87,80.46,3.97,0.0
2024-12-31 22:00:00,19.47,81.26,4.18,0.0
2024-12-31 23:00:00,19.08,82.25,4.25,0.0
2025-01-01 00:00:00,18.67,83.46,4.15,0.0
2025-01-01 01:00:00,18.33,84.65,4.01,0.0
2025-01-01 02:00:00,19.75,77.82,4.85,78.62
2025-01-01 03:00:00,22.03,69.68,4.68,254.43
2025-01-01 04:00:00,25.64,57.74,4.72,390.33
2025-01-01 05:00:00,29.06,47.36,4.34,494.12
2025-01-01 06:00:00,30.56,44.89,3.2,673.33
2025-01-01 07:00:00,31.36,43.63,2.39,687.95
2025-01-01 08:00:00,31.9,42.06,1.71,627.03
2025-01-01 09:00:00,31.99,41.24,1.12,512.35
2025-01-01 10:00:00,31.57,42.77,1.3,346.48
2025-01-01 11:00:00,30.11,50.68,1.79,157.75
2025-01-01 12:00:00,26.29,70.59,2.39,17.35
2025-01-01 13:00:00,24.49,74.0,2.87,0.0
2025-01-01 14:00:00,23.49,78.77,2.96,0.0
2025-01-01 15:00:00,22.64,83.49,2.78,0.0
2025-01-01 16:00:00,21.98,86.08,2.56,0.0
2025-01-01 17:00:00,21.58,85.98,2.36,0.0
2025-01-01 18:00:00,21.16,85.16,2.31,0.0
2025-01-01 19:00:00,20.47,85.34,2.64,0.0
2025-01-01 20:00:00,19.84,84.53,3.06,0.0
2025-01-01 21:00:00,19.33,82.2,3.43,0.0
2025-01-01 22:00:00,18.9,78.81,3.93,0.0
2025-01-01 23:00:00,18.57,75.55,4.49,0.0
2025-01-02 00:00:00,18.28,73.94,4.94,0.0
2025-01-02 01:00:00,18.0,73.6,5.23,0.0
2025-01-02 02:00:00,19.36,67.86,6.03,96.45
2025-01-02 03:00:00,21.92,61.15,5.45,294.45
2025-01-02 04:00:00,25.34,55.45,3.98,498.08
2025-01-02 05:00:00,29.74,41.57,3.39,574.35
2025-01-02 06:00:00,31.68,34.66,3.13,729.28
2025-01-02 07:00:00,32.53,31.47,3.08,752.42
2025-01-02 08:00:00,33.0,29.37,3.04,696.08
2025-01-02 09:00:00,33.01,28.89,2.89,574.05
2025-01-02 10:00:00,32.76,29.23,2.59,398.08
2025-01-02 11:00:00,31.0,39.36,1.99,191.95
2025-01-02 12:00:00,27.01,54.4,2.15,22.3
2025-01-02 13:00:00,24.35,60.98,2.71,0.0
2025-01-02 14:00:00,23.0,66.72,2.89,0.0
2025-01-02 15:00:00,22.14,69.08,2.93,0.0
2025-01-02 16:00:00,21.09,69.92,3.25,0.0
2025-01-02 17:00:00,19.97,67.55,3.82,0.0
2025-01-02 18:00:00,19.03,62.76,4.45,0.0
2025-01-02 19:00:00,18.31,59.42,5.16,0.0
2025-01-02 20:00:00,17.69,58.38,5.72,0.0
2025-01-02 21:00:00,17.02,59.41,5.95,0.0
2025-01-02 22:00:00,16.43,61.07,6.0,0.0
2025-01-02 23:00:00,15.78,63.85,5.94,0.0
2025-01-03 00:00:00,15.3,65.33,5.95,0.0
2025-01-03 01:00:00,14.93,66.12,5.88,0.0
2025-01-03 02:00:00,16.42,60.68,6.46,105.15
2025-01-03 03:00:00,19.51,52.4,6.08,313.45
2025-01-03 04:00:00,23.63,45.5,4.81,425.5
2025-01-03 05:00:00,28.45,32.55,4.85,672.65
2025-01-03 06:00:00,30.83,28.04,3.8,769.72
2025-01-03 07:00:00,32.05,26.09,2.9,783.83
2025-01-03 08:00:00,32.67,25.33,2.42,728.05
2025-01-03 09:00:00,32.73,25.44,2.2,608.62
2025-01-03 10:00:00,32.38,26.92,2.03,426.7
2025-01-03 11:00:00,30.78,35.81,1.65,210.82
2025-01-03 12:00:00,26.55,52.54,1.96,23.27
2025-01-03 13:00:00,23.61,59.76,2.72,0.0
2025-01-03 14:00:00,22.08,64.96,3.1,0.0
2025-01-03 15:00:00,21.07,68.56,3.14,0.0
2025-01-03 16:00:00,20.3,69.29,3.16,0.0
2025-01-03 17:00:00,19.56,67.48,3.3,0.0
2025-01-03 18:00:00,18.67,64.41,3.62,0.0
2025-01-03 19:00:00,17.76,61.27,4.03,0.0
2025-01-03 20:00:00,17.06,58.85,4.44,0.0
2025-01-03 21:00:00,16.51,57.78,4.92,0.0
2025-01-03 22:00:00,16.06,57.8,5.37,0.0
2025-01-03 23:00:00,15.69,58.39,5.66,0.0
2025-01-04 00:00:00,15.37,59.44,5.79,0.0
2025-01-04 01:00:00,15.09,60.85,5.78,0.0
2025-01-04 02:00:00,16.86,55.65,6.45,101.72
2025-01-04 03:00:00,19.88,49.73,5.66,310.2
2025-01-04 04:00:00,23.69,45.41,4.1,517.0
2025-01-04 05:00:00,28.51,32.91,4.16,659.97
2025-01-04 06:00:00,31.27,26.31,2.84,771.58
2025-01-04 07:00:00,32.38,23.83,1.38,797.15
2025-01-04 08:00:00,32.64,23.55,0.94,738.25
2025-01-04 09:00:00,32.34,24.23,1.02,602.3
2025-01-04 10:00:00,31.54,27.06,1.23,421.92
2025-01-04 11:00:00,29.71,34.46,1.6,205.52
2025-01-04 12:00:00,24.6,59.29,2.56,25.02
2025-01-04 13:00:00,22.3,64.52,3.1,0.0
2025-01-04 14:00:00,21.19,71.06,3.13,0.0
2025-01-04 15:00:00,20.32,76.34,3.03,0.0
2025-01-04 16:00:00,19.58,79.81,2.94,0.0
2025-01-04 17:00:00,18.92,81.2,2.92,0.0
2025-01-04 18:00:00,18.37,80.49,2.84,0.0
2025-01-04 19:00:00,18.02,77.56,2.67,0.0
2025-01-04 20:00:00,17.78,73.31,2.54,0.0
2025-01-04 21:00:00,17.62,69.44,2.52,0.0
2025-01-04 22:00:00,17.62,67.52,2.61,0.0
2025-01-04 23:00:00,17.54,65.56,2.79,0.0
2025-01-05 00:00:00,17.41,63.65,2.89,0.0
2025-01-05 01:00:00,17.17,62.89,2.9,0.0
2025-01-05 02:00:00,18.94,63.09,2.62,67.57
2025-01-05 03:00:00,21.81,45.62,2.94,232.98
2025-01-05 04:00:00,24.61,37.6,1.36,415.92
2025-01-05 05:00:00,26.96,32.62,0.78,571.3
2025-01-05 06:00:00,28.67,29.7,0.38,648.38
2025-01-05 07:00:00,30.3,27.52,1.11,588.6
2025-01-05 08:00:00,31.0,26.87,1.62,511.83
2025-01-05 09:00:00,30.95,27.98,1.89,430.9
2025-01-05 10:00:00,30.05,32.33,2.27,276.8
2025-01-05 11:00:00,27.8,43.24,2.71,131.73
2025-01-05 12:00:00,23.48,63.86,3.1,16.5
2025-01-05 13:00:00,21.67,71.16,3.42,0.0
2025-01-05 14:00:00,20.88,75.48,3.49,0.0
2025-01-05 15:00:00,20.3,78.5,3.38,0.0
2025-01-05 16:00:00,19.7,81.16,3.1,0.0
2025-01-05 17:00:00,19.21,82.88,2.85,0.0
2025-01-05 18:00:00,18.76,83.88,2.62,0.0
2025-01-05 19:00:00,18.39,83.99,2.42,0.0
2025-01-05 20:00:00,17.85,83.82,2.34,0.0
2025-01-05 21:00:00,17.41,84.0,2.38,0.0
2025-01-05 22:00:00,17.02,83.96,2.43,0.0
2025-01-05 23:00:00,16.61,83.41,2.53,0.0
2025-01-06 00:00:00,16.27,82.62,2.66,0.0
2025-01-06 01:00:00,16.0,81.75,2.75,0.0
2025-01-06 02:00:00,18.19,75.26,2.59,81.4
2025-01-06 03:00:00,21.12,57.3,3.2,272.02
2025-01-06 04:00:00,24.05,45.58,3.63,361.65
2025-01-06 05:00:00,26.62,38.15,3.77,471.08
2025-01-06 06:00:00,28.31,34.81,3.56,654.88
2025-01-06 07:00:00,29.38,33.57,3.44,718.83
2025-01-06 08:00:00,29.96,33.07,3.37,677.33
2025-01-06 09:00:00,30.08,32.74,3.29,545.85
2025-01-06 10:00:00,29.56,34.41,3.28,373.27
2025-01-06 11:00:00,27.46,44.29,3.15,174.45
2025-01-06 12:00:00,23.16,58.29,3.61,21.38
2025-01-06 13:00:00,21.15,62.15,3.97,0.0
2025-01-06 14:00:00,20.01,65.1,3.86,0.0
2025-01-06 15:00:00,18.99,66.94,3.67,0.0
2025-01-06 16:00:00,18.01,68.12,3.49,0.0
2025-01-06 17:00:00,17.15,69.55,3.36,0.0
2025-01-06 18:00:00,16.47,71.5,3.26,0.0
2025-01-06 19:00:00,16.03,73.52,3.24,0.0
2025-01-06 20:00:00,15.71,75.45,3.25,0.0
2025-01-06 21:00:00,15.4,77.49,3.33,0.0
2025-01-06 22:00:00,15.1,79.54,3.43,0.0
2025-01-06 23:00:00,14.86,81.17,3.56,0.0
2025-01-07 00:00:00,14.72,82.05,3.7,0.0
2025-01-07 01:00:00,14.7,82.03,3.91,0.0
2025-01-07 02:00:00,17.03,71.97,5.07,80.7
2025-01-07 03:00:00,19.82,62.6,5.09,268.85
2025-01-07 04:00:00,23.62,51.93,4.24,366.85
2025-01-07 05:00:00,27.75,38.62,3.81,527.15
2025-01-07 06:00:00,30.04,33.67,2.96,710.97
2025-01-07 07:00:00,31.23,30.75,2.22,684.92
2025-01-07 08:00:00,31.76,28.95,1.76,626.47
2025-01-07 09:00:00,31.67,28.36,1.59,509.7
2025-01-07 10:00:00,31.15,30.04,1.5,343.25
2025-01-07 11:00:00,29.6,40.44,1.3,158.95
2025-01-07 12:00:00,26.55,51.19,1.69,20.05
2025-01-07 13:00:00,24.54,56.18,2.15,0.0
2025-01-07 14:00:00,22.93,62.45,2.52,0.0
2025-01-07 15:00:00,21.42,65.88,3.19,0.0
2025-01-07 16:00:00,20.32,65.78,3.9,0.0
2025-01-07 17:00:00,19.52,63.66,4.8,0.0
2025-01-07 18:00:00,18.91,61.89,5.98,0.0
2025-01-07 19:00:00,18.17,63.05,6.57,0.0
2025-01-07 20:00:00,17.47,65.39,6.71,0.0
2025-01-07 21:00:00,16.89,67.56,6.56,0.0
2025-01-07 22:00:00,16.4,69.36,6.44,0.0
2025-01-07 23:00:00,16.0,70.74,6.35,0.0
2025-01-08 00:00:00,15.68,71.54,6.24,0.0
2025-01-08 01:00:00,15.45,71.85,6.14,0.0
2025-01-08 02:00:00,16.59,66.78,6.62,75.53
2025-01-08 03:00:00,19.32,58.35,6.28,261.25
2025-01-08 04:00:00,23.39,48.26,5.64,456.48
2025-01-08 05:00:00,27.46,37.49,5.08,612.7
2025-01-08 06:00:00,29.56,33.85,3.81,709.83
2025-01-08 07:00:00,30.67,31.62,2.43,698.47
2025-01-08 08:00:00,31.15,29.99,1.38,641.28
2025-01-08 09:00:00,31.07,29.72,0.65,534.33
2025-01-08 10:00:00,30.53,30.89,0.06,365.5
2025-01-08 11:00:00,29.21,38.73,0.47,171.55
2025-01-08 12:00:00,26.25,51.5,1.25,21.75
2025-01-08 13:00:00,23.84,58.96,1.93,0.0
2025-01-08 14:00:00,22.28,64.61,2.34,0.0
2025-01-08 15:00:00,21.22,67.81,2.57,0.0
2025-01-08 16:00:00,20.37,69.27,2.78,0.0
2025-01-08 17:00:00,19.47,69.38,3.11,0.0
2025-01-08 18:00:00,18.56,67.61,3.59,0.0
2025-01-08 19:00:00,17.79,63.19,4.13,0.0
2025-01-08 20:00:00,17.2,58.42,4.93,0.0
2025-01-08 21:00:00,16.75,55.66,5.87,0.0
2025-01-08 22:00:00,16.13,56.24,6.48,0.0
2025-01-08 23:00:00,15.53,58.08,6.88,0.0
2025-01-09 00:00:00,15.07,60.13,7.01,0.0
2025-01-09 01:00:00,14.74,61.76,7.03,0.0
2025-01-09 02:00:00,15.94,58.03,7.47,71.95
2025-01-09 03:00:00,19.13,50.23,6.98,235.38
2025-01-09 04:00:00,23.34,42.65,6.13,435.08
2025-01-09 05:00:00,27.79,31.59,5.92,607.83
2025-01-09 06:00:00,29.89,28.06,4.04,706.92
2025-01-09 07:00:00,30.78,26.78,2.82,715.45
2025-01-09 08:00:00,31.16,26.07,2.21,656.55
2025-01-09 09:00:00,30.99,25.96,1.76,541.38
2025-01-09 10:00:00,30.44,27.29,1.23,368.35
2025-01-09 11:00:00,29.23,34.36,0.69,173.7
2025-01-09 12:00:00,27.34,38.55,0.07,22.62
2025-01-09 13:00:00,25.82,41.62,0.59,0.0
2025-01-09 14:00:00,24.19,48.91,1.03,0.0
2025-01-09 15:00:00,22.77,54.3,1.57,0.0
2025-01-09 16:00:00,21.03,60.96,2.28,0.0
2025-01-09 17:00:00,19.6,64.0,2.85,0.0
2025-01-09 18:00:00,18.58,63.64,3.26,0.0
2025-01-09 19:00:00,17.77,62.01,3.65,0.0
2025-01-09 20:00:00,17.2,60.52,3.98,0.0
2025-01-09 21:00:00,16.86,59.66,4.22,0.0
2025-01-09 22:00:00,16.6,59.37,4.44,0.0
2025-01-09 23:00:00,16.45,59.09,4.78,0.0
2025-01-10 00:00:00,16.26,59.76,4.95,0.0
2025-01-10 01:00:00,15.96,62.38,5.02,0.0
2025-01-10 02:00:00,17.55,59.16,5.84,59.97
2025-01-10 03:00:00,19.98,55.39,5.96,213.2
2025-01-10 04:00:00,23.63,50.31,5.31,242.1
2025-01-10 05:00:00,27.62,41.67,4.69,412.98
2025-01-10 06:00:00,29.71,37.95,3.85,647.62
2025-01-10 07:00:00,30.69,36.36,3.27,637.55
2025-01-10 08:00:00,31.04,36.09,2.87,585.12
2025-01-10 09:00:00,30.85,36.75,2.47,465.73
2025-01-10 10:00:00,30.2,39.06,2.09,300.8
2025-01-10 11:00:00,28.61,48.0,1.74,136.07
2025-01-10 12:00:00,25.01,68.0,2.03,19.52
2025-01-10 13:00:00,23.44,70.76,2.21,0.0
2025-01-10 14:00:00,22.88,71.78,1.98,0.0
2025-01-10 15:00:00,22.55,71.28,1.71,0.0
2025-01-10 16:00:00,22.24,70.05,1.49,0.0
2025-01-10 17:00:00,21.75,69.54,1.51,0.0
2025-01-10 18:00:00,20.97,71.07,1.82,0.0
2025-01-10 19:00:00,20.19,72.87,2.16,0.0
2025-01-10 20:00:00,19.55,73.98,2.38,0.0
2025-01-10 21:00:00,19.41,72.28,2.26,0.0
2025-01-10 22:00:00,19.48,70.2,1.96,0.0
2025-01-10 23:00:00,19.62,67.72,1.52,0.0
2025-01-11 00:00:00,19.35,68.06,1.35,0.0
2025-01-11 01:00:00,19.0,69.48,1.53,0.0
2025-01-11 02:00:00,19.85,74.42,1.66,58.33
2025-01-11 03:00:00,22.17,58.55,1.99,200.3
2025-01-11 04:00:00,24.71,49.57,1.79,372.0
2025-01-11 05:00:00,26.72,43.52,1.95,448.08
2025-01-11 06:00:00,28.07,40.3,2.52,607.7
2025-01-11 07:00:00,28.81,39.72,3.31,622.12
2025-01-11 08:00:00,28.93,40.12,3.88,574.12
2025-01-11 09:00:00,28.59,41.38,4.07,470.35
2025-01-11 10:00:00,27.69,43.77,3.95,309.17
2025-01-11 11:00:00,26.03,50.59,3.61,139.15
2025-01-11 12:00:00,22.81,67.95,2.81,20.1
2025-01-11 13:00:00,21.19,75.44,2.87,0.0
2025-01-11 14:00:00,20.49,79.43,2.88,0.0
2025-01-11 15:00:00,19.94,82.56,2.85,0.0
2025-01-11 16:00:00,19.46,84.94,2.8,0.0
2025-01-11 17:00:00,19.04,86.32,2.75,0.0
2025-01-11 18:00:00,18.59,87.36,2.74,0.0
2025-01-11 19:00:00,18.12,87.73,2.77,0.0
2025-01-11 20:00:00,17.66,87.66,2.86,0.0
2025-01-11 21:00:00,17.21,86.99,2.93,0.0
2025-01-11 22:00:00,16.87,85.64,2.97,0.0
2025-01-11 23:00:00,16.62,84.26,2.99,0.0
2025-01-12 00:00:00,16.41,83.48,2.99,0.0
2025-01-12 01:00:00,16.27,83.08,3.01,0.0
2025-01-12 02:00:00,18.53,73.87,3.29,61.3
2025-01-12 03:00:00,21.06,62.28,3.65,220.35
2025-01-12 04:00:00,25.08,47.74,3.45,325.2
2025-01-12 05:00:00,27.81,40.83,2.68,509.88
2025-01-12 06:00:00,29.23,38.89,1.79,639.17
2025-01-12 07:00:00,30.2,37.1,1.45,578.38
2025-01-12 08:00:00,30.66,36.31,1.86,532.6
2025-01-12 09:00:00,30.44,36.6,2.54,423.5
2025-01-12 10:00:00,29.61,38.68,3.12,273.42
2025-01-12 11:00:00,27.71,47.66,3.13,122.15
2025-01-12 12:00:00,23.91,63.52,3.21,18.02
2025-01-12 13:00:00,22.08,67.72,3.64,0.0
2025-01-12 14:00:00,21.05,69.57,3.68,0.0
2025-01-12 15:00:00,20.12,70.01,3.6,0.0
2025-01-12 16:00:00,19.22,69.41,3.48,0.0
2025-01-12 17:00:00,18.49,69.05,3.38,0.0
2025-01-12 18:00:00,18.01,69.81,3.38,0.0
2025-01-12 19:00:00,17.72,71.3,3.52,0.0
2025-01-12 20:00:00,17.51,73.09,3.83,0.0
2025-01-12 21:00:00,17.35,75.09,4.38,0.0
2025-01-12 22:00:00,17.27,77.07,5.13,0.0
2025-01-12 23:00:00,17.1,79.47,5.58,0.0
2025-01-13 00:00:00,16.86,81.81,5.84,0.0
2025-01-13 01:00:00,16.7,83.63,6.1,0.0
2025-01-13 02:00:00,17.81,79.66,6.73,55.85
2025-01-13 03:00:00,20.92,69.21,6.67,203.52
2025-01-13 04:00:00,25.05,57.02,6.64,252.98
2025-01-13 05:00:00,28.23,49.08,6.07,427.58
2025-01-13 06:00:00,30.1,45.3,4.8,569.12
2025-01-13 07:00:00,31.3,42.76,3.54,596.53
2025-01-13 08:00:00,31.93,40.9,2.49,551.9
2025-01-13 09:00:00,32.12,39.38,1.49,440.9
2025-01-13 10:00:00,31.82,38.93,0.84,289.17
2025-01-13 11:00:00,30.75,43.84,0.74,130.52
2025-01-13 12:00:00,28.27,55.57,1.18,25.54
2025-01-13 13:00:00,26.17,60.72,1.87,0.0
2025-01-13 14:00:00,24.7,66.42,2.26,0.0
2025-01-13 15:00:00,23.65,69.04,2.46,0.0
2025-01-13 16:00:00,22.69,70.48,2.72,0.0
2025-01-13 17:00:00,21.8,71.13,3.04,0.0
2025-01-13 18:00:00,20.99,71.73,3.33,0.0
2025-01-13 19:00:00,20.3,72.16,3.58,0.0
2025-01-13 20:00:00,19.73,72.73,3.86,0.0
2025-01-13 21:00:00,19.23,73.71,4.16,0.0
2025-01-13 22:00:00,18.83,74.69,4.49,0.0
2025-01-13 23:00:00,18.47,75.44,4.79,0.0
2025-01-14 00:00:00,18.12,76.39,4.89,0.0
2025-01-14 01:00:00,17.85,76.92,4.99,0.0
2025-01-14 02:00:00,19.2,70.46,6.0,55.45
2025-01-14 03:00:00,21.73,61.78,5.52,206.25
2025-01-14 04:00:00,25.67,49.42,4.67,325.7
2025-01-14 05:00:00,29.62,39.02,3.89,486.75
2025-01-14 06:00:00,31.67,35.86,3.33,642.28
2025-01-14 07:00:00,32.47,34.92,3.09,626.42
2025-01-14 08:00:00,32.67,34.78,2.94,576.95
2025-01-14 09:00:00,32.37,35.48,2.8,470.3
2025-01-14 10:00:00,31.59,38.0,2.62,313.58
2025-01-14 11:00:00,29.91,46.45,2.18,143.65
2025-01-14 12:00:00,26.11,67.26,2.26,21.4
2025-01-14 13:00:00,24.31,72.29,2.4,0.0
2025-01-14 14:00:00,23.5,74.82,2.23,0.0
2025-01-14 15:00:00,22.97,76.17,1.9,0.0
2025-01-14 16:00:00,22.68,75.46,1.53,0.0
2025-01-14 17:00:00,22.51,74.08,1.22,0.0
2025-01-14 18:00:00,22.27,73.38,1.02,0.0
2025-01-14 19:00:00,22.06,72.98,0.96,0.0
2025-01-14 20:00:00,21.87,72.96,0.98,0.0
2025-01-14 21:00:00,21.5,74.17,1.09,0.0
2025-01-14 22:00:00,21.16,75.47,1.42,0.0
2025-01-14 23:00:00,20.59,78.45,1.91,0.0
2025-01-15 00:00:00,20.0,81.61,2.42,0.0
2025-01-15 01:00:00,19.73,83.2,2.82,0.0
2025-01-15 02:00:00,21.62,75.04,3.64,63.35
2025-01-15 03:00:00,23.76,65.03,4.43,222.98
2025-01-15 04:00:00,27.08,52.69,4.91,399.42
2025-01-15 05:00:00,29.58,47.2,4.7,551.17
2025-01-15 06:00:00,31.07,44.25,4.04,652.95
2025-01-15 07:00:00,31.78,43.36,3.43,643.22
2025-01-15 08:00:00,31.89,43.55,3.19,590.12
2025-01-15 09:00:00,31.36,44.85,3.31,465.55
2025-01-15 10:00:00,30.38,47.5,3.42,303.55
2025-01-15 11:00:00,28.67,54.21,3.44,137.55
2025-01-15 12:00:00,25.68,68.58,3.07,27.18
2025-01-15 13:00:00,23.96,74.74,3.34,0.0
2025-01-15 14:00:00,23.08,77.6,3.17,0.0
2025-01-15 15:00:00,22.42,79.36,2.84,0.0
2025-01-15 16:00:00,21.9,80.18,2.59,0.0
2025-01-15 17:00:00,21.38,81.21,2.44,0.0
2025-01-15 18:00:00,20.91,82.08,2.39,0.0
2025-01-15 19:00:00,20.47,82.71,2.45,0.0
2025-01-15 20:00:00,20.06,82.9,2.57,0.0
2025-01-15 21:00:00,19.7,83.05,2.6,0.0
2025-01-15 22:00:00,19.39,83.66,2.59,0.0
2025-01-15 23:00:00,19.12,84.36,2.59,0.0
2025-01-16 00:00:00,18.9,85.35,2.64,0.0
2025-01-16 01:00:00,18.88,86.1,2.67,0.0
2025-01-16 02:00:00,20.65,78.77,3.3,53.85
2025-01-16 03:00:00,22.75,68.91,3.52,197.93
2025-01-16 04:00:00,25.82,55.71,3.29,342.12
2025-01-16 05:00:00,28.43,48.85,2.72,493.2
2025-01-16 06:00:00,30.05,46.02,2.14,616.03
2025-01-16 07:00:00,31.09,43.88,1.65,658.85
2025-01-16 08:00:00,31.61,42.55,1.45,647.83
2025-01-16 09:00:00,31.68,41.81,1.55,498.58
2025-01-16 10:00:00,31.14,42.69,1.83,336.5
2025-01-16 11:00:00,29.69,49.24,1.97,160.07
2025-01-16 12:00:00,26.24,65.77,2.26,24.95
2025-01-16 13:00:00,24.36,67.65,2.57,0.0
2025-01-16 14:00:00,23.31,68.46,2.66,0.0
2025-01-16 15:00:00,22.49,69.37,2.76,0.0
2025-01-16 16:00:00,21.92,69.48,2.93,0.0
2025-01-16 17:00:00,21.57,69.91,3.09,0.0
2025-01-16 18:00:00,21.3,70.91,3.28,0.0
2025-01-16 19:00:00,21.13,71.99,3.52,0.0
2025-01-16 20:00:00,20.94,73.31,3.8,0.0
2025-01-16 21:00:00,20.65,74.72,4.06,0.0
2025-01-16 22:00:00,20.27,75.94,4.4,0.0
2025-01-16 23:00:00,20.02,75.71,4.92,0.0
2025-01-17 00:00:00,19.65,75.28,5.27,0.0
2025-01-17 01:00:00,19.41,73.72,5.65,0.0
2025-01-17 02:00:00,20.3,67.47,6.4,56.62
2025-01-17 03:00:00,22.44,58.49,6.3,206.73
2025-01-17 04:00:00,26.07,44.7,7.41,270.58
2025-01-17 05:00:00,29.26,36.1,7.55,426.67
2025-01-17 06:00:00,31.11,33.59,6.19,622.33
2025-01-17 07:00:00,32.25,32.1,4.78,672.58
2025-01-17 08:00:00,32.79,31.16,3.61,607.35
2025-01-17 09:00:00,32.8,30.61,2.64,511.8
2025-01-17 10:00:00,32.3,31.28,2.08,334.1
2025-01-17 11:00:00,30.93,38.66,1.65,157.07
2025-01-17 12:00:00,27.92,53.28,1.72,25.12
2025-01-17 13:00:00,25.93,56.34,2.2,0.0
2025-01-17 14:00:00,24.33,62.24,2.56,0.0
2025-01-17 15:00:00,23.22,65.02,2.81,0.0
2025-01-17 16:00:00,22.31,64.96,3.28,0.0
2025-01-17 17:00:00,21.57,63.27,3.88,0.0
2025-01-17 18:00:00,21.06,61.12,4.78,0.0
2025-01-17 19:00:00,20.66,60.07,6.11,0.0
2025-01-17 20:00:00,20.04,61.71,6.8,0.0
2025-01-17 21:00:00,19.47,64.06,6.86,0.0
2025-01-17 22:00:00,19.09,65.53,6.89,0.0
2025-01-17 23:00:00,18.82,66.08,6.89,0.0
2025-01-18 00:00:00,18.62,65.99,6.92,0.0
2025-01-18 01:00:00,18.46,65.45,7.05,0.0
2025-01-18 02:00:00,19.71,60.17,7.64,68.28
2025-01-18 03:00:00,22.75,51.23,7.43,243.62
2025-01-18 04:00:00,27.0,39.0,7.39,384.02
2025-01-18 05:00:00,29.58,33.09,6.42,514.67
2025-01-18 06:00:00,31.16,30.62,5.01,650.45
2025-01-18 07:00:00,32.18,28.79,3.93,693.72
2025-01-18 08:00:00,32.72,27.41,3.14,671.67
2025-01-18 09:00:00,32.83,26.32,2.48,552.22
2025-01-18 10:00:00,32.44,26.74,1.93,381.58
2025-01-18 11:00:00,31.25,33.48,1.29,187.68
2025-01-18 12:00:00,28.45,45.92,1.27,29.62
2025-01-18 13:00:00,26.02,51.49,1.91,0.0
2025-01-18 14:00:00,24.08,60.35,2.31,0.0
2025-01-18 15:00:00,22.73,66.56,2.59,0.0
2025-01-18 16:00:00,21.76,69.96,2.89,0.0
2025-01-18 17:00:00,21.03,70.61,3.16,0.0
2025-01-18 18:00:00,20.4,68.68,3.43,0.0
2025-01-18 19:00:00,19.78,66.39,3.7,0.0
2025-01-18 20:00:00,19.27,64.94,4.1,0.0
2025-01-18 21:00:00,18.88,64.34,4.61,0.0
2025-01-18 22:00:00,18.56,64.37,5.16,0.0
2025-01-18 23:00:00,18.25,65.1,5.6,0.0
2025-01-19 00:00:00,18.01,65.97,5.94,0.0
2025-01-19 01:00:00,17.83,66.86,6.15,0.0
2025-01-19 02:00:00,19.23,61.79,6.77,66.53
2025-01-19 03:00:00,22.13,53.51,6.02,238.1
2025-01-19 04:00:00,26.46,42.09,5.54,430.6
2025-01-19 05:00:00,30.09,33.14,4.48,526.4
2025-01-19 06:00:00,31.75,29.65,2.48,658.1
2025-01-19 07:00:00,32.73,27.12,1.38,713.88
2025-01-19 08:00:00,33.16,25.68,0.97,664.97
2025-01-19 09:00:00,33.13,25.07,0.98,566.95
2025-01-19 10:00:00,32.58,25.94,1.57,397.4
2025-01-19 11:00:00,30.73,34.02,1.99,190.5
2025-01-19 12:00:00,26.01,55.25,2.7,23.45
2025-01-19 13:00:00,23.79,59.24,3.19,0.0
2025-01-19 14:00:00,22.62,64.33,3.25,0.0
2025-01-19 15:00:00,21.68,69.21,3.1,0.0
2025-01-19 16:00:00,21.0,70.96,3.06,0.0
2025-01-19 17:00:00,20.48,69.3,3.18,0.0
2025-01-19 18:00:00,20.01,65.81,3.35,0.0
2025-01-19 19:00:00,19.48,62.99,3.53,0.0
2025-01-19 20:00:00,18.93,61.44,3.78,0.0
2025-01-19 21:00:00,18.48,59.95,4.13,0.0
2025-01-19 22:00:00,18.18,58.01,4.7,0.0
2025-01-19 23:00:00,17.94,56.81,5.26,0.0
2025-01-20 00:00:00,17.6,57.19,5.49,0.0
2025-01-20 01:00:00,17.32,57.86,5.59,0.0
2025-01-20 02:00:00,19.19,51.36,6.5,75.47
2025-01-20 03:00:00,22.19,45.06,5.75,253.05
2025-01-20 04:00:00,26.62,37.09,4.56,443.38
2025-01-20 05:00:00,30.92,28.22,3.3,609.17
2025-01-20 06:00:00,32.59,25.78,1.65,712.6
2025-01-20 07:00:00,33.45,25.16,0.77,730.53
2025-01-20 08:00:00,33.81,24.86,0.97,693.55
2025-01-20 09:00:00,33.67,24.91,1.43,568.47
2025-01-20 10:00:00,32.91,26.33,1.77,400.62
2025-01-20 11:00:00,31.18,32.85,1.83,203.3
2025-01-20 12:00:00,26.69,54.97,2.3,34.33
2025-01-20 13:00:00,24.25,59.16,2.83,0.0
2025-01-20 14:00:00,22.95,63.72,2.98,0.0
2025-01-20 15:00:00,21.91,69.32,2.9,0.0
2025-01-20 16:00:00,21.12,73.04,2.81,0.0
2025-01-20 17:00:00,20.48,74.25,2.76,0.0
2025-01-20 18:00:00,20.02,72.77,2.71,0.0
2025-01-20 19:00:00,19.72,69.54,2.67,0.0
2025-01-20 20:00:00,19.33,66.37,2.76,0.0
2025-01-20 21:00:00,18.72,64.33,3.0,0.0
2025-01-20 22:00:00,18.04,62.66,3.36,0.0
2025-01-20 23:00:00,17.49,60.74,3.68,0.0
2025-01-21 00:00:00,17.0,59.48,3.88,0.0
2025-01-21 01:00:00,16.7,58.33,4.04,0.0
2025-01-21 02:00:00,19.39,47.16,5.07,85.75
2025-01-21 03:00:00,22.45,38.38,5.22,286.42
2025-01-21 04:00:00,26.45,31.88,3.61,380.62
2025-01-21 05:00:00,30.68,24.86,1.62,608.12
2025-01-21 06:00:00,32.29,22.67,0.5,760.25
2025-01-21 07:00:00,33.24,20.97,0.88,756.08
2025-01-21 08:00:00,33.54,20.66,1.95,736.75
2025-01-21 09:00:00,33.18,21.18,2.64,591.35
2025-01-21 10:00:00,32.19,23.44,3.04,419.08
2025-01-21 11:00:00,29.93,32.31,3.08,214.75
2025-01-21 12:00:00,25.13,53.63,3.13,36.95
2025-01-21 13:00:00,22.78,63.06,3.36,0.0
2025-01-21 14:00:00,21.68,70.84,3.17,0.0
2025-01-21 15:00:00,20.84,76.05,3.01,0.0
2025-01-21 16:00:00,20.12,78.44,2.95,0.0
2025-01-21 17:00:00,19.5,78.56,2.95,0.0
2025-01-21 18:00:00,18.92,76.92,2.95,0.0
2025-01-21 19:00:00,18.4,74.19,2.9,0.0
2025-01-21 20:00:00,17.97,71.33,2.85,0.0
2025-01-21 21:00:00,17.61,68.76,2.82,0.0
2025-01-21 22:00:00,17.3,66.98,2.82,0.0
2025-01-21 23:00:00,17.04,65.73,2.86,0.0
2025-01-22 00:00:00,16.76,65.04,2.96,0.0
2025-01-22 01:00:00,16.51,64.61,3.16,0.0
2025-01-22 02:00:00,19.46,56.46,3.17,81.22
2025-01-22 03:00:00,22.97,39.58,3.98,275.25
2025-01-22 04:00:00,26.8,31.73,2.53,346.98
2025-01-22 05:00:00,30.81,24.28,1.07,504.7
2025-01-22 06:00:00,32.74,21.16,0.52,740.9
2025-01-22 07:00:00,33.59,20.55,1.1,744.58
2025-01-22 08:00:00,33.74,21.11,1.62,679.17
2025-01-22 09:00:00,33.21,23.07,2.12,575.65
2025-01-22 10:00:00,32.09,26.49,2.67,407.05
2025-01-22 11:00:00,29.76,35.94,3.23,208.98
2025-01-22 12:00:00,25.33,55.33,3.39,36.78
2025-01-22 13:00:00,23.13,63.42,3.87,0.0
2025-01-22 14:00:00,22.02,67.97,3.88,0.0
2025-01-22 15:00:00,21.09,70.79,3.66,0.0
2025-01-22 16:00:00,20.28,71.75,3.48,0.0
2025-01-22 17:00:00,19.57,71.07,3.34,0.0
2025-01-22 18:00:00,18.97,69.4,3.27,0.0
2025-01-22 19:00:00,18.47,68.06,3.25,0.0
2025-01-22 20:00:00,18.01,67.41,3.25,0.0
2025-01-22 21:00:00,17.53,67.46,3.24,0.0
2025-01-22 22:00:00,17.07,68.06,3.21,0.0
2025-01-22 23:00:00,16.63,68.83,3.21,0.0
2025-01-23 00:00:00,16.25,69.44,3.27,0.0
2025-01-23 01:00:00,16.03,69.61,3.36,0.0
2025-01-23 02:00:00,18.64,58.18,4.03,78.22
2025-01-23 03:00:00,21.59,46.89,4.09,270.2
2025-01-23 04:00:00,25.82,35.58,3.55,400.1
2025-01-23 05:00:00,29.62,29.33,2.23,595.47
2025-01-23 06:00:00,31.78,25.93,0.86,739.5
2025-01-23 07:00:00,33.06,24.72,0.5,755.78
2025-01-23 08:00:00,33.53,24.91,1.5,686.92
2025-01-23 09:00:00,33.22,26.14,2.19,572.8
2025-01-23 10:00:00,32.35,28.33,2.73,404.58
2025-01-23 11:00:00,30.25,35.86,3.18,208.07
2025-01-23 12:00:00,25.78,52.71,3.4,37.22
2025-01-23 13:00:00,23.55,57.37,4.07,0.0
2025-01-23 14:00:00,22.34,60.08,4.17,0.0
2025-01-23 15:00:00,21.28,61.94,3.94,0.0
2025-01-23 16:00:00,20.36,62.17,3.67,0.0
2025-01-23 17:00:00,19.55,62.49,3.46,0.0
2025-01-23 18:00:00,18.91,63.56,3.33,0.0
2025-01-23 19:00:00,18.46,65.04,3.32,0.0
2025-01-23 20:00:00,18.14,66.54,3.37,0.0
2025-01-23 21:00:00,17.86,68.14,3.49,0.0
2025-01-23 22:00:00,17.62,68.92,3.73,0.0
2025-01-23 23:00:00,17.4,69.02,4.08,0.0
2025-01-24 00:00:00,17.25,68.34,4.5,0.0
2025-01-24 01:00:00,17.27,67.18,5.02,0.0
2025-01-24 02:00:00,19.17,59.74,6.15,75.05
2025-01-24 03:00:00,22.3,51.9,5.31,260.95
2025-01-24 04:00:00,26.9,41.4,4.39,374.02
2025-01-24 05:00:00,31.46,30.49,3.71,570.45
2025-01-24 06:00:00,34.09,25.74,2.94,730.12
2025-01-24 07:00:00,35.19,24.58,2.56,734.42
2025-01-24 08:00:00,35.53,24.81,2.39,683.92
2025-01-24 09:00:00,35.18,25.92,2.17,611.92
2025-01-24 10:00:00,34.27,27.99,1.94,405.8
2025-01-24 11:00:00,32.22,35.58,2.01,205.6
2025-01-24 12:00:00,27.45,57.21,2.54,37.22
2025-01-24 13:00:00,24.91,63.64,2.88,0.0
2025-01-24 14:00:00,23.72,67.55,2.91,0.0
2025-01-24 15:00:00,22.82,70.69,2.94,0.0
2025-01-24 16:00:00,22.11,72.22,2.99,0.0
2025-01-24 17:00:00,21.56,72.21,3.04,0.0
2025-01-24 18:00:00,21.19,70.44,3.08,0.0
2025-01-24 19:00:00,20.96,67.7,3.2,0.0
2025-01-24 20:00:00,20.68,65.38,3.46,0.0
2025-01-24 21:00:00,20.32,63.76,3.74,0.0
2025-01-24 22:00:00,20.0,62.17,4.22,0.0
2025-01-24 23:00:00,19.77,60.72,4.99,0.0
2025-01-25 00:00:00,19.48,60.02,5.81,0.0
2025-01-25 01:00:00,19.08,60.72,6.28,0.0
2025-01-25 02:00:00,20.46,56.05,7.0,85.47
2025-01-25 03:00:00,23.82,48.62,6.05,285.05
2025-01-25 04:00:00,28.74,39.16,4.93,351.02
2025-01-25 05:00:00,33.15,30.23,3.56,567.75
2025-01-25 06:00:00,35.2,27.29,2.29,755.97
2025-01-25 07:00:00,36.0,26.51,1.53,750.05
2025-01-25 08:00:00,36.16,26.33,1.2,715.85
2025-01-25 09:00:00,35.78,26.87,1.25,584.25
2025-01-25 10:00:00,34.93,28.43,1.58,415.1
2025-01-25 11:00:00,32.98,35.61,2.04,215.52
2025-01-25 12:00:00,28.45,57.42,2.49,30.1
2025-01-25 13:00:00,25.9,66.61,2.76,0.0
2025-01-25 14:00:00,24.68,71.7,2.81,0.0
2025-01-25 15:00:00,23.8,74.62,2.88,0.0
2025-01-25 16:00:00,23.17,74.07,3.14,0.0
2025-01-25 17:00:00,22.7,71.31,3.3,0.0
2025-01-25 18:00:00,22.28,68.64,3.34,0.0
2025-01-25 19:00:00,21.83,67.0,3.34,0.0
2025-01-25 20:00:00,21.35,66.21,3.37,0.0
2025-01-25 21:00:00,20.91,65.42,3.48,0.0
2025-01-25 22:00:00,20.49,64.56,3.63,0.0
2025-01-25 23:00:00,20.09,63.62,3.82,0.0
2025-01-26 00:00:00,19.74,62.78,4.09,0.0
2025-01-26 01:00:00,19.6,61.57,4.52,0.0
2025-01-26 02:00:00,21.86,52.1,6.18,82.43
2025-01-26 03:00:00,24.73,45.06,6.09,278.4
2025-01-26 04:00:00,29.14,36.71,5.03,486.58
2025-01-26 05:00:00,33.49,26.84,4.03,601.15
2025-01-26 06:00:00,35.32,23.25,2.81,753.35
2025-01-26 07:00:00,36.1,21.55,1.88,773.85
2025-01-26 08:00:00,36.39,20.58,1.12,752.58
2025-01-26 09:00:00,36.27,20.54,0.87,608.92
2025-01-26 10:00:00,35.48,22.02,1.68,443.62
2025-01-26 11:00:00,33.27,29.4,2.42,234.4
2025-01-26 12:00:00,28.28,51.8,2.86,34.65
2025-01-26 13:00:00,25.63,62.89,3.22,0.0
2025-01-26 14:00:00,24.34,70.54,3.1,0.0
2025-01-26 15:00:00,23.44,74.46,2.91,0.0
2025-01-26 16:00:00,22.76,73.65,2.91,0.0
2025-01-26 17:00:00,22.21,70.75,2.96,0.0
2025-01-26 18:00:00,21.75,67.62,2.98,0.0
2025-01-26 19:00:00,21.36,65.18,2.92,0.0
2025-01-26 20:00:00,21.03,63.55,2.81,0.0
2025-01-26 21:00:00,20.77,62.42,2.67,0.0
2025-01-26 22:00:00,20.53,61.57,2.57,0.0
2025-01-26 23:00:00,20.31,60.89,2.51,0.0
2025-01-27 00:00:00,20.02,60.87,2.55,0.0
2025-01-27 01:00:00,19.73,61.59,2.67,0.0
2025-01-27 02:00:00,22.48,56.2,2.68,89.25
2025-01-27 03:00:00,25.69,39.76,3.32,289.5
2025-01-27 04:00:00,29.58,32.99,1.88,492.62
2025-01-27 05:00:00,33.26,26.25,1.71,664.97
2025-01-27 06:00:00,34.75,24.34,2.0,770.03
2025-01-27 07:00:00,35.61,23.07,2.24,784.55
2025-01-27 08:00:00,35.93,22.43,2.67,744.35
2025-01-27 09:00:00,35.61,22.59,3.25,621.35
2025-01-27 10:00:00,34.59,24.21,3.84,454.88
2025-01-27 11:00:00,32.13,31.27,4.23,240.9
2025-01-27 12:00:00,27.39,49.29,3.81,48.45
2025-01-27 13:00:00,24.65,60.25,3.76,0.0
2025-01-27 14:00:00,23.34,66.9,3.23,0.0
2025-01-27 15:00:00,22.39,70.37,2.89,0.0
2025-01-27 16:00:00,21.65,71.42,2.76,0.0
2025-01-27 17:00:00,21.07,70.13,2.74,0.0
2025-01-27 18:00:00,20.62,67.12,2.74,0.0
2025-01-27 19:00:00,20.35,63.57,2.69,0.0
2025-01-27 20:00:00,20.18,60.8,2.61,0.0
2025-01-27 21:00:00,20.13,58.39,2.45,0.0
2025-01-27 22:00:00,20.1,56.67,2.29,0.0
2025-01-27 23:00:00,20.03,55.91,2.2,0.0
2025-01-28 00:00:00,19.83,56.16,2.22,0.0
2025-01-28 01:00:00,19.63,57.19,2.31,0.0
2025-01-28 02:00:00,21.99,57.26,2.16,93.38
2025-01-28 03:00:00,25.45,36.3,2.11,299.9
2025-01-28 04:00:00,28.43,30.16,0.62,427.77
2025-01-28 05:00:00,32.11,23.29,1.22,686.92
2025-01-28 06:00:00,34.12,20.76,1.85,795.55
2025-01-28 07:00:00,34.83,20.54,2.17,780.17
2025-01-28 08:00:00,34.98,20.83,2.39,740.2
2025-01-28 09:00:00,34.6,21.83,2.64,629.35
2025-01-28 10:00:00,33.62,24.0,2.94,471.6
2025-01-28 11:00:00,31.42,30.97,3.06,245.02
2025-01-28 12:00:00,26.71,52.97,2.68,49.17
2025-01-28 13:00:00,24.23,61.75,2.76,0.0
2025-01-28 14:00:00,23.14,66.78,2.5,0.0
2025-01-28 15:00:00,22.49,69.28,2.2,0.0
2025-01-28 16:00:00,22.03,69.41,2.08,0.0
2025-01-28 17:00:00,21.59,68.53,2.16,0.0
2025-01-28 18:00:00,21.2,66.84,2.32,0.0
2025-01-28 19:00:00,20.85,64.53,2.45,0.0
2025-01-28 20:00:00,20.59,61.48,2.49,0.0
2025-01-28 21:00:00,20.49,57.88,2.4,0.0
2025-01-28 22:00:00,20.52,54.21,2.24,0.0
2025-01-28 23:00:00,20.45,51.69,2.15,0.0
2025-01-29 00:00:00,20.08,51.22,2.21,0.0
2025-01-29 01:00:00,19.56,52.67,2.44,0.0
2025-01-29 02:00:00,21.76,54.05,2.33,91.82
2025-01-29 03:00:00,25.43,32.16,2.72,301.73
2025-01-29 04:00:00,29.12,24.81,1.07,491.17
2025-01-29 05:00:00,32.89,19.43,0.4,696.92
2025-01-29 06:00:00,34.51,18.9,1.21,803.4
2025-01-29 07:00:00,35.09,19.29,1.82,818.2
2025-01-29 08:00:00,35.08,20.24,2.35,757.78
2025-01-29 09:00:00,34.53,21.6,2.82,641.25
2025-01-29 10:00:00,33.4,23.99,3.3,486.45
2025-01-29 11:00:00,31.15,30.26,3.74,261.17
2025-01-29 12:00:00,26.48,49.28,3.22,53.95
2025-01-29 13:00:00,23.81,60.55,3.18,0.0
2025-01-29 14:00:00,22.66,66.93,2.93,0.0
2025-01-29 15:00:00,21.88,70.58,2.8,0.0
2025-01-29 16:00:00,21.25,72.36,2.82,0.0
2025-01-29 17:00:00,20.72,72.53,2.93,0.0
2025-01-29 18:00:00,20.28,71.64,3.09,0.0
2025-01-29 19:00:00,19.87,70.3,3.22,0.0
2025-01-29 20:00:00,19.43,68.82,3.27,0.0
2025-01-29 21:00:00,19.02,66.95,3.26,0.0
2025-01-29 22:00:00,18.7,64.67,3.22,0.0
2025-01-29 23:00:00,18.44,62.6,3.22,0.0
2025-01-30 00:00:00,18.17,61.03,3.29,0.0
2025-01-30 01:00:00,18.06,60.04,3.36,0.0
2025-01-30 02:00:00,21.28,49.51,3.51,96.62
2025-01-30 03:00:00,24.57,35.99,3.94,307.17
2025-01-30 04:00:00,28.81,27.93,2.62,362.45
2025-01-30 05:00:00,32.43,21.92,1.6,606.05
2025-01-30 06:00:00,34.13,20.26,0.43,788.62
2025-01-30 07:00:00,34.94,20.31,1.16,783.92
2025-01-30 08:00:00,34.96,21.14,2.36,737.75
2025-01-30 09:00:00,34.25,22.59,3.19,648.47
2025-01-30 10:00:00,33.05,24.84,3.69,469.85
2025-01-30 11:00:00,30.81,30.7,3.96,251.12
2025-01-30 12:00:00,26.32,48.19,3.27,43.53
2025-01-30 13:00:00,23.72,58.9,3.17,0.0
2025-01-30 14:00:00,22.62,64.91,2.92,0.0
2025-01-30 15:00:00,21.88,68.19,2.79,0.0
2025-01-30 16:00:00,21.3,69.41,2.72,0.0
2025-01-30 17:00:00,20.81,69.39,2.63,0.0
2025-01-30 18:00:00,20.34,69.14,2.54,0.0
2025-01-30 19:00:00,19.8,69.48,2.54,0.0
2025-01-30 20:00:00,19.12,70.87,2.68,0.0
2025-01-30 21:00:00,18.46,72.85,2.83,0.0
2025-01-30 22:00:00,17.93,74.46,2.91,0.0
2025-01-30 23:00:00,17.53,74.96,2.88,0.0
2025-01-31 00:00:00,17.28,74.17,2.79,0.0
2025-01-31 01:00:00,17.27,71.94,2.68,0.0
2025-01-31 02:00:00,20.37,60.24,2.55,94.3
2025-01-31 03:00:00,23.79,41.75,2.4,302.17
2025-01-31 04:00:00,27.06,31.67,1.28,515.28
2025-01-31 05:00:00,30.03,26.01,0.89,664.58
2025-01-31 06:00:00,31.64,24.66,1.74,783.65
2025-01-31 07:00:00,32.34,24.93,2.6,809.5
2025-01-31 08:00:00,32.39,25.85,3.28,710.04
2025-01-31 09:00:00,31.87,27.2,3.66,640.58
2025-01-31 10:00:00,30.84,29.12,3.79,483.2
2025-01-31 11:00:00,29.1,32.69,3.85,252.27
2025-01-31 12:00:00,25.18,48.5,3.06,52.88
2025-01-31 13:00:00,22.65,58.18,3.14,0.0
2025-01-31 14:00:00,21.59,62.49,3.06,0.0
2025-01-31 15:00:00,20.82,65.82,2.99,0.0
2025-01-31 16:00:00,20.18,68.29,2.96,0.0
2025-01-31 17:00:00,19.61,70.47,2.88,0.0
2025-01-31 18:00:00,19.11,72.6,2.77,0.0
2025-01-31 19:00:00,18.69,74.36,2.67,0.0
2025-01-31 20:00:00,18.28,75.58,2.66,0.0
2025-01-31 21:00:00,17.92,75.89,2.62,0.0
2025-01-31 22:00:00,17.62,75.36,2.56,0.0
2025-01-31 23:00:00,17.39,74.24,2.51,0.0
2025-02-01 00:00:00,17.22,72.98,2.46,0.0
2025-02-01 01:00:00,17.23,71.78,2.37,0.0
2025-02-01 02:00:00,20.05,60.35,2.38,83.22
2025-02-01 03:00:00,23.03,51.91,2.66,276.52
2025-02-01 04:00:00,25.57,42.99,2.72,496.23
2025-02-01 05:00:00,27.73,36.17,2.32,662.65
2025-02-01 06:00:00,29.42,32.53,2.31,766.35
2025-02-01 07:00:00,30.55,31.66,2.69,804.9
2025-02-01 08:00:00,31.05,31.23,3.14,776.28
2025-02-01 09:00:00,30.98,31.39,3.48,640.8
2025-02-01 10:00:00,30.27,32.5,3.74,467.65
2025-02-01 11:00:00,28.84,35.18,3.95,246.93
2025-02-01 12:00:00,25.45,48.3,3.25,56.75
2025-02-01 13:00:00,23.02,57.11,3.43,0.0
2025-02-01 14:00:00,21.96,60.49,3.41,0.0
2025-02-01 15:00:00,21.1,63.94,3.2,0.0
2025-02-01 16:00:00,20.38,66.46,3.01,0.0
2025-02-01 17:00:00,19.72,68.11,2.88,0.0
2025-02-01 18:00:00,19.13,68.69,2.82,0.0
2025-02-01 19:00:00,18.62,68.06,2.82,0.0
2025-02-01 20:00:00,18.2,66.57,2.86,0.0
2025-02-01 21:00:00,17.9,64.85,2.78,0.0
2025-02-01 22:00:00,17.7,63.46,2.63,0.0
2025-02-01 23:00:00,17.56,61.9,2.49,0.0
2025-02-02 00:00:00,17.46,60.49,2.4,0.0
2025-02-02 01:00:00,17.5,59.75,2.34,0.0
2025-02-02 02:00:00,20.3,49.0,2.38,92.38
2025-02-02 03:00:00,23.68,31.93,2.23,294.62
2025-02-02 04:00:00,27.74,23.43,1.72,426.88
2025-02-02 05:00:00,30.24,22.83,0.82,616.53
2025-02-02 06:00:00,32.22,22.1,0.55,779.72
2025-02-02 07:00:00,33.8,22.73,1.79,778.05
2025-02-02 08:00:00,34.24,23.66,2.58,732.92
2025-02-02 09:00:00,33.86,25.05,3.1,615.45
2025-02-02 10:00:00,32.76,27.14,3.57,445.7
2025-02-02 11:00:00,30.71,31.33,4.16,232.38
2025-02-02 12:00:00,26.59,43.73,3.74,40.25
2025-02-02 13:00:00,23.89,52.19,3.73,0.0
2025-02-02 14:00:00,22.79,56.74,3.44,0.0
2025-02-02 15:00:00,22.11,60.91,2.98,0.0
2025-02-02 16:00:00,21.56,64.36,2.61,0.0
2025-02-02 17:00:00,21.16,66.52,2.36,0.0
2025-02-02 18:00:00,21.01,67.05,2.12,0.0
2025-02-02 19:00:00,21.03,66.36,1.92,0.0
2025-02-02 20:00:00,20.94,65.8,1.86,0.0
2025-02-02 21:00:00,20.83,64.93,1.82,0.0
2025-02-02 22:00:00,20.65,64.22,1.79,0.0
2025-02-02 23:00:00,20.4,63.77,1.78,0.0
2025-02-03 00:00:00,20.17,62.97,1.72,0.0
2025-02-03 01:00:00,20.04,62.85,1.68,0.0
2025-02-03 02:00:00,22.03,58.54,1.47,80.4
2025-02-03 03:00:00,24.95,42.37,1.25,265.58
2025-02-03 04:00:00,27.59,36.45,2.36,473.27
2025-02-03 05:00:00,29.25,34.35,2.85,595.8
2025-02-03 06:00:00,30.35,33.81,3.22,748.2
2025-02-03 07:00:00,31.01,33.34,3.65,724.4
2025-02-03 08:00:00,31.18,33.58,4.15,701.35
2025-02-03 09:00:00,30.76,34.41,4.6,587.53
2025-02-03 10:00:00,29.91,35.63,4.78,421.15
2025-02-03 11:00:00,28.41,38.37,4.86,222.95
2025-02-03 12:00:00,25.24,49.91,3.72,48.15
2025-02-03 13:00:00,22.85,60.78,3.15,0.0
2025-02-03 14:00:00,21.95,65.82,2.85,0.0
2025-02-03 15:00:00,21.3,69.85,2.56,0.0
2025-02-03 16:00:00,20.87,72.19,2.3,0.0
2025-02-03 17:00:00,20.55,73.3,2.13,0.0
2025-02-03 18:00:00,20.22,74.32,2.06,0.0
2025-02-03 19:00:00,19.77,75.63,2.15,0.0
2025-02-03 20:00:00,19.23,77.54,2.32,0.0
2025-02-03 21:00:00,18.74,79.18,2.48,0.0
2025-02-03 22:00:00,18.36,80.1,2.58,0.0
2025-02-03 23:00:00,18.05,80.53,2.61,0.0
2025-02-04 00:00:00,17.81,80.32,2.6,0.0
2025-02-04 01:00:00,17.79,79.23,2.51,0.0
2025-02-04 02:00:00,20.71,66.24,2.67,76.85
2025-02-04 03:00:00,23.92,51.69,2.68,252.07
2025-02-04 04:00:00,26.84,41.22,2.68,456.6
2025-02-04 05:00:00,29.0,35.18,2.93,637.28
2025-02-04 06:00:00,30.43,32.45,3.35,734.6
2025-02-04 07:00:00,31.37,30.41,3.95,761.42
2025-02-04 08:00:00,31.61,29.79,4.6,725.22
2025-02-04 09:00:00,31.18,30.36,5.01,617.42
2025-02-04 10:00:00,30.25,31.85,4.98,446.27
2025-02-04 11:00:00,28.72,34.86,4.62,236.07
2025-02-04 12:00:00,25.26,48.25,3.2,52.85
2025-02-04 13:00:00,22.69,58.57,3.02,0.0
2025-02-04 14:00:00,21.65,62.87,2.95,0.0
2025-02-04 15:00:00,20.9,66.06,3.0,0.0
2025-02-04 16:00:00,20.31,68.46,3.1,0.0
2025-02-04 17:00:00,19.71,70.57,3.21,0.0
2025-02-04 18:00:00,19.22,71.89,3.35,0.0
2025-02-04 19:00:00,18.79,72.52,3.52,0.0
2025-02-04 20:00:00,18.39,71.71,3.65,0.0
2025-02-04 21:00:00,17.87,70.11,3.5,0.0
2025-02-04 22:00:00,17.25,68.29,3.35,0.0
2025-02-04 23:00:00,16.78,65.52,3.37,0.0
2025-02-05 00:00:00,16.42,63.31,3.42,0.0
2025-02-05 01:00:00,16.34,61.69,3.42,0.0
2025-02-05 02:00:00,19.49,47.45,4.17,90.7
2025-02-05 03:00:00,22.94,35.21,4.42,291.65
2025-02-05 04:00:00,27.23,26.66,4.18,477.58
2025-02-05 05:00:00,30.21,26.02,2.79,650.53
2025-02-05 06:00:00,32.3,24.43,1.53,778.67
2025-02-05 07:00:00,33.67,23.08,0.92,809.08
2025-02-05 08:00:00,34.22,22.97,1.74,800.75
2025-02-05 09:00:00,33.96,23.74,2.66,641.55
2025-02-05 10:00:00,33.01,25.28,3.37,463.38
2025-02-05 11:00:00,31.14,28.98,4.24,244.15
2025-02-05 12:00:00,27.0,40.12,4.56,45.97
2025-02-05 13:00:00,24.08,47.11,5.17,0.0
2025-02-05 14:00:00,22.64,50.62,4.97,0.0
2025-02-05 15:00:00,21.45,53.97,4.18,0.0
2025-02-05 16:00:00,20.42,57.11,3.47,0.0
2025-02-05 17:00:00,19.62,59.1,3.12,0.0
2025-02-05 18:00:00,19.01,60.36,2.97,0.0
2025-02-05 19:00:00,18.52,61.32,2.92,0.0
2025-02-05 20:00:00,18.23,62.19,2.95,0.0
2025-02-05 21:00:00,18.1,63.13,2.95,0.0
2025-02-05 22:00:00,18.01,64.09,2.93,0.0
2025-02-05 23:00:00,17.84,65.18,2.98,0.0
2025-02-06 00:00:00,17.61,65.93,3.17,0.0
2025-02-06 01:00:00,17.62,65.86,3.32,0.0
2025-02-06 02:00:00,20.86,52.57,4.22,93.07
2025-02-06 03:00:00,24.04,43.36,3.81,292.23
2025-02-06 04:00:00,28.99,31.73,3.62,438.0
2025-02-06 05:00:00,32.64,25.39,3.53,660.35
2025-02-06 06:00:00,34.45,23.21,3.41,763.05
2025-02-06 07:00:00,35.57,22.07,2.84,747.92
2025-02-06 08:00:00,36.12,21.41,1.93,741.62
2025-02-06 09:00:00,35.97,21.57,1.19,585.4
2025-02-06 10:00:00,35.26,22.68,1.28,419.4
2025-02-06 11:00:00,33.38,28.24,1.92,222.35
2025-02-06 12:00:00,28.56,46.71,2.6,49.85
2025-02-06 13:00:00,25.69,54.84,2.94,0.0
2025-02-06 14:00:00,24.39,59.72,2.86,0.0
2025-02-06 15:00:00,23.45,63.4,2.83,0.0
2025-02-06 16:00:00,22.73,65.43,2.88,0.0
2025-02-06 17:00:00,22.18,65.81,2.92,0.0
2025-02-06 18:00:00,21.84,64.33,3.01,0.0
2025-02-06 19:00:00,21.57,62.43,3.15,0.0
2025-02-06 20:00:00,21.25,61.38,3.36,0.0
2025-02-06 21:00:00,20.86,61.49,3.55,0.0
2025-02-06 22:00:00,20.47,62.13,3.82,0.0
2025-02-06 23:00:00,20.23,62.41,4.37,0.0
2025-02-07 00:00:00,20.13,62.64,5.1,0.0
2025-02-07 01:00:00,20.07,63.08,5.7,0.0
2025-02-07 02:00:00,21.72,57.48,6.46,81.57
2025-02-07 03:00:00,25.04,48.39,5.67,263.65
2025-02-07 04:00:00,30.28,35.6,5.24,413.55
2025-02-07 05:00:00,33.61,28.47,4.34,630.03
2025-02-07 06:00:00,35.27,25.21,3.48,732.58
2025-02-07 07:00:00,36.22,23.37,2.91,741.67
2025-02-07 08:00:00,36.63,22.28,2.42,723.08
2025-02-07 09:00:00,36.42,22.0,1.85,584.3
2025-02-07 10:00:00,35.69,22.78,1.72,415.7
2025-02-07 11:00:00,33.91,27.85,2.01,219.7
2025-02-07 12:00:00,29.2,47.47,2.49,50.55
2025-02-07 13:00:00,26.32,56.53,2.89,0.0
2025-02-07 14:00:00,24.97,61.9,2.89,0.0
2025-02-07 15:00:00,23.91,66.48,2.71,0.0
2025-02-07 16:00:00,23.15,68.21,2.64,0.0
2025-02-07 17:00:00,22.58,67.35,2.71,0.0
2025-02-07 18:00:00,22.14,65.34,2.78,0.0
2025-02-07 19:00:00,21.82,63.49,2.82,0.0
2025-02-07 20:00:00,21.61,62.19,2.86,0.0
2025-02-07 21:00:00,21.43,61.41,2.87,0.0
2025-02-07 22:00:00,21.08,61.71,2.99,0.0
2025-02-07 23:00:00,20.66,62.37,3.19,0.0
2025-02-08 00:00:00,20.3,62.68,3.43,0.0
2025-02-08 01:00:00,20.27,62.18,3.57,0.0
2025-02-08 02:00:00,23.35,50.22,4.52,80.75
2025-02-08 03:00:00,26.34,41.76,4.12,261.17
2025-02-08 04:00:00,31.06,31.39,2.31,437.73
2025-02-08 05:00:00,33.95,25.49,1.09,619.55
2025-02-08 06:00:00,35.31,23.25,0.21,725.5
2025-02-08 07:00:00,36.15,21.91,0.63,756.88
2025-02-08 08:00:00,36.41,21.47,1.38,685.9
2025-02-08 09:00:00,36.05,21.99,2.07,571.88
2025-02-08 10:00:00,35.2,23.6,2.66,406.65
2025-02-08 11:00:00,33.39,28.61,3.1,213.2
2025-02-08 12:00:00,29.17,44.81,3.06,42.78
2025-02-08 13:00:00,26.67,53.88,3.3,0.0
2025-02-08 14:00:00,25.45,59.14,3.1,0.0
2025-02-08 15:00:00,24.5,63.13,2.76,0.0
2025-02-08 16:00:00,23.79,64.7,2.75,0.0
2025-02-08 17:00:00,23.24,63.98,2.94,0.0
2025-02-08 18:00:00,22.8,61.68,3.1,0.0
2025-02-08 19:00:00,22.4,59.7,3.18,0.0
2025-02-08 20:00:00,22.06,58.94,3.21,0.0
2025-02-08 21:00:00,21.77,59.11,3.19,0.0
2025-02-08 22:00:00,21.59,59.56,3.13,0.0
2025-02-08 23:00:00,21.34,60.42,3.07,0.0
2025-02-09 00:00:00,21.13,61.62,2.98,0.0
2025-02-09 01:00:00,21.05,62.61,2.95,0.0
2025-02-09 02:00:00,23.94,53.21,3.17,81.43
2025-02-09 03:00:00,26.94,42.13,2.95,258.48
2025-02-09 04:00:00,31.39,29.82,1.36,457.27
2025-02-09 05:00:00,34.03,24.47,1.15,601.17
2025-02-09 06:00:00,35.16,23.38,1.01,721.83
2025-02-09 07:00:00,35.76,23.22,1.58,710.22
2025-02-09 08:00:00,35.87,23.48,2.1,666.4
2025-02-09 09:00:00,35.45,24.5,2.7,617.5
2025-02-09 10:00:00,34.57,26.32,3.23,418.98
2025-02-09 11:00:00,32.9,30.33,3.89,215.65
2025-02-09 12:00:00,29.19,42.58,3.63,36.9
2025-02-09 13:00:00,26.63,51.43,3.79,0.0
2025-02-09 14:00:00,25.37,56.39,3.5,0.0
2025-02-09 15:00:00,24.47,59.43,3.11,0.0
2025-02-09 16:00:00,23.82,60.46,2.96,0.0
2025-02-09 17:00:00,23.3,60.16,2.9,0.0
2025-02-09 18:00:00,22.86,59.03,2.89,0.0
2025-02-09 19:00:00,22.51,57.49,2.89,0.0
2025-02-09 20:00:00,22.2,56.02,2.9,0.0
2025-02-09 21:00:00,21.87,55.08,2.93,0.0
2025-02-09 22:00:00,21.51,54.81,2.97,0.0
2025-02-09 23:00:00,21.18,54.81,2.99,0.0
2025-02-10 00:00:00,20.87,55.01,2.99,0.0
2025-02-10 01:00:00,20.8,55.1,2.94,0.0
2025-02-10 02:00:00,23.67,46.21,2.99,75.82
2025-02-10 03:00:00,26.48,35.37,3.13,243.43
2025-02-10 04:00:00,30.86,27.16,2.51,432.95
2025-02-10 05:00:00,33.32,23.69,2.36,634.12
2025-02-10 06:00:00,34.58,22.99,2.44,715.53
2025-02-10 07:00:00,35.21,23.09,2.84,766.0
2025-02-10 08:00:00,35.31,23.66,3.35,764.6
2025-02-10 09:00:00,34.96,24.56,3.97,612.38
2025-02-10 10:00:00,34.05,25.86,4.53,467.5
2025-02-10 11:00:00,32.38,28.51,5.03,251.75
2025-02-10 12:00:00,28.82,37.45,4.45,50.1
2025-02-10 13:00:00,25.92,45.52,4.25,0.0
2025-02-10 14:00:00,24.55,50.0,3.86,0.0
2025-02-10 15:00:00,23.49,53.59,3.41,0.0
2025-02-10 16:00:00,22.65,55.45,3.2,0.0
2025-02-10 17:00:00,21.99,55.36,3.15,0.0
2025-02-10 18:00:00,21.47,53.95,3.16,0.0
2025-02-10 19:00:00,21.0,52.49,3.2,0.0
2025-02-10 20:00:00,20.53,51.83,3.24,0.0
2025-02-10 21:00:00,20.12,51.39,3.25,0.0
2025-02-10 22:00:00,19.8,50.83,3.26,0.0
2025-02-10 23:00:00,19.52,50.25,3.31,0.0
2025-02-11 00:00:00,19.28,49.75,3.36,0.0
2025-02-11 01:00:00,19.33,49.0,3.4,0.0
2025-02-11 02:00:00,23.0,37.61,3.73,98.12
2025-02-11 03:00:00,26.27,28.89,3.49,296.0
2025-02-11 04:00:00,31.12,21.04,1.82,490.27
2025-02-11 05:00:00,33.78,19.63,1.06,688.28
2025-02-11 06:00:00,34.91,20.56,1.94,778.67
2025-02-11 07:00:00,35.3,21.49,2.96,814.8
2025-02-11 08:00:00,35.15,22.35,3.82,815.17
2025-02-11 09:00:00,34.47,23.49,4.29,647.0
2025-02-11 10:00:00,33.41,24.98,4.52,500.42
2025-02-11 11:00:00,31.73,27.74,4.57,274.35
2025-02-11 12:00:00,28.2,37.65,3.57,64.57
2025-02-11 13:00:00,25.25,47.74,3.31,0.0
2025-02-11 14:00:00,23.99,52.95,3.14,0.0
2025-02-11 15:00:00,23.01,56.76,2.94,0.0
2025-02-11 16:00:00,22.21,59.0,2.8,0.0
2025-02-11 17:00:00,21.52,59.98,2.73,0.0
2025-02-11 18:00:00,20.91,59.79,2.76,0.0
2025-02-11 19:00:00,20.33,58.87,2.84,0.0
2025-02-11 20:00:00,19.8,57.09,2.94,0.0
2025-02-11 21:00:00,19.31,54.78,2.97,0.0
2025-02-11 22:00:00,18.9,52.39,2.94,0.0
2025-02-11 23:00:00,18.55,50.2,2.91,0.0
2025-02-12 00:00:00,18.24,48.64,2.89,0.0
2025-02-12 01:00:00,18.15,47.96,2.9,0.0
2025-02-12 02:00:00,21.9,36.42,3.08,114.2
2025-02-12 03:00:00,25.71,25.39,3.59,329.35
2025-02-12 04:00:00,29.63,20.08,3.75,550.12
2025-02-12 05:00:00,32.29,18.74,2.93,733.28
2025-02-12 06:00:00,34.24,16.69,2.38,834.1
2025-02-12 07:00:00,35.67,14.9,2.5,882.38
2025-02-12 08:00:00,36.36,13.78,3.03,846.95
2025-02-12 09:00:00,36.34,13.44,3.61,714.8
2025-02-12 10:00:00,35.62,14.08,4.06,539.75
2025-02-12 11:00:00,33.89,17.07,4.33,305.23
2025-02-12 12:00:00,29.01,30.33,3.64,75.15
2025-02-12 13:00:00,25.49,42.09,3.92,0.0
2025-02-12 14:00:00,24.04,50.31,3.89,0.0
2025-02-12 15:00:00,22.97,55.45,3.73,0.0
2025-02-12 16:00:00,22.18,56.16,3.67,0.0
2025-02-12 17:00:00,21.5,53.69,3.7,0.0
2025-02-12 18:00:00,20.92,49.55,3.76,0.0
2025-02-12 19:00:00,20.43,45.6,3.89,0.0
2025-02-12 20:00:00,20.0,43.19,4.05,0.0
2025-02-12 21:00:00,19.55,42.78,4.16,0.0
2025-02-12 22:00:00,19.1,43.19,4.25,0.0
2025-02-12 23:00:00,18.67,44.08,4.28,0.0
2025-02-13 00:00:00,18.24,45.16,4.21,0.0
2025-02-13 01:00:00,18.19,45.49,4.1,0.0
2025-02-13 02:00:00,21.93,34.84,5.14,122.82
2025-02-13 03:00:00,25.49,28.53,4.22,341.88
2025-02-13 04:00:00,31.24,19.7,2.88,545.53
2025-02-13 05:00:00,34.51,15.25,2.21,734.28
2025-02-13 06:00:00,36.43,13.12,2.2,838.05
2025-02-13 07:00:00,37.78,11.91,2.45,897.05
2025-02-13 08:00:00,38.41,11.51,2.85,831.58
2025-02-13 09:00:00,38.28,11.7,3.27,708.2
2025-02-13 10:00:00,37.37,12.66,3.75,533.7
2025-02-13 11:00:00,35.43,15.6,4.07,298.33
2025-02-13 12:00:00,30.33,28.57,3.39,71.7
2025-02-13 13:00:00,26.58,39.85,3.48,0.0
2025-02-13 14:00:00,25.0,46.32,3.27,0.0
2025-02-13 15:00:00,23.92,49.39,3.15,0.0
2025-02-13 16:00:00,23.25,47.45,3.27,0.0
2025-02-13 17:00:00,22.69,43.99,3.46,0.0
2025-02-13 18:00:00,22.12,41.03,3.72,0.0
2025-02-13 19:00:00,21.59,38.7,4.04,0.0
2025-02-13 20:00:00,21.12,37.52,4.41,0.0
2025-02-13 21:00:00,20.7,37.39,4.67,0.0
2025-02-13 22:00:00,20.29,37.94,4.75,0.0
2025-02-13 23:00:00,19.94,38.65,4.75,0.0
2025-02-14 00:00:00,19.66,39.16,4.79,0.0
2025-02-14 01:00:00,19.78,38.7,4.95,0.0
2025-02-14 02:00:00,23.02,30.79,6.05,122.82
2025-02-14 03:00:00,26.79,25.61,4.86,339.05
2025-02-14 04:00:00,32.59,18.18,3.46,557.2
2025-02-14 05:00:00,35.5,15.51,2.74,719.72
2025-02-14 06:00:00,36.83,14.91,2.64,832.85
2025-02-14 07:00:00,37.65,14.56,2.69,888.58
2025-02-14 08:00:00,37.95,14.55,3.12,823.6
2025-02-14 09:00:00,37.58,14.98,3.84,700.22
2025-02-14 10:00:00,36.55,15.99,4.55,528.22
2025-02-14 11:00:00,34.62,18.46,5.15,297.4
2025-02-14 12:00:00,30.48,27.63,4.69,71.35
2025-02-14 13:00:00,26.83,38.14,4.42,0.0
2025-02-14 14:00:00,25.02,45.76,3.71,0.0
2025-02-14 15:00:00,23.77,51.35,3.05,0.0
2025-02-14 16:00:00,22.98,53.87,2.9,0.0
2025-02-14 17:00:00,22.4,54.15,2.88,0.0
2025-02-14 18:00:00,21.99,52.05,2.87,0.0
2025-02-14 19:00:00,21.62,48.77,3.01,0.0
2025-02-14 20:00:00,21.2,46.03,3.23,0.0
2025-02-14 21:00:00,20.73,44.23,3.46,0.0
2025-02-14 22:00:00,20.24,43.16,3.64,0.0
2025-02-14 23:00:00,19.85,42.29,3.82,0.0
2025-02-15 00:00:00,19.62,41.46,4.06,0.0
2025-02-15 01:00:00,19.88,39.86,4.35,3.58
2025-02-15 02:00:00,23.83,30.04,5.62,121.18
2025-02-15 03:00:00,27.59,24.53,4.67,353.4
2025-02-15 04:00:00,33.07,17.83,2.96,556.65
2025-02-15 05:00:00,35.95,14.16,2.31,746.9
2025-02-15 06:00:00,37.31,12.86,2.44,870.55
2025-02-15 07:00:00,37.97,12.47,3.17,898.33
2025-02-15 08:00:00,37.98,12.73,4.09,849.58
2025-02-15 09:00:00,37.41,13.42,4.88,751.33
2025-02-15 10:00:00,36.34,14.38,5.48,548.65
2025-02-15 11:00:00,34.57,16.38,5.75,311.73
2025-02-15 12:00:00,30.54,24.68,4.63,79.4
2025-02-15 13:00:00,26.88,34.71,4.13,0.0
2025-02-15 14:00:00,25.42,39.88,3.84,0.0
2025-02-15 15:00:00,24.23,42.94,3.53,0.0
2025-02-15 16:00:00,23.35,43.39,3.45,0.0
2025-02-15 17:00:00,22.67,42.2,3.43,0.0
2025-02-15 18:00:00,22.11,40.67,3.47,0.0
2025-02-15 19:00:00,21.57,39.6,3.51,0.0
2025-02-15 20:00:00,21.07,39.09,3.55,0.0
2025-02-15 21:00:00,20.63,38.97,3.56,0.0
2025-02-15 22:00:00,20.26,39.06,3.57,0.0
2025-02-15 23:00:00,19.94,39.24,3.6,0.0
2025-02-16 00:00:00,19.65,39.49,3.65,0.0
2025-02-16 01:00:00,19.78,39.21,3.65,3.88
2025-02-16 02:00:00,24.42,29.31,4.05,126.25
2025-02-16 03:00:00,28.39,21.8,3.69,360.5
2025-02-16 04:00:00,33.27,16.48,2.84,573.53
2025-02-16 05:00:00,35.59,14.01,3.05,759.95
2025-02-16 06:00:00,36.85,12.68,3.42,856.85
2025-02-16 07:00:00,37.46,12.25,3.71,890.72
2025-02-16 08:00:00,37.48,12.54,4.21,863.22
2025-02-16 09:00:00,36.83,13.65,4.87,719.47
2025-02-16 10:00:00,35.57,15.45,5.48,551.17
2025-02-16 11:00:00,33.63,18.65,5.81,316.15
2025-02-16 12:00:00,29.86,28.6,4.32,80.82
2025-02-16 13:00:00,26.04,43.09,3.28,0.0
2025-02-16 14:00:00,24.55,51.05,2.92,0.0
2025-02-16 15:00:00,23.5,56.26,2.65,0.0
2025-02-16 16:00:00,22.72,59.47,2.56,0.0
2025-02-16 17:00:00,22.01,62.4,2.62,0.0
2025-02-16 18:00:00,21.37,64.94,2.68,0.0
2025-02-16 19:00:00,20.83,65.8,2.71,0.0
2025-02-16 20:00:00,20.38,64.56,2.76,0.0
2025-02-16 21:00:00,20.04,61.91,2.77,0.0
2025-02-16 22:00:00,19.78,58.63,2.81,0.0
2025-02-16 23:00:00,19.52,55.38,2.91,0.0
2025-02-17 00:00:00,19.26,53.16,3.08,0.0
2025-02-17 01:00:00,19.42,51.04,3.14,4.1
2025-02-17 02:00:00,23.52,39.03,3.46,125.53
2025-02-17 03:00:00,27.47,28.44,3.13,354.8
2025-02-17 04:00:00,32.1,22.1,3.05,574.6
2025-02-17 05:00:00,34.73,18.26,2.94,758.05
2025-02-17 06:00:00,36.38,16.03,2.92,851.9
2025-02-17 07:00:00,37.33,14.87,3.23,889.2
2025-02-17 08:00:00,37.68,14.57,3.49,862.55
2025-02-17 09:00:00,37.32,15.2,3.87,720.9
2025-02-17 10:00:00,36.32,16.7,4.19,550.6
2025-02-17 11:00:00,34.62,19.48,4.46,315.55
2025-02-17 12:00:00,30.78,29.32,4.28,81.3
2025-02-17 13:00:00,27.24,41.61,4.61,0.0
2025-02-17 14:00:00,25.56,51.52,4.25,0.0
2025-02-17 15:00:00,24.21,59.24,3.26,0.0
2025-02-17 16:00:00,23.3,62.86,2.96,0.0
2025-02-17 17:00:00,22.67,62.94,3.03,0.0
2025-02-17 18:00:00,22.21,60.48,3.17,0.0
2025-02-17 19:00:00,21.84,56.97,3.28,0.0
2025-02-17 20:00:00,21.46,53.37,3.39,0.0
2025-02-17 21:00:00,21.05,51.39,3.4,0.0
2025-02-17 22:00:00,20.61,51.87,3.31,0.0
2025-02-17 23:00:00,20.22,53.48,3.26,0.0
2025-02-18 00:00:00,19.91,54.96,3.26,0.0
2025-02-18 01:00:00,20.06,55.32,3.18,4.1
2025-02-18 02:00:00,23.98,43.86,3.64,117.43
2025-02-18 03:00:00,27.98,33.79,3.17,340.2
2025-02-18 04:00:00,32.48,23.69,2.95,557.03
2025-02-18 05:00:00,35.1,18.03,2.35,730.35
2025-02-18 06:00:00,36.73,15.36,2.4,836.97
2025-02-18 07:00:00,37.57,14.53,3.14,885.7
2025-02-18 08:00:00,37.67,14.7,4.04,857.88
2025-02-18 09:00:00,37.12,15.44,4.67,703.15
2025-02-18 10:00:00,36.01,16.99,5.17,529.33
2025-02-18 11:00:00,34.3,19.71,5.16,304.88
2025-02-18 12:00:00,30.6,29.55,3.57,86.0
2025-02-18 13:00:00,26.96,42.01,3.12,0.0
2025-02-18 14:00:00,25.67,47.83,2.99,0.0
2025-02-18 15:00:00,24.7,51.57,2.95,0.0
2025-02-18 16:00:00,23.94,53.23,2.97,0.0
2025-02-18 17:00:00,23.33,53.25,2.98,0.0
2025-02-18 18:00:00,22.8,52.26,3.02,0.0
2025-02-18 19:00:00,22.27,51.21,3.1,0.0
2025-02-18 20:00:00,21.76,50.49,3.18,0.0
2025-02-18 21:00:00,21.31,50.31,3.2,0.0
2025-02-18 22:00:00,20.93,50.6,3.18,0.0
2025-02-18 23:00:00,20.57,51.21,3.17,0.0
2025-02-19 00:00:00,20.23,52.06,3.2,0.0
2025-02-19 01:00:00,20.31,52.25,3.14,4.45
2025-02-19 02:00:00,24.24,41.22,3.52,121.28
2025-02-19 03:00:00,28.28,31.12,3.2,346.98
2025-02-19 04:00:00,32.16,23.72,3.52,574.83
2025-02-19 05:00:00,34.47,19.31,2.79,734.55
2025-02-19 06:00:00,36.09,16.6,2.57,838.7
2025-02-19 07:00:00,36.96,15.71,3.42,900.9
2025-02-19 08:00:00,37.08,15.92,4.37,833.72
2025-02-19 09:00:00,36.45,17.25,5.06,704.67
2025-02-19 10:00:00,35.27,19.43,5.43,519.97
2025-02-19 11:00:00,33.52,22.71,5.5,298.5
2025-02-19 12:00:00,30.27,31.44,4.44,86.38
2025-02-19 13:00:00,26.81,44.46,3.55,0.0
2025-02-19 14:00:00,25.36,53.43,3.18,0.0
2025-02-19 15:00:00,24.25,60.43,2.81,0.0
2025-02-19 16:00:00,23.39,64.97,2.66,0.0
2025-02-19 17:00:00,22.66,68.3,2.59,0.0
2025-02-19 18:00:00,22.04,70.37,2.58,0.0
2025-02-19 19:00:00,21.5,70.65,2.68,0.0
2025-02-19 20:00:00,21.02,68.97,2.81,0.0
2025-02-19 21:00:00,20.63,65.0,2.91,0.0
2025-02-19 22:00:00,20.34,59.52,3.05,0.0
2025-02-19 23:00:00,20.1,54.41,3.23,0.0
2025-02-20 00:00:00,19.88,50.88,3.43,0.0
2025-02-20 01:00:00,20.15,47.65,3.53,4.72
2025-02-20 02:00:00,24.3,35.36,4.54,127.38
2025-02-20 03:00:00,28.38,27.11,4.12,355.92
2025-02-20 04:00:00,33.0,21.15,4.5,580.35
2025-02-20 05:00:00,35.4,18.31,4.08,773.7
2025-02-20 06:00:00,36.87,16.26,3.59,857.83
2025-02-20 07:00:00,37.75,14.92,3.38,889.05
2025-02-20 08:00:00,38.08,14.47,3.75,836.05
2025-02-20 09:00:00,37.75,14.74,4.41,717.62
2025-02-20 10:00:00,36.97,15.48,4.92,546.03
2025-02-20 11:00:00,35.53,17.06,5.22,320.45
2025-02-20 12:00:00,31.94,24.01,4.27,95.85
2025-02-20 13:00:00,28.39,32.01,4.25,0.0
2025-02-20 14:00:00,27.17,35.1,4.45,0.0
2025-02-20 15:00:00,26.16,36.52,4.35,0.0
2025-02-20 16:00:00,25.39,36.27,4.37,0.0
2025-02-20 17:00:00,24.8,35.79,4.48,0.0
2025-02-20 18:00:00,24.27,35.83,4.62,0.0
2025-02-20 19:00:00,23.74,36.21,4.82,0.0
2025-02-20 20:00:00,23.2,36.95,4.99,0.0
2025-02-20 21:00:00,22.55,38.02,4.86,0.0
2025-02-20 22:00:00,21.92,38.96,4.8,0.0
2025-02-20 23:00:00,21.43,39.41,4.97,0.0
2025-02-21 00:00:00,21.02,39.67,5.21,0.0
2025-02-21 01:00:00,21.05,39.11,5.65,5.15
2025-02-21 02:00:00,23.75,32.51,6.51,124.4
2025-02-21 03:00:00,28.18,24.99,5.38,349.75
2025-02-21 04:00:00,33.6,17.43,4.68,590.2
2025-02-21 05:00:00,36.27,15.08,3.11,739.25
2025-02-21 06:00:00,37.89,13.57,1.63,841.22
2025-02-21 07:00:00,38.82,12.8,0.81,889.25
2025-02-21 08:00:00,39.12,12.92,2.15,866.58
2025-02-21 09:00:00,38.67,13.69,3.49,717.45
2025-02-21 10:00:00,37.53,15.0,4.57,533.3
2025-02-21 11:00:00,35.72,17.25,5.41,308.08
2025-02-21 12:00:00,32.24,24.23,5.28,89.0
2025-02-21 13:00:00,28.76,34.19,5.01,0.0
2025-02-21 14:00:00,27.21,40.2,4.67,0.0
2025-02-21 15:00:00,26.23,42.88,4.1,0.0
2025-02-21 16:00:00,25.61,41.82,3.9,0.0
2025-02-21 17:00:00,25.18,38.77,3.99,0.0
2025-02-21 18:00:00,24.8,36.07,4.17,0.0
2025-02-21 19:00:00,24.39,35.01,4.35,0.0
2025-02-21 20:00:00,23.9,35.12,4.47,0.0
2025-02-21 21:00:00,23.34,36.14,4.46,0.0
2025-02-21 22:00:00,22.81,37.37,4.48,0.0
2025-02-21 23:00:00,22.45,38.09,4.66,0.0
2025-02-22 00:00:00,22.16,38.55,4.88,0.0
2025-02-22 01:00:00,22.3,38.02,5.3,5.07
2025-02-22 02:00:00,25.09,31.56,6.37,115.6
2025-02-22 03:00:00,29.22,25.46,4.92,332.62
2025-02-22 04:00:00,34.26,18.49,3.28,547.45
2025-02-22 05:00:00,36.66,15.36,2.21,721.55
2025-02-22 06:00:00,38.28,13.48,1.88,836.85
2025-02-22 07:00:00,39.25,12.51,2.21,888.2
2025-02-22 08:00:00,39.52,12.5,3.1,868.5
2025-02-22 09:00:00,38.93,13.51,4.17,724.15
2025-02-22 10:00:00,37.65,15.31,5.01,542.72
2025-02-22 11:00:00,35.67,18.43,5.52,319.38
2025-02-22 12:00:00,32.17,26.4,5.05,96.88
2025-02-22 13:00:00,28.67,36.78,4.3,0.0
2025-02-22 14:00:00,26.98,42.37,3.53,0.0
2025-02-22 15:00:00,25.77,44.9,2.86,0.0
2025-02-22 16:00:00,25.03,44.16,2.83,0.0
2025-02-22 17:00:00,24.42,42.19,2.98,0.0
2025-02-22 18:00:00,23.86,40.54,3.15,0.0
2025-02-22 19:00:00,23.35,39.18,3.3,0.0
2025-02-22 20:00:00,22.88,38.17,3.44,0.0
2025-02-22 21:00:00,22.45,37.46,3.57,0.0
2025-02-22 22:00:00,22.08,37.05,3.73,0.0
2025-02-22 23:00:00,21.78,36.71,3.92,0.0
2025-02-23 00:00:00,21.56,36.41,4.18,0.0
2025-02-23 01:00:00,21.88,35.19,4.64,6.0
2025-02-23 02:00:00,25.23,27.83,6.21,138.88
2025-02-23 03:00:00,29.31,22.59,4.91,374.67
2025-02-23 04:00:00,34.76,16.4,3.34,607.83
2025-02-23 05:00:00,37.23,13.66,1.59,770.95
2025-02-23 06:00:00,38.54,12.62,1.25,873.97
2025-02-23 07:00:00,39.15,12.67,2.49,904.2
2025-02-23 08:00:00,39.12,13.27,3.76,879.03
2025-02-23 09:00:00,38.53,14.06,4.73,734.83
2025-02-23 10:00:00,37.42,15.27,5.28,553.75
2025-02-23 11:00:00,35.74,17.36,5.56,326.58
2025-02-23 12:00:00,32.46,23.89,4.83,91.25
2025-02-23 13:00:00,28.77,34.05,4.22,0.0
2025-02-23 14:00:00,27.15,39.72,3.91,0.0
2025-02-23 15:00:00,25.83,43.44,3.3,0.0
2025-02-23 16:00:00,24.94,44.19,3.15,0.0
2025-02-23 17:00:00,24.31,42.37,3.29,0.0
2025-02-23 18:00:00,23.85,38.84,3.53,0.0
2025-02-23 19:00:00,23.48,35.5,3.84,0.0
2025-02-23 20:00:00,23.13,33.42,4.2,0.0
2025-02-23 21:00:00,22.67,32.72,4.4,0.0
2025-02-23 22:00:00,22.16,32.8,4.55,0.0
2025-02-23 23:00:00,21.77,32.93,4.92,0.0
2025-02-24 00:00:00,21.54,32.91,5.44,0.0
2025-02-24 01:00:00,21.72,32.21,5.98,6.32
2025-02-24 02:00:00,24.51,26.92,6.69,139.18
2025-02-24 03:00:00,29.04,21.4,5.41,372.9
2025-02-24 04:00:00,34.74,15.56,4.25,606.3
2025-02-24 05:00:00,37.04,13.38,2.8,762.88
2025-02-24 06:00:00,38.14,12.3,2.01,868.85
2025-02-24 07:00:00,38.73,11.62,1.1,924.55
2025-02-24 08:00:00,38.97,11.27,0.82,850.75
2025-02-24 09:00:00,38.65,11.74,1.95,726.97
2025-02-24 10:00:00,37.68,13.03,3.21,540.9
2025-02-24 11:00:00,36.09,14.93,3.79,313.3
2025-02-24 12:00:00,32.76,21.77,4.1,95.07
2025-02-24 13:00:00,29.13,32.22,4.6,0.0
2025-02-24 14:00:00,27.41,38.66,4.13,0.0
2025-02-24 15:00:00,26.18,42.16,3.41,0.0
2025-02-24 16:00:00,25.4,42.01,3.23,0.0
2025-02-24 17:00:00,24.8,39.6,3.21,0.0
2025-02-24 18:00:00,24.36,36.44,3.19,0.0
2025-02-24 19:00:00,23.97,34.33,3.27,0.0
2025-02-24 20:00:00,23.62,33.38,3.38,0.0
2025-02-24 21:00:00,23.18,33.31,3.5,0.0
2025-02-24 22:00:00,22.76,33.41,3.7,0.0
2025-02-24 23:00:00,22.52,33.15,4.06,0.0
2025-02-25 00:00:00,22.43,32.46,4.79,0.0
2025-02-25 01:00:00,22.76,30.74,5.9,6.43
2025-02-25 02:00:00,25.19,25.5,7.04,122.85
2025-02-25 03:00:00,29.45,19.65,6.55,335.95
2025-02-25 04:00:00,34.58,14.62,5.9,540.58
2025-02-25 05:00:00,36.92,13.03,4.24,670.65
2025-02-25 06:00:00,38.11,12.28,3.22,854.9
2025-02-25 07:00:00,38.88,11.62,2.23,865.15
2025-02-25 08:00:00,39.22,11.22,1.14,843.08
2025-02-25 09:00:00,39.06,11.31,0.35,770.08
2025-02-25 10:00:00,38.36,12.14,1.46,533.62
2025-02-25 11:00:00,36.85,14.05,2.51,300.98
2025-02-25 12:00:00,33.2,21.54,3.14,91.53
2025-02-25 13:00:00,29.29,33.82,3.87,0.0
2025-02-25 14:00:00,27.38,44.83,3.9,0.0
2025-02-25 15:00:00,26.02,53.02,3.2,0.0
2025-02-25 16:00:00,25.12,55.61,2.91,0.0
2025-02-25 17:00:00,24.48,53.72,2.9,0.0
2025-02-25 18:00:00,23.98,49.46,3.01,0.0
2025-02-25 19:00:00,23.54,44.6,3.06,0.0
2025-02-25 20:00:00,23.14,41.03,3.08,0.0
2025-02-25 21:00:00,22.81,39.3,3.09,0.0
2025-02-25 22:00:00,22.53,38.73,3.12,0.0
2025-02-25 23:00:00,22.17,39.23,3.3,0.0
2025-02-26 00:00:00,21.84,40.24,3.59,0.0
2025-02-26 01:00:00,22.28,39.62,4.2,6.6
2025-02-26 02:00:00,25.56,32.61,5.96,135.02
2025-02-26 03:00:00,29.68,26.14,5.24,364.15
2025-02-26 04:00:00,34.77,19.81,5.66,584.12
2025-02-26 05:00:00,36.93,17.8,4.83,753.9
2025-02-26 06:00:00,38.26,16.49,3.62,856.47
2025-02-26 07:00:00,39.16,15.42,2.78,869.25
2025-02-26 08:00:00,39.66,14.66,2.08,855.55
2025-02-26 09:00:00,39.58,14.4,1.07,695.55
2025-02-26 10:00:00,39.01,14.72,0.62,510.73
2025-02-26 11:00:00,37.72,16.03,0.92,290.08
2025-02-26 12:00:00,34.13,25.71,1.6,86.75
2025-02-26 13:00:00,30.18,36.62,2.43,0.0
2025-02-26 14:00:00,28.56,44.15,2.55,0.0
2025-02-26 15:00:00,27.29,49.48,2.46,0.0
2025-02-26 16:00:00,26.45,50.71,2.53,0.0
2025-02-26 17:00:00,25.9,48.1,2.7,0.0
2025-02-26 18:00:00,25.46,43.72,2.84,0.0
2025-02-26 19:00:00,24.98,39.76,3.02,0.0
2025-02-26 20:00:00,24.39,38.08,3.13,0.0
2025-02-26 21:00:00,23.7,38.05,3.25,0.0
2025-02-26 22:00:00,23.16,38.18,3.58,0.0
2025-02-26 23:00:00,22.83,38.21,4.01,0.0
2025-02-27 00:00:00,22.61,38.45,4.48,0.0
2025-02-27 01:00:00,22.83,38.1,4.85,6.65
2025-02-27 02:00:00,25.59,32.27,5.59,128.95
2025-02-27 03:00:00,29.68,26.04,4.45,351.8
2025-02-27 04:00:00,34.74,19.63,4.53,566.97
2025-02-27 05:00:00,36.9,16.94,3.45,739.88
2025-02-27 06:00:00,38.32,15.06,2.98,845.0
2025-02-27 07:00:00,39.23,13.84,2.74,859.25
2025-02-27 08:00:00,39.58,13.19,1.95,856.08
2025-02-27 09:00:00,39.19,13.59,1.04,691.62
2025-02-27 10:00:00,38.23,15.09,1.67,502.67
2025-02-27 11:00:00,36.49,18.34,3.15,284.77
2025-02-27 12:00:00,33.2,26.87,4.75,85.18
2025-02-27 13:00:00,29.63,40.02,4.93,0.0
2025-02-27 14:00:00,27.89,48.66,4.48,0.0
2025-02-27 15:00:00,26.77,53.12,3.35,0.0
2025-02-27 16:00:00,25.92,54.2,2.71,0.0
2025-02-27 17:00:00,25.32,52.37,2.64,0.0
2025-02-27 18:00:00,24.87,48.87,2.66,0.0
2025-02-27 19:00:00,24.49,45.41,2.65,0.0
2025-02-27 20:00:00,24.13,43.3,2.63,0.0
2025-02-27 21:00:00,23.75,42.06,2.66,0.0
2025-02-27 22:00:00,23.33,41.18,2.72,0.0
2025-02-27 23:00:00,22.93,40.67,2.74,0.0
2025-02-28 00:00:00,22.56,40.23,2.75,0.0
2025-02-28 01:00:00,22.73,38.88,2.68,6.5
2025-02-28 02:00:00,26.22,29.93,3.36,120.07
2025-02-28 03:00:00,30.26,24.49,2.55,331.17
2025-02-28 04:00:00,33.7,21.23,1.92,513.12
2025-02-28 05:00:00,36.08,17.33,0.84,714.97
2025-02-28 06:00:00,37.66,15.83,0.81,821.4
2025-02-28 07:00:00,38.47,16.0,2.24,831.05
2025-02-28 08:00:00,38.55,16.84,3.39,828.4
2025-02-28 09:00:00,37.98,18.12,4.27,663.15
2025-02-28 10:00:00,36.99,19.8,4.96,483.12
2025-02-28 11:00:00,35.57,22.09,5.36,267.08
2025-02-28 12:00:00,33.12,27.06,5.04,79.22
2025-02-28 13:00:00,30.15,34.83,4.37,0.0
2025-02-28 14:00:00,28.7,39.91,4.14,0.0
2025-02-28 15:00:00,27.58,43.1,3.47,0.0
2025-02-28 16:00:00,26.72,44.62,2.99,0.0
2025-02-28 17:00:00,26.0,45.28,2.81,0.0
2025-02-28 18:00:00,25.4,45.19,2.81,0.0
2025-02-28 19:00:00,24.88,44.77,2.86,0.0
2025-02-28 20:00:00,24.41,44.4,2.92,0.0
2025-02-28 21:00:00,23.97,44.29,2.96,0.0
2025-02-28 22:00:00,23.54,44.4,3.01,0.0
2025-02-28 23:00:00,23.15,44.24,3.05,0.0
2025-03-01 00:00:00,22.81,43.87,3.11,0.0
2025-03-01 01:00:00,23.1,42.02,3.05,6.85
2025-03-01 02:00:00,26.58,32.84,4.1,115.9
2025-03-01 03:00:00,30.75,25.01,3.21,321.1
2025-03-01 04:00:00,34.55,19.96,2.13,532.6
2025-03-01 05:00:00,36.86,17.03,0.76,703.6
2025-03-01 06:00:00,38.18,16.33,0.71,810.22
2025-03-01 07:00:00,38.77,16.75,2.07,856.92
2025-03-01 08:00:00,38.6,17.95,3.31,781.4
2025-03-01 09:00:00,37.75,19.59,4.34,663.25
2025-03-01 10:00:00,36.45,21.83,5.05,486.4
2025-03-01 11:00:00,34.61,25.33,5.59,274.85
2025-03-01 12:00:00,31.99,31.36,5.6,82.15
2025-03-01 13:00:00,29.27,40.53,4.66,0.0
2025-03-01 14:00:00,27.78,47.29,3.89,0.0
2025-03-01 15:00:00,26.74,51.23,2.99,0.0
2025-03-01 16:00:00,25.96,53.26,2.65,0.0
2025-03-01 17:00:00,25.31,54.59,2.59,0.0
2025-03-01 18:00:00,24.75,55.13,2.61,0.0
2025-03-01 19:00:00,24.25,54.52,2.69,0.0
2025-03-01 20:00:00,23.78,52.64,2.81,0.0
2025-03-01 21:00:00,23.33,50.3,2.87,0.0
2025-03-01 22:00:00,22.95,48.13,2.84,0.0
2025-03-01 23:00:00,22.66,46.01,2.79,0.0
2025-03-02 00:00:00,22.39,44.4,2.79,0.0
2025-03-02 01:00:00,22.65,42.01,2.73,8.18
2025-03-02 02:00:00,26.36,32.0,3.39,128.57
2025-03-02 03:00:00,30.28,23.61,4.02,335.6
2025-03-02 04:00:00,33.94,18.93,3.82,551.75
2025-03-02 05:00:00,36.59,15.53,3.17,738.03
2025-03-02 06:00:00,38.31,13.54,3.07,859.53
2025-03-02 07:00:00,39.19,12.83,3.64,866.05
2025-03-02 08:00:00,39.28,12.82,4.51,819.08
2025-03-02 09:00:00,38.58,13.74,5.29,701.55
2025-03-02 10:00:00,37.29,15.78,5.75,520.83
2025-03-02 11:00:00,35.43,19.14,6.08,305.2
2025-03-02 12:00:00,32.45,26.52,5.79,95.97
2025-03-02 13:00:00,29.1,38.4,4.72,0.0
2025-03-02 14:00:00,27.46,46.18,4.18,0.0
2025-03-02 15:00:00,26.2,50.97,3.5,0.0
2025-03-02 16:00:00,25.26,53.36,3.2,0.0
2025-03-02 17:00:00,24.55,53.92,3.13,0.0
2025-03-02 18:00:00,23.98,52.64,3.13,0.0
2025-03-02 19:00:00,23.51,50.24,3.17,0.0
2025-03-02 20:00:00,23.13,47.67,3.22,0.0
2025-03-02 21:00:00,22.76,45.86,3.27,0.0
2025-03-02 22:00:00,22.41,45.14,3.33,0.0
2025-03-02 23:00:00,22.08,45.41,3.44,0.0
2025-03-03 00:00:00,21.82,45.37,3.57,0.0
2025-03-03 01:00:00,22.35,43.31,3.66,9.15
2025-03-03 02:00:00,26.38,33.07,4.95,144.25
2025-03-03 03:00:00,30.88,23.74,4.15,365.33
2025-03-03 04:00:00,35.32,16.55,4.28,596.9
2025-03-03 05:00:00,37.84,13.76,4.02,763.12
2025-03-03 06:00:00,39.35,12.63,4.07,864.28
2025-03-03 07:00:00,39.98,12.67,4.61,869.6
2025-03-03 08:00:00,39.77,13.54,5.45,813.0
2025-03-03 09:00:00,38.79,15.14,6.21,703.95
2025-03-03 10:00:00,37.36,17.4,6.87,468.52
2025-03-03 11:00:00,35.64,19.99,7.32,262.1
2025-03-03 12:00:00,33.22,24.7,6.58,83.95
2025-03-03 13:00:00,30.17,32.65,4.85,0.0
2025-03-03 14:00:00,28.74,37.33,4.36,0.0
2025-03-03 15:00:00,27.77,39.99,3.97,0.0
2025-03-03 16:00:00,27.0,40.9,3.6,0.0
2025-03-03 17:00:00,26.23,40.93,3.41,0.0
2025-03-03 18:00:00,25.55,40.5,3.34,0.0
2025-03-03 19:00:00,24.94,40.36,3.32,0.0
2025-03-03 20:00:00,24.42,40.41,3.4,0.0
2025-03-03 21:00:00,23.97,40.59,3.48,0.0
2025-03-03 22:00:00,23.51,40.96,3.53,0.0
2025-03-03 23:00:00,23.09,41.3,3.59,0.0
2025-03-04 00:00:00,22.69,41.71,3.63,0.0
2025-03-04 01:00:00,23.05,40.4,3.57,9.32
2025-03-04 02:00:00,26.71,31.69,4.78,125.18
2025-03-04 03:00:00,30.7,24.12,5.6,326.9
2025-03-04 04:00:00,34.3,19.72,5.68,529.8
2025-03-04 05:00:00,37.07,16.95,4.94,731.95
2025-03-04 06:00:00,38.64,15.29,4.54,854.72
2025-03-04 07:00:00,39.1,14.83,4.98,881.88
2025-03-04 08:00:00,38.96,15.09,5.88,841.03
2025-03-04 09:00:00,38.39,15.93,6.7,704.08
2025-03-04 10:00:00,37.42,17.13,7.4,535.67
2025-03-04 11:00:00,35.83,19.07,7.82,317.48
2025-03-04 12:00:00,33.21,22.64,7.08,108.68
2025-03-04 13:00:00,30.06,26.9,5.63,0.0
2025-03-04 14:00:00,28.37,27.41,5.02,0.0
2025-03-04 15:00:00,27.03,26.67,4.75,0.0
2025-03-04 16:00:00,26.36,24.53,5.09,0.0
2025-03-04 17:00:00,25.38,24.41,4.84,0.0
2025-03-04 18:00:00,24.36,25.14,4.6,0.0
2025-03-04 19:00:00,23.44,25.72,4.48,0.0
2025-03-04 20:00:00,22.62,26.26,4.39,0.0
2025-03-04 21:00:00,21.96,26.84,4.23,0.0
2025-03-04 22:00:00,21.52,27.32,4.17,0.0
2025-03-04 23:00:00,20.72,28.38,4.23,0.0
2025-03-05 00:00:00,20.12,29.13,4.43,0.0
2025-03-05 01:00:00,20.53,27.96,5.14,12.4
2025-03-05 02:00:00,23.71,22.45,6.3,182.27
2025-03-05 03:00:00,28.62,16.36,5.89,432.38
2025-03-05 04:00:00,33.59,12.91,5.3,587.33
2025-03-05 05:00:00,36.31,11.0,3.79,836.92
2025-03-05 06:00:00,38.32,8.92,2.8,946.8
2025-03-05 07:00:00,39.73,7.71,2.19,969.92
2025-03-05 08:00:00,40.43,7.42,2.06,940.9
2025-03-05 09:00:00,40.38,7.49,2.43,795.08
2025-03-05 10:00:00,39.69,7.82,3.06,605.83
2025-03-05 11:00:00,38.31,8.7,3.6,370.17
2025-03-05 12:00:00,34.32,13.99,3.08,131.05
2025-03-05 13:00:00,29.52,22.5,3.25,0.0
2025-03-05 14:00:00,27.75,26.5,3.0,0.0
2025-03-05 15:00:00,26.67,25.15,3.43,0.0
2025-03-05 16:00:00,25.93,21.71,4.38,0.0
2025-03-05 17:00:00,25.4,17.86,5.49,0.0
2025-03-05 18:00:00,24.68,15.5,6.14,0.0
2025-03-05 19:00:00,23.67,15.69,6.12,0.0
2025-03-05 20:00:00,22.71,16.62,5.89,0.0
2025-03-05 21:00:00,21.78,17.53,5.42,0.0
2025-03-05 22:00:00,20.96,18.3,5.12,0.0
2025-03-05 23:00:00,20.33,18.76,5.01,0.0
2025-03-06 00:00:00,19.72,19.08,4.84,0.0
2025-03-06 01:00:00,20.01,18.35,4.89,13.7
2025-03-06 02:00:00,23.66,13.98,5.78,191.62
2025-03-06 03:00:00,28.52,10.33,4.14,447.92
2025-03-06 04:00:00,34.06,7.93,2.24,673.47
2025-03-06 05:00:00,36.82,6.37,1.85,863.83
2025-03-06 06:00:00,38.6,5.59,2.2,954.15
2025-03-06 07:00:00,39.59,5.25,2.86,979.88
2025-03-06 08:00:00,39.96,5.44,3.69,839.96
2025-03-06 09:00:00,39.57,6.15,4.59,799.4
2025-03-06 10:00:00,38.46,7.4,5.48,625.3
2025-03-06 11:00:00,36.56,9.5,6.12,380.42
2025-03-06 12:00:00,33.01,14.84,5.88,116.5
2025-03-06 13:00:00,28.65,24.77,4.95,0.0
2025-03-06 14:00:00,26.54,33.13,4.22,0.0
2025-03-06 15:00:00,24.96,39.07,3.26,0.0
2025-03-06 16:00:00,23.91,40.65,3.02,0.0
2025-03-06 17:00:00,23.28,36.97,3.18,0.0
2025-03-06 18:00:00,22.75,31.02,3.38,0.0
2025-03-06 19:00:00,22.21,26.2,3.6,0.0
2025-03-06 20:00:00,21.74,22.71,3.82,0.0
2025-03-06 21:00:00,21.33,20.2,4.0,0.0
2025-03-06 22:00:00,20.91,18.84,4.12,0.0
2025-03-06 23:00:00,20.52,18.58,4.2,0.0
2025-03-07 00:00:00,20.16,18.67,4.25,0.0
2025-03-07 01:00:00,20.73,17.91,4.31,14.07
2025-03-07 02:00:00,25.02,13.12,5.45,190.35
2025-03-07 03:00:00,29.63,10.6,4.29,442.02
2025-03-07 04:00:00,34.67,9.63,4.38,660.92
2025-03-07 05:00:00,36.84,9.01,3.56,849.75
2025-03-07 06:00:00,38.46,8.33,2.87,946.53
2025-03-07 07:00:00,39.55,8.0,2.65,984.65
2025-03-07 08:00:00,40.09,8.02,2.79,918.95
2025-03-07 09:00:00,40.03,8.41,3.12,793.83
2025-03-07 10:00:00,39.17,9.47,3.76,615.8
2025-03-07 11:00:00,37.48,11.42,4.47,372.9
2025-03-07 12:00:00,33.98,17.77,5.11,114.6
2025-03-07 13:00:00,29.53,29.93,5.13,0.0
2025-03-07 14:00:00,27.36,39.18,4.42,0.0
2025-03-07 15:00:00,25.76,45.13,3.21,0.0
2025-03-07 16:00:00,24.67,48.38,2.89,0.0
2025-03-07 17:00:00,23.84,49.38,2.93,0.0
2025-03-07 18:00:00,23.18,47.07,3.06,0.0
2025-03-07 19:00:00,22.66,41.86,3.2,0.0
2025-03-07 20:00:00,22.29,35.92,3.33,0.0
2025-03-07 21:00:00,22.0,31.61,3.34,0.0
2025-03-07 22:00:00,21.77,29.05,3.29,0.0
2025-03-07 23:00:00,21.55,27.59,3.28,0.0
2025-03-08 00:00:00,21.28,27.11,3.3,0.0
2025-03-08 01:00:00,21.88,26.16,3.18,13.9
2025-03-08 02:00:00,26.88,18.77,3.66,184.23
2025-03-08 03:00:00,31.53,15.4,2.2,430.05
2025-03-08 04:00:00,35.45,12.87,3.03,667.8
2025-03-08 05:00:00,37.42,11.59,3.48,848.9
2025-03-08 06:00:00,38.71,10.99,3.65,926.62
2025-03-08 07:00:00,39.37,11.12,3.89,957.95
2025-03-08 08:00:00,39.38,11.88,4.31,904.97
2025-03-08 09:00:00,38.71,13.23,4.76,790.85
2025-03-08 10:00:00,37.43,15.26,5.2,616.95
2025-03-08 11:00:00,35.54,18.33,5.45,378.17
2025-03-08 12:00:00,32.55,25.51,5.02,126.32
2025-03-08 13:00:00,28.52,41.21,3.23,0.0
2025-03-08 14:00:00,26.53,54.36,2.34,0.0
2025-03-08 15:00:00,25.4,63.27,1.63,0.0
2025-03-08 16:00:00,24.87,68.63,1.05,0.0
2025-03-08 17:00:00,24.22,73.94,1.02,0.0
2025-03-08 18:00:00,23.36,79.28,1.4,0.0
2025-03-08 19:00:00,22.54,82.58,1.78,0.0
2025-03-08 20:00:00,21.99,81.77,2.01,0.0
2025-03-08 21:00:00,21.69,76.98,2.11,0.0
2025-03-08 22:00:00,21.54,70.26,2.19,0.0
2025-03-08 23:00:00,21.35,63.33,2.35,0.0
2025-03-09 00:00:00,21.1,55.74,2.62,0.0
2025-03-09 01:00:00,21.7,45.14,2.83,14.35
2025-03-09 02:00:00,26.42,28.07,3.83,183.18
2025-03-09 03:00:00,31.38,18.54,3.71,427.38
2025-03-09 04:00:00,35.91,13.69,3.74,663.0
2025-03-09 05:00:00,38.4,11.41,3.0,822.55
2025-03-09 06:00:00,40.08,10.01,2.05,924.83
2025-03-09 07:00:00,41.12,9.32,1.09,953.25
2025-03-09 08:00:00,41.58,9.34,0.88,920.47
2025-03-09 09:00:00,41.23,10.29,1.81,770.92
2025-03-09 10:00:00,40.05,12.2,2.95,581.08
2025-03-09 11:00:00,38.07,15.65,4.27,350.58
2025-03-09 12:00:00,34.51,24.03,5.76,120.97
2025-03-09 13:00:00,30.37,39.05,6.13,0.0
2025-03-09 14:00:00,28.24,50.24,5.78,0.0
2025-03-09 15:00:00,27.24,55.37,4.75,0.0
2025-03-09 16:00:00,26.52,56.96,3.87,0.0
2025-03-09 17:00:00,25.86,55.98,3.34,0.0
2025-03-09 18:00:00,25.45,50.62,3.18,0.0
2025-03-09 19:00:00,25.25,41.57,3.32,0.0
2025-03-09 20:00:00,24.99,33.91,3.58,0.0
2025-03-09 21:00:00,24.57,30.48,3.82,0.0
2025-03-09 22:00:00,24.01,29.81,4.06,0.0
2025-03-09 23:00:00,23.54,30.02,4.57,0.0
2025-03-10 00:00:00,23.17,30.55,5.25,0.0
2025-03-10 01:00:00,23.33,30.29,6.24,13.82
2025-03-10 02:00:00,25.92,26.3,6.81,167.23
2025-03-10 03:00:00,30.96,21.64,6.29,408.65
2025-03-10 04:00:00,36.26,18.71,6.32,629.3
2025-03-10 05:00:00,39.02,16.42,5.06,781.42
2025-03-10 06:00:00,40.7,14.64,3.55,879.55
2025-03-10 07:00:00,41.66,13.35,2.26,904.95
2025-03-10 08:00:00,42.01,12.78,1.27,898.62
2025-03-10 09:00:00,41.66,12.98,0.73,718.25
2025-03-10 10:00:00,40.93,13.65,1.12,527.05
2025-03-10 11:00:00,39.44,15.3,1.92,303.17
2025-03-10 12:00:00,36.29,20.95,2.67,97.5
2025-03-10 13:00:00,32.2,32.96,2.97,0.0
2025-03-10 14:00:00,30.25,42.43,2.58,0.0
2025-03-10 15:00:00,28.7,50.01,1.79,0.0
2025-03-10 16:00:00,27.91,53.82,1.31,0.0
2025-03-10 17:00:00,27.5,53.7,1.53,0.0
2025-03-10 18:00:00,26.99,51.66,2.14,0.0
2025-03-10 19:00:00,26.6,47.96,2.66,0.0
2025-03-10 20:00:00,26.3,43.74,3.02,0.0
2025-03-10 21:00:00,25.97,40.75,3.27,0.0
2025-03-10 22:00:00,25.68,39.19,3.6,0.0
2025-03-10 23:00:00,25.46,38.55,4.18,0.0
2025-03-11 00:00:00,25.24,38.54,4.9,0.0
2025-03-11 01:00:00,25.37,38.04,5.7,12.75
2025-03-11 02:00:00,27.57,33.26,5.92,147.7
2025-03-11 03:00:00,32.39,25.47,5.52,334.65
2025-03-11 04:00:00,36.52,20.87,5.24,525.97
2025-03-11 05:00:00,38.63,19.25,3.9,737.47
2025-03-11 06:00:00,39.98,17.48,2.6,850.65
2025-03-11 07:00:00,40.86,15.81,1.62,875.6
2025-03-11 08:00:00,41.18,15.0,0.88,852.3
2025-03-11 09:00:00,40.9,15.15,0.24,700.05
2025-03-11 10:00:00,40.21,15.99,0.54,512.28
2025-03-11 11:00:00,38.9,17.88,1.4,294.48
2025-03-11 12:00:00,35.95,25.34,3.08,94.9
2025-03-11 13:00:00,32.25,39.31,4.32,0.0
2025-03-11 14:00:00,30.26,50.22,4.7,0.0
2025-03-11 15:00:00,28.97,58.27,3.87,0.0
2025-03-11 16:00:00,28.11,63.1,2.73,0.0
2025-03-11 17:00:00,27.34,65.91,2.0,0.0
2025-03-11 18:00:00,26.74,66.65,1.92,0.0
2025-03-11 19:00:00,26.24,65.45,2.0,0.0
2025-03-11 20:00:00,25.87,61.96,2.22,0.0
2025-03-11 21:00:00,25.6,56.76,2.37,0.0
2025-03-11 22:00:00,25.36,50.95,2.47,0.0
2025-03-11 23:00:00,25.14,45.68,2.57,0.0
2025-03-12 00:00:00,24.93,41.45,2.67,0.0
2025-03-12 01:00:00,25.37,37.51,2.67,13.12
2025-03-12 02:00:00,28.84,29.09,3.36,145.4
2025-03-12 03:00:00,32.85,24.72,2.1,360.65
2025-03-12 04:00:00,36.79,19.05,1.41,532.45
2025-03-12 05:00:00,39.08,15.91,0.91,735.35
2025-03-12 06:00:00,40.44,14.31,0.6,847.88
2025-03-12 07:00:00,41.11,13.77,1.27,900.03
2025-03-12 08:00:00,41.14,14.22,2.12,829.12
2025-03-12 09:00:00,40.53,15.42,2.96,704.5
2025-03-12 10:00:00,39.4,17.46,3.78,518.55
2025-03-12 11:00:00,37.59,21.14,4.78,296.77
2025-03-12 12:00:00,34.58,29.42,5.66,97.28
2025-03-12 13:00:00,31.06,45.18,5.25,0.0
2025-03-12 14:00:00,29.23,58.06,4.06,0.0
2025-03-12 15:00:00,28.1,67.72,2.17,0.0
2025-03-12 16:00:00,27.21,74.86,1.36,0.0
2025-03-12 17:00:00,26.58,78.99,1.5,0.0
2025-03-12 18:00:00,26.12,79.83,1.68,0.0
2025-03-12 19:00:00,25.8,77.37,1.61,0.0
2025-03-12 20:00:00,25.64,72.89,1.51,0.0
2025-03-12 21:00:00,25.44,68.59,1.55,0.0
2025-03-12 22:00:00,25.08,65.06,1.77,0.0
2025-03-12 23:00:00,24.67,61.55,2.07,0.0
2025-03-13 00:00:00,24.27,57.65,2.38,0.0
2025-03-13 01:00:00,24.71,52.17,2.51,14.4
2025-03-13 02:00:00,28.31,38.8,3.14,148.12
2025-03-13 03:00:00,32.97,25.73,2.75,356.6
2025-03-13 04:00:00,37.07,18.51,2.61,561.38
2025-03-13 05:00:00,39.22,15.62,2.07,737.0
2025-03-13 06:00:00,40.28,14.8,2.3,871.95
2025-03-13 07:00:00,40.62,15.29,3.29,868.28
2025-03-13 08:00:00,40.37,16.32,4.34,813.38
2025-03-13 09:00:00,39.62,17.52,5.18,756.42
2025-03-13 10:00:00,38.45,18.79,5.66,505.92
2025-03-13 11:00:00,36.89,20.4,5.81,288.65
2025-03-13 12:00:00,34.53,24.17,5.36,93.18
2025-03-13 13:00:00,31.11,33.67,3.61,0.0
2025-03-13 14:00:00,29.37,41.19,3.02,0.0
2025-03-13 15:00:00,28.11,48.79,2.51,0.0
2025-03-13 16:00:00,27.13,57.01,2.17,0.0
2025-03-13 17:00:00,26.4,65.25,1.89,0.0
2025-03-13 18:00:00,25.81,73.28,1.65,0.0
2025-03-13 19:00:00,25.28,80.23,1.46,0.0
2025-03-13 20:00:00,24.82,84.98,1.33,0.0
2025-03-13 21:00:00,24.37,87.33,1.39,0.0
2025-03-13 22:00:00,23.92,87.02,1.6,0.0
2025-03-13 23:00:00,23.58,83.94,1.85,0.0
2025-03-14 00:00:00,23.33,78.74,2.09,0.0
2025-03-14 01:00:00,24.02,68.78,2.18,16.17
2025-03-14 02:00:00,27.31,49.96,2.9,169.3
2025-03-14 03:00:00,31.65,30.51,2.39,398.25
2025-03-14 04:00:00,35.73,19.34,3.18,625.42
2025-03-14 05:00:00,37.84,16.16,3.27,799.33
2025-03-14 06:00:00,39.11,14.94,3.45,908.22
2025-03-14 07:00:00,39.68,14.95,4.08,934.78
2025-03-14 08:00:00,39.55,15.64,4.91,917.75
2025-03-14 09:00:00,38.73,16.86,5.4,757.35
2025-03-14 10:00:00,37.51,18.25,5.55,568.75
2025-03-14 11:00:00,36.07,19.77,5.61,339.92
2025-03-14 12:00:00,34.04,22.75,5.23,117.85
2025-03-14 13:00:00,30.87,30.64,3.81,0.0
2025-03-14 14:00:00,29.3,37.72,3.35,0.0
2025-03-14 15:00:00,28.01,44.78,2.82,0.0
2025-03-14 16:00:00,26.9,51.46,2.48,0.0
2025-03-14 17:00:00,26.07,57.27,2.23,0.0
2025-03-14 18:00:00,25.41,62.07,2.1,0.0
2025-03-14 19:00:00,24.74,65.89,2.13,0.0
2025-03-14 20:00:00,24.08,68.73,2.25,0.0
2025-03-14 21:00:00,23.48,71.08,2.38,0.0
2025-03-14 22:00:00,22.98,73.49,2.48,0.0
2025-03-14 23:00:00,22.58,75.32,2.52,0.0
2025-03-15 00:00:00,22.3,75.32,2.57,0.0
2025-03-15 01:00:00,23.0,69.77,2.47,17.1
2025-03-15 02:00:00,26.21,53.72,3.13,169.3
2025-03-15 03:00:00,30.8,32.2,3.22,388.65
2025-03-15 04:00:00,34.36,22.09,3.34,605.28
2025-03-15 05:00:00,36.8,18.4,2.81,780.78
2025-03-15 06:00:00,38.7,16.1,2.5,888.03
2025-03-15 07:00:00,39.75,15.66,2.93,894.92
2025-03-15 08:00:00,39.9,16.25,3.77,837.17
2025-03-15 09:00:00,39.24,17.61,4.52,678.08
2025-03-15 10:00:00,38.0,19.54,5.07,478.15
2025-03-15 11:00:00,36.35,22.04,5.46,265.05
2025-03-15 12:00:00,34.1,26.31,5.51,93.18
2025-03-15 13:00:00,31.36,34.8,4.47,0.0
2025-03-15 14:00:00,29.75,43.35,3.63,0.0
2025-03-15 15:00:00,28.43,51.68,2.68,0.0
2025-03-15 16:00:00,27.6,58.81,2.35,0.0
2025-03-15 17:00:00,26.98,65.07,2.18,0.0
2025-03-15 18:00:00,26.36,70.52,2.09,0.0
2025-03-15 19:00:00,25.81,74.4,2.06,0.0
2025-03-15 20:00:00,25.32,76.8,2.09,0.0
2025-03-15 21:00:00,24.84,77.9,2.11,0.0
2025-03-15 22:00:00,24.22,78.43,2.13,0.0
2025-03-15 23:00:00,23.76,77.17,2.16,0.0
2025-03-16 00:00:00,23.75,73.06,2.11,0.0
2025-03-16 01:00:00,24.49,65.56,2.2,16.4
2025-03-16 02:00:00,26.6,53.15,2.95,151.9
2025-03-16 03:00:00,29.09,40.59,3.52,346.27
2025-03-16 04:00:00,31.97,29.54,3.67,590.08
2025-03-16 05:00:00,34.61,23.26,3.36,761.33
2025-03-16 06:00:00,36.98,19.64,3.22,874.92
2025-03-16 07:00:00,38.5,17.38,3.68,876.9
2025-03-16 08:00:00,38.98,16.69,4.55,825.5
2025-03-16 09:00:00,38.59,17.28,5.4,709.17
2025-03-16 10:00:00,37.61,18.5,5.86,525.42
2025-03-16 11:00:00,36.1,20.41,5.98,305.3
2025-03-16 12:00:00,33.79,24.46,5.68,102.75
2025-03-16 13:00:00,30.69,33.51,4.61,0.0
2025-03-16 14:00:00,29.03,41.71,4.15,0.0
2025-03-16 15:00:00,27.85,48.22,3.46,0.0
2025-03-16 16:00:00,26.9,53.45,3.07,0.0
2025-03-16 17:00:00,26.12,58.44,2.93,0.0
2025-03-16 18:00:00,25.42,63.83,2.88,0.0
2025-03-16 19:00:00,24.8,69.34,2.84,0.0
2025-03-16 20:00:00,24.26,73.84,2.74,0.0
2025-03-16 21:00:00,23.79,76.35,2.63,0.0
2025-03-16 22:00:00,23.4,76.69,2.52,0.0
2025-03-16 23:00:00,23.16,74.59,2.47,0.0
2025-03-17 00:00:00,22.97,71.33,2.47,0.0
2025-03-17 01:00:00,23.7,64.36,2.43,18.88
2025-03-17 02:00:00,26.77,48.93,3.28,185.07
2025-03-17 03:00:00,30.42,32.15,4.1,381.7
2025-03-17 04:00:00,33.3,23.61,4.31,633.88
2025-03-17 05:00:00,35.2,20.87,4.16,812.75
2025-03-17 06:00:00,36.66,18.88,4.41,922.05
2025-03-17 07:00:00,37.67,17.73,4.93,904.67
2025-03-17 08:00:00,37.91,17.31,5.65,857.85
2025-03-17 09:00:00,37.38,17.46,6.1,731.53
2025-03-17 10:00:00,36.58,17.74,6.13,517.78
2025-03-17 11:00:00,35.31,18.58,5.84,308.67
2025-03-17 12:00:00,33.41,21.19,4.91,108.55
2025-03-17 13:00:00,30.13,28.88,3.49,0.0
2025-03-17 14:00:00,28.58,35.22,3.31,0.0
2025-03-17 15:00:00,27.24,41.84,3.06,0.0
2025-03-17 16:00:00,25.89,48.98,2.95,0.0
2025-03-17 17:00:00,25.03,55.39,2.86,0.0
2025-03-17 18:00:00,24.87,59.99,2.67,0.0
2025-03-17 19:00:00,24.47,64.0,2.61,0.0
2025-03-17 20:00:00,24.01,66.06,2.57,0.0
2025-03-17 21:00:00,23.63,65.39,2.46,0.0
2025-03-17 22:00:00,23.11,64.0,2.37,0.0
2025-03-17 23:00:00,22.76,61.51,2.21,0.0
2025-03-18 00:00:00,22.78,57.52,1.91,0.0
2025-03-18 01:00:00,23.53,52.0,1.49,21.83
2025-03-18 02:00:00,26.53,42.5,1.22,203.05
2025-03-18 03:00:00,29.57,33.47,0.88,415.65
2025-03-18 04:00:00,32.77,24.82,0.9,656.6
2025-03-18 05:00:00,36.29,17.74,1.6,825.97
2025-03-18 06:00:00,37.94,16.37,2.7,937.72
2025-03-18 07:00:00,38.65,16.87,3.82,977.72
2025-03-18 08:00:00,38.58,18.04,4.86,897.75
2025-03-18 09:00:00,37.72,19.59,5.51,770.55
2025-03-18 10:00:00,36.34,21.38,5.61,582.88
2025-03-18 11:00:00,34.77,23.26,5.13,348.17
2025-03-18 12:00:00,32.63,26.9,4.31,125.62
2025-03-18 13:00:00,29.68,36.75,2.73,0.0
2025-03-18 14:00:00,28.16,46.1,2.39,0.0
2025-03-18 15:00:00,26.86,54.76,2.24,0.0
2025-03-18 16:00:00,25.77,62.86,2.22,0.0
2025-03-18 17:00:00,24.94,70.01,2.08,0.0
2025-03-18 18:00:00,24.29,75.21,1.95,0.0
2025-03-18 19:00:00,23.78,78.97,1.86,0.0
2025-03-18 20:00:00,23.35,81.78,1.76,0.0
2025-03-18 21:00:00,22.94,84.03,1.68,0.0
2025-03-18 22:00:00,22.49,86.12,1.67,0.0
2025-03-18 23:00:00,22.01,87.98,1.74,0.0
2025-03-19 00:00:00,21.66,88.46,1.82,0.0
2025-03-19 01:00:00,22.29,82.71,1.94,23.75
2025-03-19 02:00:00,25.37,63.14,2.03,207.57
2025-03-19 03:00:00,28.88,41.37,1.44,442.45
2025-03-19 04:00:00,32.95,23.41,0.65,668.83
2025-03-19 05:00:00,35.99,17.56,1.42,836.7
2025-03-19 06:00:00,37.53,16.65,2.62,951.05
2025-03-19 07:00:00,38.14,17.21,3.67,952.17
2025-03-19 08:00:00,37.73,18.68,4.66,899.03
2025-03-19 09:00:00,36.6,20.61,5.18,809.17
2025-03-19 10:00:00,35.16,22.67,5.11,586.05
2025-03-19 11:00:00,33.61,24.53,4.68,355.25
2025-03-19 12:00:00,31.75,27.28,4.02,120.07
2025-03-19 13:00:00,28.78,35.14,2.62,3.28
2025-03-19 14:00:00,27.34,40.91,2.4,0.0
2025-03-19 15:00:00,26.36,45.08,2.36,0.0
2025-03-19 16:00:00,25.58,48.59,2.39,0.0
2025-03-19 17:00:00,24.89,52.2,2.43,0.0
2025-03-19 18:00:00,24.26,56.5,2.47,0.0
2025-03-19 19:00:00,23.74,61.03,2.47,0.0
2025-03-19 20:00:00,23.27,65.27,2.42,0.0
2025-03-19 21:00:00,22.89,68.77,2.36,0.0
2025-03-19 22:00:00,22.5,71.75,2.31,0.0
2025-03-19 23:00:00,22.11,73.86,2.34,0.0
2025-03-20 00:00:00,21.72,75.13,2.43,0.0
2025-03-20 01:00:00,22.47,70.31,2.47,24.55
2025-03-20 02:00:00,25.8,54.56,3.12,206.98
2025-03-20 03:00:00,30.0,33.42,3.9,442.7
2025-03-20 04:00:00,33.84,19.96,4.68,651.95
2025-03-20 05:00:00,35.97,16.84,4.85,832.25
2025-03-20 06:00:00,37.32,15.4,5.13,937.9
2025-03-20 07:00:00,38.0,14.88,5.59,935.08
2025-03-20 08:00:00,38.09,14.98,6.01,923.45
2025-03-20 09:00:00,37.59,15.46,6.37,759.55
2025-03-20 10:00:00,36.6,16.12,6.56,573.83
2025-03-20 11:00:00,35.16,17.09,6.49,344.98
2025-03-20 12:00:00,33.07,19.33,5.94,116.03
2025-03-20 13:00:00,29.88,26.36,4.03,3.28
2025-03-20 14:00:00,28.29,32.53,3.69,0.0
2025-03-20 15:00:00,27.18,37.57,3.36,0.0
2025-03-20 16:00:00,26.18,42.36,3.08,0.0
2025-03-20 17:00:00,25.32,47.05,2.96,0.0
2025-03-20 18:00:00,24.56,52.48,2.92,0.0
2025-03-20 19:00:00,23.9,58.92,2.89,0.0
2025-03-20 20:00:00,23.49,64.92,2.8,0.0
2025-03-20 21:00:00,23.22,70.37,2.69,0.0
2025-03-20 22:00:00,22.91,75.39,2.54,0.0
2025-03-20 23:00:00,22.6,79.51,2.41,0.0
2025-03-21 00:00:00,22.39,82.04,2.3,0.0
2025-03-21 01:00:00,23.03,79.89,2.55,26.42
2025-03-21 02:00:00,25.22,67.69,3.34,218.68
2025-03-21 03:00:00,27.76,49.53,3.63,456.7
2025-03-21 04:00:00,30.25,35.3,3.22,684.05
2025-03-21 05:00:00,32.63,26.12,2.73,854.38
2025-03-21 06:00:00,34.59,21.49,2.96,957.42
2025-03-21 07:00:00,35.63,20.27,3.75,977.45
2025-03-21 08:00:00,35.82,20.38,4.53,946.5
2025-03-21 09:00:00,35.34,21.38,5.06,800.8
2025-03-21 10:00:00,34.29,22.95,5.31,613.25
2025-03-21 11:00:00,32.66,25.56,5.21,378.48
2025-03-21 12:00:00,30.46,30.14,4.7,132.02
2025-03-21 13:00:00,27.4,39.79,3.05,3.75
2025-03-21 14:00:00,25.76,47.93,2.69,0.0
2025-03-21 15:00:00,24.69,52.75,2.47,0.0
2025-03-21 16:00:00,23.92,54.94,2.41,0.0
2025-03-21 17:00:00,23.32,55.95,2.4,0.0
2025-03-21 18:00:00,22.94,56.22,2.27,0.0
2025-03-21 19:00:00,22.82,55.8,2.07,0.0
2025-03-21 20:00:00,22.85,55.27,1.83,0.0
2025-03-21 21:00:00,22.7,56.68,1.63,0.0
2025-03-21 22:00:00,22.3,59.9,1.59,0.0
2025-03-21 23:00:00,21.78,64.23,1.7,0.0
2025-03-22 00:00:00,21.2,68.92,1.85,0.0
2025-03-22 01:00:00,21.64,68.68,1.85,27.83
2025-03-22 02:00:00,25.12,57.56,2.42,218.95
2025-03-22 03:00:00,28.7,43.47,2.85,462.17
2025-03-22 04:00:00,32.45,26.61,3.22,669.67
2025-03-22 05:00:00,34.87,20.35,2.97,845.47
2025-03-22 06:00:00,36.49,17.68,2.77,949.97
2025-03-22 07:00:00,37.57,16.49,3.19,985.65
2025-03-22 08:00:00,37.96,17.04,3.95,875.49
2025-03-22 09:00:00,37.71,18.41,4.39,801.22
2025-03-22 10:00:00,36.99,19.94,4.4,610.88
2025-03-22 11:00:00,35.74,22.23,4.31,376.17
2025-03-22 12:00:00,33.59,27.04,4.36,132.05
2025-03-22 13:00:00,29.88,39.53,3.93,3.83
2025-03-22 14:00:00,28.02,50.39,3.69,0.0
2025-03-22 15:00:00,26.55,58.52,2.77,0.0
2025-03-22 16:00:00,25.57,63.49,2.23,0.0
2025-03-22 17:00:00,24.98,66.51,1.81,0.0
2025-03-22 18:00:00,24.6,68.53,1.55,0.0
2025-03-22 19:00:00,24.11,70.91,1.46,0.0
2025-03-22 20:00:00,23.53,73.44,1.48,0.0
2025-03-22 21:00:00,22.97,74.93,1.55,0.0
2025-03-22 22:00:00,22.44,74.87,1.72,0.0
2025-03-22 23:00:00,21.96,72.44,1.94,0.0
2025-03-23 00:00:00,21.55,67.85,2.21,0.0
2025-03-23 01:00:00,22.47,58.12,2.32,28.45
2025-03-23 02:00:00,26.36,39.3,3.01,220.1
2025-03-23 03:00:00,31.14,23.99,2.24,456.23
2025-03-23 04:00:00,35.76,16.29,1.6,684.4
2025-03-23 05:00:00,38.34,12.58,0.76,849.5
2025-03-23 06:00:00,39.74,11.52,1.26,952.88
2025-03-23 07:00:00,40.42,11.46,2.08,989.95
2025-03-23 08:00:00,40.43,12.12,2.93,898.9
2025-03-23 09:00:00,39.8,13.44,3.78,768.55
2025-03-23 10:00:00,38.51,15.96,4.54,574.05
2025-03-23 11:00:00,36.6,19.55,5.21,342.0
2025-03-23 12:00:00,33.66,26.48,5.77,113.18
2025-03-23 13:00:00,29.99,40.41,4.99,3.45
2025-03-23 14:00:00,27.92,52.72,3.38,0.0
2025-03-23 15:00:00,26.67,60.0,1.74,0.0
2025-03-23 16:00:00,26.24,62.37,1.04,0.0
2025-03-23 17:00:00,25.85,64.5,0.92,0.0
2025-03-23 18:00:00,25.32,67.09,0.93,0.0
2025-03-23 19:00:00,25.06,68.2,0.79,0.0
2025-03-23 20:00:00,24.74,69.48,0.66,0.0
2025-03-23 21:00:00,24.43,70.64,0.65,0.0
2025-03-23 22:00:00,24.06,72.69,0.8,0.0
2025-03-23 23:00:00,23.63,75.16,0.94,0.0
2025-03-24 00:00:00,23.14,77.46,1.06,0.0
2025-03-24 01:00:00,23.44,75.46,1.19,25.23
2025-03-24 02:00:00,26.1,61.33,1.56,187.55
2025-03-24 03:00:00,29.62,43.92,1.63,405.23
2025-03-24 04:00:00,34.41,24.45,1.99,630.83
2025-03-24 05:00:00,37.79,15.62,1.6,805.7
2025-03-24 06:00:00,39.71,12.44,0.74,908.62
2025-03-24 07:00:00,40.72,11.98,0.78,939.85
2025-03-24 08:00:00,40.94,12.85,1.69,883.22
2025-03-24 09:00:00,40.39,14.36,2.59,777.22
2025-03-24 10:00:00,39.4,16.25,3.38,564.08
2025-03-24 11:00:00,37.74,19.44,4.47,335.88
2025-03-24 12:00:00,34.82,26.79,5.83,112.3
2025-03-24 13:00:00,31.07,40.97,6.18,3.47
2025-03-24 14:00:00,28.93,53.51,5.52,0.0
2025-03-24 15:00:00,27.93,60.16,4.4,0.0
2025-03-24 16:00:00,27.17,64.31,3.33,0.0
2025-03-24 17:00:00,26.39,67.45,2.77,0.0
2025-03-24 18:00:00,25.75,69.15,2.6,0.0
2025-03-24 19:00:00,25.15,69.69,2.52,0.0
2025-03-24 20:00:00,24.68,67.4,2.54,0.0
2025-03-24 21:00:00,24.27,62.16,2.55,0.0
2025-03-24 22:00:00,23.92,56.12,2.53,0.0
2025-03-24 23:00:00,23.56,50.6,2.52,0.0
2025-03-25 00:00:00,23.14,46.38,2.57,0.0
2025-03-25 01:00:00,23.79,41.71,2.5,27.02
2025-03-25 02:00:00,27.17,30.34,2.99,193.55
2025-03-25 03:00:00,31.88,18.92,2.39,412.77
2025-03-25 04:00:00,36.26,14.29,2.17,630.28
2025-03-25 05:00:00,38.87,11.22,1.42,808.28
2025-03-25 06:00:00,40.33,10.41,0.78,912.1
2025-03-25 07:00:00,40.96,11.29,1.64,936.5
2025-03-25 08:00:00,40.82,12.95,2.73,898.88
2025-03-25 09:00:00,39.99,15.2,3.82,749.2
2025-03-25 10:00:00,38.58,18.38,5.0,558.38
2025-03-25 11:00:00,36.38,23.35,6.21,328.33
2025-03-25 12:00:00,33.11,32.72,6.88,109.28
2025-03-25 13:00:00,29.74,46.63,6.09,3.5
2025-03-25 14:00:00,28.14,56.24,4.52,0.0
2025-03-25 15:00:00,27.28,61.0,2.49,0.0
2025-03-25 16:00:00,26.49,64.16,1.64,0.0
2025-03-25 17:00:00,26.0,65.57,1.43,0.0
2025-03-25 18:00:00,25.65,66.1,1.15,0.0
2025-03-25 19:00:00,25.45,65.88,0.8,0.0
2025-03-25 20:00:00,25.33,65.24,0.33,0.0
2025-03-25 21:00:00,25.05,66.06,0.28,0.0
2025-03-25 22:00:00,24.73,68.08,0.34,0.0
2025-03-25 23:00:00,24.52,69.78,0.29,0.0
2025-03-26 00:00:00,24.35,71.06,0.33,0.0
2025-03-26 01:00:00,24.73,70.49,0.53,27.48
2025-03-26 02:00:00,26.73,63.39,1.33,189.82
2025-03-26 03:00:00,29.52,50.71,1.71,397.4
2025-03-26 04:00:00,32.29,38.46,1.7,626.28
2025-03-26 05:00:00,34.89,29.93,2.11,800.58
2025-03-26 06:00:00,36.69,24.95,3.28,900.0
2025-03-26 07:00:00,37.54,23.3,4.61,928.35
2025-03-26 08:00:00,37.54,23.47,5.76,915.97
2025-03-26 09:00:00,36.78,24.86,6.45,742.67
2025-03-26 10:00:00,35.4,27.69,6.79,554.22
2025-03-26 11:00:00,33.42,32.45,6.79,326.23
2025-03-26 12:00:00,30.82,40.73,6.21,108.55
2025-03-26 13:00:00,28.34,51.98,4.88,3.53
2025-03-26 14:00:00,27.12,59.55,3.76,0.0
2025-03-26 15:00:00,26.44,63.99,2.71,0.0
2025-03-26 16:00:00,25.85,67.53,1.96,0.0
2025-03-26 17:00:00,25.4,70.28,1.75,0.0
2025-03-26 18:00:00,25.03,72.63,1.61,0.0
2025-03-26 19:00:00,24.66,75.03,1.36,0.0
2025-03-26 20:00:00,24.44,76.87,1.17,0.0
2025-03-26 21:00:00,24.24,78.39,1.09,0.0
2025-03-26 22:00:00,23.96,80.08,1.17,0.0
2025-03-26 23:00:00,23.56,82.55,1.42,0.0
2025-03-27 00:00:00,23.16,85.36,1.61,0.0
2025-03-27 01:00:00,23.87,82.33,1.68,28.92
2025-03-27 02:00:00,26.15,69.7,2.52,175.65
2025-03-27 03:00:00,28.57,54.87,2.84,379.62
2025-03-27 04:00:00,31.24,41.12,3.16,582.65
2025-03-27 05:00:00,33.8,30.78,3.74,767.33
2025-03-27 06:00:00,35.25,27.12,4.56,893.9
2025-03-27 07:00:00,35.68,26.3,5.52,901.75
2025-03-27 08:00:00,35.2,27.12,6.18,845.05
2025-03-27 09:00:00,34.51,27.98,6.38,732.45
2025-03-27 10:00:00,33.91,28.18,6.14,550.85
2025-03-27 11:00:00,33.13,27.97,5.73,326.15
2025-03-27 12:00:00,31.91,29.23,5.19,109.53
2025-03-27 13:00:00,29.6,36.15,3.47,3.65
2025-03-27 14:00:00,28.04,43.81,2.92,0.0
2025-03-27 15:00:00,26.8,50.54,2.66,0.0
2025-03-27 16:00:00,25.87,56.34,2.49,0.0
2025-03-27 17:00:00,25.11,61.65,2.32,0.0
2025-03-27 18:00:00,24.49,66.11,2.2,0.0
2025-03-27 19:00:00,23.96,69.86,2.17,0.0
2025-03-27 20:00:00,23.5,72.99,2.23,0.0
2025-03-27 21:00:00,23.13,76.07,2.2,0.0
2025-03-27 22:00:00,22.8,79.95,2.1,0.0
2025-03-27 23:00:00,22.52,84.14,1.96,0.0
2025-03-28 00:00:00,22.34,87.8,1.79,0.0
2025-03-28 01:00:00,23.22,85.18,1.7,31.9
2025-03-28 02:00:00,25.86,71.94,2.4,209.88
2025-03-28 03:00:00,28.99,51.72,2.74,435.38
2025-03-28 04:00:00,32.08,37.04,2.59,649.58
2025-03-28 05:00:00,34.74,29.13,2.01,813.95
2025-03-28 06:00:00,36.96,23.83,1.68,909.15
2025-03-28 07:00:00,38.42,21.21,2.18,924.25
2025-03-28 08:00:00,38.99,20.62,3.18,844.83
2025-03-28 09:00:00,38.82,21.06,4.2,715.33
2025-03-28 10:00:00,37.94,22.34,4.93,527.3
2025-03-28 11:00:00,36.51,24.25,5.42,306.4
2025-03-28 12:00:00,34.38,27.55,5.79,98.55
2025-03-28 13:00:00,31.52,32.99,5.24,3.47
2025-03-28 14:00:00,29.8,36.54,4.42,0.0
2025-03-28 15:00:00,28.61,37.99,3.36,0.0
2025-03-28 16:00:00,27.73,38.08,2.92,0.0
2025-03-28 17:00:00,27.01,37.85,2.84,0.0
2025-03-28 18:00:00,26.35,37.25,2.9,0.0
2025-03-28 19:00:00,25.72,35.9,2.98,0.0
2025-03-28 20:00:00,25.15,33.89,3.02,0.0
2025-03-28 21:00:00,24.63,32.13,2.99,0.0
2025-03-28 22:00:00,24.2,30.91,2.94,0.0
2025-03-28 23:00:00,23.84,30.2,2.91,0.0
2025-03-29 00:00:00,23.48,29.95,3.0,0.0
2025-03-29 01:00:00,24.59,27.47,3.15,30.1
2025-03-29 02:00:00,28.32,20.86,4.18,193.9
2025-03-29 03:00:00,33.22,16.15,3.26,408.73
2025-03-29 04:00:00,37.27,13.94,2.46,615.6
2025-03-29 05:00:00,39.71,11.88,1.42,782.28
2025-03-29 06:00:00,41.29,10.69,0.46,886.65
2025-03-29 07:00:00,42.15,10.51,1.51,862.45
2025-03-29 08:00:00,42.15,11.21,2.79,803.35
2025-03-29 09:00:00,41.41,12.35,3.81,759.38
2025-03-29 10:00:00,40.08,13.89,4.84,486.27
2025-03-29 11:00:00,38.1,15.9,6.05,267.6
2025-03-29 12:00:00,35.18,19.42,6.74,83.72
2025-03-29 13:00:00,31.79,26.37,5.9,3.2
2025-03-29 14:00:00,29.92,31.91,4.83,0.0
2025-03-29 15:00:00,28.69,34.41,3.52,0.0
2025-03-29 16:00:00,27.85,34.63,2.95,0.0
2025-03-29 17:00:00,27.22,33.6,2.81,0.0
2025-03-29 18:00:00,26.68,32.27,2.76,0.0
2025-03-29 19:00:00,26.33,30.56,2.7,0.0
2025-03-29 20:00:00,26.16,28.83,2.64,0.0
2025-03-29 21:00:00,25.96,27.7,2.58,0.0
2025-03-29 22:00:00,25.71,27.24,2.46,0.0
2025-03-29 23:00:00,25.61,27.03,2.31,0.0
2025-03-30 00:00:00,25.52,27.24,2.25,0.0
2025-03-30 01:00:00,26.25,26.67,2.25,27.2
2025-03-30 02:00:00,28.75,22.45,2.97,158.27
2025-03-30 03:00:00,31.96,18.62,2.69,348.52
2025-03-30 04:00:00,35.94,15.43,2.77,536.4
2025-03-30 05:00:00,38.71,13.48,2.2,707.28
2025-03-30 06:00:00,40.47,12.68,1.17,811.17
2025-03-30 07:00:00,41.37,13.09,0.47,823.65
2025-03-30 08:00:00,41.63,14.2,1.78,810.62
2025-03-30 09:00:00,41.17,15.71,2.89,632.35
2025-03-30 10:00:00,40.09,17.63,3.87,451.9
2025-03-30 11:00:00,38.38,20.14,4.9,241.45
2025-03-30 12:00:00,35.56,24.79,5.83,73.18
2025-03-30 13:00:00,32.07,34.02,5.53,2.7
2025-03-30 14:00:00,29.99,42.37,4.12,0.0
2025-03-30 15:00:00,28.73,48.01,2.25,0.0
2025-03-30 16:00:00,28.09,51.81,1.07,0.0
2025-03-30 17:00:00,27.71,55.44,0.49,0.0
2025-03-30 18:00:00,27.34,59.54,0.42,0.0
2025-03-30 19:00:00,26.98,63.67,0.45,0.0
2025-03-30 20:00:00,26.62,68.51,0.72,0.0
2025-03-30 21:00:00,26.23,73.76,1.03,0.0
2025-03-30 22:00:00,25.94,76.58,1.12,0.0
2025-03-30 23:00:00,25.87,75.22,1.03,0.0
2025-03-31 00:00:00,25.83,71.22,1.0,0.0
2025-03-31 01:00:00,26.16,65.29,1.17,19.77
2025-03-31 02:00:00,28.06,48.82,1.77,121.93
2025-03-31 03:00:00,31.46,30.48,1.95,281.45
2025-03-31 04:00:00,35.96,20.19,2.11,494.73
2025-03-31 05:00:00,39.47,15.93,1.3,686.0
2025-03-31 06:00:00,41.36,15.26,0.52,795.97
2025-03-31 07:00:00,42.04,15.82,2.21,825.67
2025-03-31 08:00:00,41.83,16.73,3.45,775.97
2025-03-31 09:00:00,41.08,17.7,4.26,642.92
2025-03-31 10:00:00,39.9,18.91,4.88,466.23
2025-03-31 11:00:00,38.23,20.43,5.3,252.38
2025-03-31 12:00:00,35.93,22.75,5.18,80.78
2025-03-31 13:00:00,33.11,27.78,4.08,3.38
2025-03-31 14:00:00,31.4,32.62,3.16,0.0
2025-03-31 15:00:00,30.36,36.64,2.22,0.0
2025-03-31 16:00:00,29.38,42.67,1.03,0.0
2025-03-31 17:00:00,28.59,49.59,0.44,0.0
2025-03-31 18:00:00,28.0,55.43,0.17,0.0
2025-03-31 19:00:00,27.52,59.25,0.68,0.0
2025-03-31 20:00:00,27.2,60.82,0.95,0.0
2025-03-31 21:00:00,26.94,60.71,1.21,0.0
2025-03-31 22:00:00,26.74,58.87,1.37,0.0
2025-03-31 23:00:00,26.53,56.53,1.44,0.0
2025-04-01 00:00:00,26.4,54.2,1.57,0.0
2025-04-01 01:00:00,27.01,51.3,1.68,17.38
2025-04-01 02:00:00,29.11,44.49,2.17,90.62
2025-04-01 03:00:00,32.5,33.35,2.61,184.18
2025-04-01 04:00:00,35.4,28.02,2.41,257.9
2025-04-01 05:00:00,37.43,24.82,1.66,415.58
2025-04-01 06:00:00,38.81,22.97,1.46,515.78
2025-04-01 07:00:00,39.43,22.48,2.19,432.85
2025-04-01 08:00:00,39.46,22.62,3.17,348.85
2025-04-01 09:00:00,39.09,22.99,3.89,255.55
2025-04-01 10:00:00,38.32,23.77,4.27,194.25
2025-04-01 11:00:00,37.33,24.78,4.38,109.43
2025-04-01 12:00:00,35.9,26.59,4.19,37.47
2025-04-01 13:00:00,33.45,30.99,3.13,2.17
2025-04-01 14:00:00,32.2,32.97,2.9,0.0
2025-04-01 15:00:00,31.38,33.6,2.64,0.0
2025-04-01 16:00:00,30.79,33.55,2.44,0.0
2025-04-01 17:00:00,30.39,33.41,2.37,0.0
2025-04-01 18:00:00,30.09,33.64,2.39,0.0
2025-04-01 19:00:00,29.78,34.49,2.42,0.0
2025-04-01 20:00:00,29.35,36.42,2.4,0.0
2025-04-01 21:00:00,28.81,39.24,2.32,0.0
2025-04-01 22:00:00,28.34,41.93,2.22,0.0
2025-04-01 23:00:00,27.87,44.93,2.1,0.0
2025-04-02 00:00:00,27.47,47.24,2.06,0.0
2025-04-02 01:00:00,28.08,46.37,2.14,26.83
2025-04-02 02:00:00,30.83,39.47,3.11,147.9
2025-04-02 03:00:00,34.72,29.9,4.37,342.62
2025-04-02 04:00:00,37.17,24.91,4.69,527.7
2025-04-02 05:00:00,38.9,21.99,4.0,688.75
2025-04-02 06:00:00,40.26,19.73,3.17,806.6
2025-04-02 07:00:00,41.09,18.48,2.61,853.2
2025-04-02 08:00:00,41.21,18.58,2.74,759.0
2025-04-02 09:00:00,40.52,20.13,3.36,635.05
2025-04-02 10:00:00,39.26,23.02,3.99,459.4
2025-04-02 11:00:00,37.48,27.24,4.71,256.7
2025-04-02 12:00:00,34.91,34.62,5.44,82.43
2025-04-02 13:00:00,31.96,46.62,5.38,3.35
2025-04-02 14:00:00,30.1,56.98,4.39,0.0
2025-04-02 15:00:00,29.19,62.98,2.8,0.0
2025-04-02 16:00:00,28.64,66.94,1.6,0.0
2025-04-02 17:00:00,28.17,70.58,1.31,0.0
2025-04-02 18:00:00,27.79,73.74,1.62,0.0
2025-04-02 19:00:00,27.36,76.96,1.65,0.0
2025-04-02 20:00:00,26.88,80.54,1.66,0.0
2025-04-02 21:00:00,26.41,83.42,1.75,0.0
2025-04-02 22:00:00,26.08,84.98,1.82,0.0
2025-04-02 23:00:00,25.8,86.03,1.81,0.0
2025-04-03 00:00:00,25.58,86.47,1.71,0.0
2025-04-03 01:00:00,26.23,82.67,1.8,27.55
2025-04-03 02:00:00,28.32,66.54,1.92,135.75
2025-04-03 03:00:00,31.45,45.23,1.48,309.05
2025-04-03 04:00:00,33.96,35.21,1.06,502.8
2025-04-03 05:00:00,35.82,29.95,0.9,680.12
2025-04-03 06:00:00,36.94,28.04,1.47,804.15
2025-04-03 07:00:00,37.28,28.31,2.48,814.2
2025-04-03 08:00:00,37.14,29.68,3.49,764.5
2025-04-03 09:00:00,36.51,31.55,4.28,640.28
2025-04-03 10:00:00,35.51,33.95,4.84,460.75
2025-04-03 11:00:00,34.14,37.44,5.08,259.33
2025-04-03 12:00:00,32.4,42.54,5.08,83.47
2025-04-03 13:00:00,30.37,51.09,4.53,3.5
2025-04-03 14:00:00,29.03,59.63,3.59,0.0
2025-04-03 15:00:00,28.25,65.64,2.34,0.0
2025-04-03 16:00:00,27.62,70.41,1.4,0.0
2025-04-03 17:00:00,27.2,73.22,1.02,0.0
2025-04-03 18:00:00,26.9,74.91,0.8,0.0
2025-04-03 19:00:00,26.51,76.76,0.88,0.0
2025-04-03 20:00:00,26.13,78.3,1.03,0.0
2025-04-03 21:00:00,25.92,78.79,0.98,0.0
2025-04-03 22:00:00,25.82,78.35,0.82,0.0
2025-04-03 23:00:00,25.7,78.13,0.72,0.0
2025-04-04 00:00:00,25.62,77.49,0.64,0.0
2025-04-04 01:00:00,26.02,75.63,0.77,31.33
2025-04-04 02:00:00,27.87,62.74,0.82,162.65
2025-04-04 03:00:00,31.0,44.57,0.86,377.98
2025-04-04 04:00:00,33.79,35.5,1.0,591.65
2025-04-04 05:00:00,35.9,30.17,0.9,754.5
2025-04-04 06:00:00,37.4,27.37,1.61,856.55
2025-04-04 07:00:00,38.12,26.64,2.84,912.33
2025-04-04 08:00:00,38.2,27.23,4.07,856.7
2025-04-04 09:00:00,37.73,28.61,4.96,725.25
2025-04-04 10:00:00,36.65,31.2,5.77,537.08
2025-04-04 11:00:00,34.97,35.41,6.45,313.05
2025-04-04 12:00:00,32.82,41.24,6.84,105.43
2025-04-04 13:00:00,30.59,48.63,6.48,4.3
2025-04-04 14:00:00,29.26,53.38,5.3,0.0
2025-04-04 15:00:00,28.56,55.59,3.77,0.0
2025-04-04 16:00:00,27.88,58.36,2.32,0.0
2025-04-04 17:00:00,27.17,61.05,1.91,0.0
2025-04-04 18:00:00,26.55,63.02,1.86,0.0
2025-04-04 19:00:00,25.95,64.74,1.9,0.0
2025-04-04 20:00:00,25.43,65.99,2.04,0.0
2025-04-04 21:00:00,24.9,66.97,2.19,0.0
2025-04-04 22:00:00,24.41,66.48,2.41,0.0
2025-04-04 23:00:00,23.95,63.78,2.75,0.0
2025-04-05 00:00:00,23.56,59.07,3.05,0.0
2025-04-05 01:00:00,24.73,49.45,3.39,40.83
2025-04-05 02:00:00,28.1,34.25,4.45,216.98
2025-04-05 03:00:00,33.14,23.18,3.68,438.05
2025-04-05 04:00:00,37.52,17.49,3.29,659.08
2025-04-05 05:00:00,39.4,15.55,2.4,825.92
2025-04-05 06:00:00,40.39,14.54,2.01,927.12
2025-04-05 07:00:00,40.96,14.18,2.55,971.45
2025-04-05 08:00:00,41.06,14.27,3.58,939.62
2025-04-05 09:00:00,40.67,14.63,4.49,781.15
2025-04-05 10:00:00,39.85,15.34,5.13,590.08
2025-04-05 11:00:00,38.41,17.09,5.93,359.62
2025-04-05 12:00:00,35.81,22.5,6.36,128.88
2025-04-05 13:00:00,32.12,34.29,5.78,5.1
2025-04-05 14:00:00,30.11,43.77,5.25,0.0
2025-04-05 15:00:00,28.78,50.67,3.85,0.0
2025-04-05 16:00:00,27.75,55.95,2.86,0.0
2025-04-05 17:00:00,26.95,59.76,2.53,0.0
2025-04-05 18:00:00,26.29,62.76,2.45,0.0
2025-04-05 19:00:00,25.72,65.12,2.47,0.0
2025-04-05 20:00:00,25.2,67.14,2.52,0.0
2025-04-05 21:00:00,24.76,67.79,2.61,0.0
2025-04-05 22:00:00,24.36,66.48,2.71,0.0
2025-04-05 23:00:00,24.05,62.89,2.78,0.0
2025-04-06 00:00:00,23.78,57.35,2.86,0.0
2025-04-06 01:00:00,25.13,48.82,2.72,47.5
2025-04-06 02:00:00,29.0,32.67,3.67,242.95
2025-04-06 03:00:00,33.86,21.3,3.21,467.85
2025-04-06 04:00:00,37.71,16.04,2.98,702.8
2025-04-06 05:00:00,40.26,12.82,2.42,866.08
2025-04-06 06:00:00,41.79,11.4,2.12,962.95
2025-04-06 07:00:00,42.44,11.44,2.67,984.95
2025-04-06 08:00:00,42.42,12.31,3.58,926.4
2025-04-06 09:00:00,41.81,13.64,4.58,792.58
2025-04-06 10:00:00,40.59,15.66,5.81,597.97
2025-04-06 11:00:00,38.64,18.77,6.92,345.52
2025-04-06 12:00:00,35.84,24.32,7.15,117.47
2025-04-06 13:00:00,32.07,38.08,5.55,4.72
2025-04-06 14:00:00,29.8,52.67,3.9,0.0
2025-04-06 15:00:00,28.35,64.25,2.21,0.0
2025-04-06 16:00:00,27.43,72.21,1.58,0.0
2025-04-06 17:00:00,26.9,77.12,1.32,0.0
2025-04-06 18:00:00,26.38,80.6,1.24,0.0
2025-04-06 19:00:00,25.81,82.72,1.35,0.0
2025-04-06 20:00:00,25.27,83.0,1.59,0.0
2025-04-06 21:00:00,24.87,80.88,1.85,0.0
2025-04-06 22:00:00,24.58,76.64,2.11,0.0
2025-04-06 23:00:00,24.35,70.38,2.35,0.0
2025-04-07 00:00:00,24.21,62.59,2.52,0.0
2025-04-07 01:00:00,25.72,50.59,2.38,50.33
2025-04-07 02:00:00,29.79,33.79,2.68,250.05
2025-04-07 03:00:00,34.06,22.59,2.84,478.33
2025-04-07 04:00:00,37.92,15.64,3.84,715.25
2025-04-07 05:00:00,40.24,13.01,3.69,872.35
2025-04-07 06:00:00,41.84,11.69,3.44,970.88
2025-04-07 07:00:00,42.75,11.29,3.66,973.92
2025-04-07 08:00:00,42.92,11.53,4.27,907.12
2025-04-07 09:00:00,42.49,11.97,4.85,786.17
2025-04-07 10:00:00,41.56,12.76,5.46,592.97
2025-04-07 11:00:00,40.0,14.29,6.17,361.9
2025-04-07 12:00:00,37.32,18.21,6.41,128.8
2025-04-07 13:00:00,33.28,28.35,5.25,5.25
2025-04-07 14:00:00,30.99,37.94,4.36,0.0
2025-04-07 15:00:00,29.48,46.24,3.26,0.0
2025-04-07 16:00:00,28.38,52.61,2.7,0.0
2025-04-07 17:00:00,27.53,56.41,2.52,0.0
2025-04-07 18:00:00,26.94,56.11,2.62,0.0
2025-04-07 19:00:00,26.54,51.88,2.81,0.0
2025-04-07 20:00:00,26.27,45.65,2.99,0.0
2025-04-07 21:00:00,26.01,39.85,3.03,0.0
2025-04-07 22:00:00,25.79,36.03,2.92,0.0
2025-04-07 23:00:00,25.65,33.5,2.79,0.0
2025-04-08 00:00:00,25.56,31.81,2.63,0.0
2025-04-08 01:00:00,26.68,30.11,2.34,51.38
2025-04-08 02:00:00,30.79,20.94,2.51,245.18
2025-04-08 03:00:00,35.21,17.08,2.31,466.75
2025-04-08 04:00:00,38.76,13.77,2.69,694.03
2025-04-08 05:00:00,41.16,11.56,2.47,857.15
2025-04-08 06:00:00,42.75,10.62,2.45,958.83
2025-04-08 07:00:00,43.49,10.8,3.13,961.25
2025-04-08 08:00:00,43.45,11.53,4.1,904.1
2025-04-08 09:00:00,42.8,12.34,4.9,772.0
2025-04-08 10:00:00,41.78,13.35,5.57,578.12
2025-04-08 11:00:00,40.12,15.18,6.2,347.12
2025-04-08 12:00:00,37.42,19.36,6.42,121.55
2025-04-08 13:00:00,33.45,30.17,5.49,5.25
2025-04-08 14:00:00,31.01,41.34,4.43,0.0
2025-04-08 15:00:00,29.53,50.81,2.94,0.0
2025-04-08 16:00:00,28.42,58.64,2.12,0.0
2025-04-08 17:00:00,27.58,64.5,1.89,0.0
2025-04-08 18:00:00,26.93,67.43,1.74,0.0
2025-04-08 19:00:00,26.43,68.05,1.64,0.0
2025-04-08 20:00:00,26.07,66.91,1.68,0.0
2025-04-08 21:00:00,26.01,63.47,1.56,0.0
2025-04-08 22:00:00,25.97,59.67,1.42,0.0
2025-04-08 23:00:00,25.79,55.96,1.52,0.0
2025-04-09 00:00:00,25.45,51.78,1.76,0.0
2025-04-09 01:00:00,26.4,44.42,1.84,47.15
2025-04-09 02:00:00,30.12,31.41,2.15,210.75
2025-04-09 03:00:00,34.39,21.71,1.43,448.67
2025-04-09 04:00:00,37.87,16.72,2.27,672.2
2025-04-09 05:00:00,40.44,13.63,2.61,833.2
2025-04-09 06:00:00,42.25,12.02,2.83,936.17
2025-04-09 07:00:00,43.19,11.83,3.47,957.28
2025-04-09 08:00:00,43.19,12.7,4.44,896.33
2025-04-09 09:00:00,42.54,14.11,5.48,798.85
2025-04-09 10:00:00,41.14,16.67,6.51,569.85
2025-04-09 11:00:00,38.87,20.89,7.36,337.55
2025-04-09 12:00:00,35.57,28.18,7.57,118.05
2025-04-09 13:00:00,31.86,41.81,6.6,5.32
2025-04-09 14:00:00,29.84,54.97,4.81,0.0
2025-04-09 15:00:00,28.84,64.06,2.82,0.0
2025-04-09 16:00:00,28.24,71.45,1.45,0.0
2025-04-09 17:00:00,27.61,77.66,0.88,0.0
2025-04-09 18:00:00,27.02,82.26,1.14,0.0
2025-04-09 19:00:00,26.5,85.48,1.36,0.0
2025-04-09 20:00:00,25.97,88.15,1.55,0.0
2025-04-09 21:00:00,25.53,90.24,1.85,0.0
2025-04-09 22:00:00,25.2,91.96,2.11,0.0
2025-04-09 23:00:00,24.92,93.5,2.24,0.0
2025-04-10 00:00:00,24.65,95.13,2.23,0.0
2025-04-10 01:00:00,25.69,89.69,2.82,44.28
2025-04-10 02:00:00,28.19,72.9,2.88,198.7
2025-04-10 03:00:00,31.13,53.55,2.12,407.45
2025-04-10 04:00:00,34.02,39.22,0.92,635.28
2025-04-10 05:00:00,37.38,26.09,0.77,803.75
2025-04-10 06:00:00,39.41,21.74,2.15,907.95
2025-04-10 07:00:00,40.21,21.21,3.5,947.1
2025-04-10 08:00:00,40.13,22.4,4.85,907.65
2025-04-10 09:00:00,39.27,24.66,5.92,748.58
2025-04-10 10:00:00,37.93,27.4,6.51,559.25
2025-04-10 11:00:00,36.18,30.91,6.51,334.42
2025-04-10 12:00:00,33.95,36.2,5.95,116.07
2025-04-10 13:00:00,31.46,45.43,4.84,5.35
2025-04-10 14:00:00,29.83,54.95,3.73,0.0
2025-04-10 15:00:00,28.79,61.57,2.62,0.0
2025-04-10 16:00:00,27.96,67.1,2.05,0.0
2025-04-10 17:00:00,27.3,71.6,1.84,0.0
2025-04-10 18:00:00,26.85,74.82,1.49,0.0
2025-04-10 19:00:00,26.61,76.61,1.07,0.0
2025-04-10 20:00:00,26.27,78.81,0.95,0.0
2025-04-10 21:00:00,25.76,81.71,1.14,0.0
2025-04-10 22:00:00,25.22,84.75,1.45,0.0
2025-04-10 23:00:00,24.79,87.33,1.73,0.0
2025-04-11 00:00:00,24.42,89.54,1.97,0.0
2025-04-11 01:00:00,25.51,83.88,2.6,55.75
2025-04-11 02:00:00,27.85,68.89,2.75,245.93
2025-04-11 03:00:00,30.53,50.95,2.26,456.4
2025-04-11 04:00:00,33.49,35.84,2.13,678.85
2025-04-11 05:00:00,35.93,27.79,2.84,844.47
2025-04-11 06:00:00,37.24,25.3,3.78,945.28
2025-04-11 07:00:00,37.77,24.56,4.76,965.12
2025-04-11 08:00:00,37.37,25.4,5.51,936.95
2025-04-11 09:00:00,36.77,26.3,5.73,777.28
2025-04-11 10:00:00,36.06,27.15,5.64,588.75
2025-04-11 11:00:00,35.05,28.65,5.41,362.92
2025-04-11 12:00:00,33.27,33.23,4.94,134.75
2025-04-11 13:00:00,30.52,45.59,3.39,6.07
2025-04-11 14:00:00,28.78,58.79,2.76,0.0
2025-04-11 15:00:00,27.66,68.35,2.26,0.0
2025-04-11 16:00:00,26.87,74.64,1.98,0.0
2025-04-11 17:00:00,26.3,78.71,1.81,0.0
2025-04-11 18:00:00,25.85,81.29,1.71,0.0
2025-04-11 19:00:00,25.41,83.55,1.65,0.0
2025-04-11 20:00:00,24.96,86.42,1.64,0.0
2025-04-11 21:00:00,24.54,89.3,1.67,0.0
2025-04-11 22:00:00,24.18,92.03,1.7,0.0
2025-04-11 23:00:00,23.87,94.44,1.73,0.0
2025-04-12 00:00:00,23.62,96.37,1.77,0.0
2025-04-12 01:00:00,24.74,90.23,2.01,55.58
2025-04-12 02:00:00,27.14,73.71,2.31,225.12
2025-04-12 03:00:00,29.91,53.21,2.35,467.35
2025-04-12 04:00:00,32.41,41.19,2.58,682.05
2025-04-12 05:00:00,34.73,32.94,2.97,848.15
2025-04-12 06:00:00,36.95,25.9,3.81,942.35
2025-04-12 07:00:00,38.22,22.05,4.65,980.67
2025-04-12 08:00:00,38.32,21.77,5.21,866.67
2025-04-12 09:00:00,37.83,22.44,5.58,787.15
2025-04-12 10:00:00,36.95,23.56,5.73,597.38
2025-04-12 11:00:00,35.64,25.7,5.48,365.75
2025-04-12 12:00:00,33.64,30.43,4.75,133.45
2025-04-12 13:00:00,30.3,42.67,2.72,6.18
2025-04-12 14:00:00,28.34,54.61,2.05,0.0
2025-04-12 15:00:00,27.34,62.57,1.62,0.0
2025-04-12 16:00:00,26.73,68.25,1.26,0.0
2025-04-12 17:00:00,26.23,73.03,1.04,0.0
2025-04-12 18:00:00,25.73,77.63,0.91,0.0
2025-04-12 19:00:00,25.3,81.61,0.89,0.0
2025-04-12 20:00:00,24.88,85.5,0.93,0.0
2025-04-12 21:00:00,24.47,88.82,1.05,0.0
2025-04-12 22:00:00,23.99,91.69,1.33,0.0
2025-04-12 23:00:00,23.5,93.82,1.67,0.0
2025-04-13 00:00:00,23.1,94.17,1.94,0.0
2025-04-13 01:00:00,24.58,83.25,2.28,66.18
2025-04-13 02:00:00,27.81,62.46,2.21,273.23
2025-04-13 03:00:00,32.08,38.26,2.18,496.12
2025-04-13 04:00:00,36.34,24.0,2.79,722.3
2025-04-13 05:00:00,38.56,20.56,2.91,881.78
2025-04-13 06:00:00,40.06,18.55,3.21,972.22
2025-04-13 07:00:00,40.77,18.21,4.0,1012.15
2025-04-13 08:00:00,40.68,19.11,5.04,920.83
2025-04-13 09:00:00,39.96,20.77,6.13,789.45
2025-04-13 10:00:00,38.68,23.36,7.06,598.28
2025-04-13 11:00:00,36.87,27.07,7.67,369.65
2025-04-13 12:00:00,34.46,33.02,7.79,135.73
2025-04-13 13:00:00,31.66,42.62,6.78,6.45
2025-04-13 14:00:00,29.95,50.72,5.33,0.0
2025-04-13 15:00:00,29.01,55.9,3.66,0.0
2025-04-13 16:00:00,28.12,61.07,2.12,0.0
2025-04-13 17:00:00,27.39,65.67,1.85,0.0
2025-04-13 18:00:00,26.74,69.95,1.83,0.0
2025-04-13 19:00:00,26.11,74.2,1.85,0.0
2025-04-13 20:00:00,25.54,78.2,1.91,0.0
2025-04-13 21:00:00,25.0,81.62,1.98,0.0
2025-04-13 22:00:00,24.5,84.3,2.01,0.0
2025-04-13 23:00:00,24.11,85.24,2.07,0.0
2025-04-14 00:00:00,23.79,84.55,2.2,0.0
2025-04-14 01:00:00,25.25,74.09,2.86,70.1
2025-04-14 02:00:00,28.59,55.56,3.43,286.12
2025-04-14 03:00:00,33.46,29.77,4.85,518.2
2025-04-14 04:00:00,36.89,20.65,5.1,743.45
2025-04-14 05:00:00,39.09,17.67,4.81,900.05
2025-04-14 06:00:00,40.58,15.73,4.8,990.05
2025-04-14 07:00:00,41.34,14.94,5.28,1008.45
2025-04-14 08:00:00,41.35,15.05,6.14,935.47
2025-04-14 09:00:00,40.68,15.63,7.13,842.38
2025-04-14 10:00:00,39.5,16.53,7.9,613.53
2025-04-14 11:00:00,37.81,18.2,8.38,379.4
2025-04-14 12:00:00,35.46,21.56,8.38,139.68
2025-04-14 13:00:00,32.34,31.17,6.78,6.6
2025-04-14 14:00:00,30.18,43.91,5.04,0.0
2025-04-14 15:00:00,28.72,54.75,3.6,0.0
2025-04-14 16:00:00,27.65,63.91,2.9,0.0
2025-04-14 17:00:00,26.86,70.68,2.59,0.0
2025-04-14 18:00:00,26.19,75.54,2.47,0.0
2025-04-14 19:00:00,25.62,78.91,2.42,0.0
2025-04-14 20:00:00,25.07,81.84,2.41,0.0
2025-04-14 21:00:00,24.56,84.45,2.37,0.0
2025-04-14 22:00:00,24.07,86.96,2.3,0.0
2025-04-14 23:00:00,23.65,88.95,2.23,0.0
2025-04-15 00:00:00,23.29,90.24,2.16,0.0
2025-04-15 01:00:00,24.78,81.36,2.26,67.82
2025-04-15 02:00:00,28.03,61.71,3.0,275.83
2025-04-15 03:00:00,31.65,39.56,3.98,500.05
2025-04-15 04:00:00,35.38,23.44,4.75,714.6
2025-04-15 05:00:00,37.91,18.52,4.71,867.6
2025-04-15 06:00:00,39.57,16.66,4.52,962.1
2025-04-15 07:00:00,40.53,15.67,4.63,988.05
2025-04-15 08:00:00,40.7,15.91,5.18,950.03
2025-04-15 09:00:00,40.07,17.22,5.71,791.33
2025-04-15 10:00:00,38.95,18.96,5.97,600.67
2025-04-15 11:00:00,37.28,21.68,6.06,367.67
2025-04-15 12:00:00,34.87,26.62,6.01,135.73
2025-04-15 13:00:00,31.64,38.41,4.93,6.68
2025-04-15 14:00:00,29.54,51.73,3.63,0.0
2025-04-15 15:00:00,28.3,61.5,2.63,0.0
2025-04-15 16:00:00,27.43,69.11,2.11,0.0
2025-04-15 17:00:00,26.79,75.03,1.93,0.0
2025-04-15 18:00:00,26.29,79.61,1.85,0.0
2025-04-15 19:00:00,25.88,82.93,1.77,0.0
2025-04-15 20:00:00,25.53,85.79,1.65,0.0
2025-04-15 21:00:00,25.24,88.28,1.51,0.0
2025-04-15 22:00:00,25.04,89.83,1.38,0.0
2025-04-15 23:00:00,24.93,90.75,1.18,0.0
2025-04-16 00:00:00,24.83,91.44,0.94,0.0
2025-04-16 01:00:00,25.73,86.49,0.78,67.88
2025-04-16 02:00:00,27.98,72.62,0.77,275.25
2025-04-16 03:00:00,30.74,57.94,1.08,508.73
2025-04-16 04:00:00,33.83,44.07,1.79,717.55
2025-04-16 05:00:00,36.51,35.23,2.39,870.17
2025-04-16 06:00:00,38.76,28.46,3.23,956.97
2025-04-16 07:00:00,39.8,25.98,4.36,967.8
2025-04-16 08:00:00,39.71,26.41,5.48,937.58
2025-04-16 09:00:00,38.83,28.53,6.29,773.78
2025-04-16 10:00:00,37.45,31.81,6.64,587.45
2025-04-16 11:00:00,35.56,36.48,6.62,361.42
2025-04-16 12:00:00,33.18,43.42,6.15,133.57
2025-04-16 13:00:00,30.63,53.95,5.16,6.62
2025-04-16 14:00:00,29.14,62.9,4.24,0.0
2025-04-16 15:00:00,28.33,68.67,3.5,0.0
2025-04-16 16:00:00,27.72,73.08,2.9,0.0
2025-04-16 17:00:00,27.16,77.1,2.35,0.0
2025-04-16 18:00:00,26.66,80.59,1.9,0.0
2025-04-16 19:00:00,26.25,83.17,1.66,0.0
2025-04-16 20:00:00,25.95,84.7,1.52,0.0
2025-04-16 21:00:00,25.69,85.68,1.41,0.0
2025-04-16 22:00:00,25.48,86.21,1.25,0.0
2025-04-16 23:00:00,25.38,86.55,0.91,0.0
2025-04-17 00:00:00,25.39,86.29,0.58,0.0
2025-04-17 01:00:00,26.08,82.33,0.41,70.53
2025-04-17 02:00:00,27.9,72.34,0.53,270.52
2025-04-17 03:00:00,30.4,59.34,0.99,498.08
2025-04-17 04:00:00,33.26,45.68,1.76,720.83
2025-04-17 05:00:00,35.93,35.83,2.43,874.92
2025-04-17 06:00:00,38.18,29.19,3.0,960.53
2025-04-17 07:00:00,39.57,25.44,3.85,981.9
2025-04-17 08:00:00,39.78,24.87,4.77,894.35
2025-04-17 09:00:00,39.19,26.05,5.63,787.08
2025-04-17 10:00:00,37.9,28.78,6.18,598.92
2025-04-17 11:00:00,36.1,32.51,6.26,370.58
2025-04-17 12:00:00,33.74,38.41,5.87,138.65
2025-04-17 13:00:00,30.96,48.96,4.9,6.78
2025-04-17 14:00:00,29.17,59.57,3.97,0.0
2025-04-17 15:00:00,28.2,66.63,3.08,0.0
2025-04-17 16:00:00,27.54,71.62,2.09,0.0
2025-04-17 17:00:00,26.92,76.01,1.5,0.0
2025-04-17 18:00:00,26.45,79.44,1.28,0.0
2025-04-17 19:00:00,26.11,82.03,1.02,0.0
2025-04-17 20:00:00,25.84,84.05,0.82,0.0
2025-04-17 21:00:00,25.59,85.59,0.78,0.0
2025-04-17 22:00:00,25.42,86.66,0.64,0.0
2025-04-17 23:00:00,25.37,86.76,0.44,0.0
2025-04-18 00:00:00,25.33,86.69,0.23,0.0
2025-04-18 01:00:00,26.1,82.32,0.17,72.78
2025-04-18 02:00:00,28.24,69.89,0.53,278.8
2025-04-18 03:00:00,30.89,56.53,1.18,510.65
2025-04-18 04:00:00,33.76,43.88,1.82,721.28
2025-04-18 05:00:00,36.3,35.5,2.37,873.25
2025-04-18 06:00:00,38.28,29.91,3.25,958.75
2025-04-18 07:00:00,39.23,27.73,4.48,993.92
2025-04-18 08:00:00,39.05,28.53,5.63,905.7
2025-04-18 09:00:00,38.26,30.5,6.26,775.58
2025-04-18 10:00:00,37.23,32.64,6.3,589.08
2025-04-18 11:00:00,35.85,35.16,5.95,364.05
2025-04-18 12:00:00,34.06,38.98,5.32,135.15
2025-04-18 13:00:00,31.87,45.74,4.4,6.85
2025-04-18 14:00:00,30.32,53.74,3.6,0.0
2025-04-18 15:00:00,29.3,60.84,3.13,0.0
2025-04-18 16:00:00,28.5,67.28,2.85,0.0
2025-04-18 17:00:00,27.77,73.49,2.34,0.0
2025-04-18 18:00:00,27.08,79.33,1.91,0.0
2025-04-18 19:00:00,26.57,83.83,1.54,0.0
2025-04-18 20:00:00,26.31,86.5,1.19,0.0
2025-04-18 21:00:00,26.07,88.31,1.1,0.0
2025-04-18 22:00:00,25.8,89.89,1.16,0.0
2025-04-18 23:00:00,25.59,90.92,1.2,0.0
2025-04-19 00:00:00,25.3,92.28,1.29,0.0
2025-04-19 01:00:00,26.4,86.15,1.73,68.4
2025-04-19 02:00:00,28.75,72.2,1.78,250.77
2025-04-19 03:00:00,31.74,53.24,1.03,456.5
2025-04-19 04:00:00,35.95,30.4,2.37,688.97
2025-04-19 05:00:00,37.99,25.14,3.39,868.6
2025-04-19 06:00:00,39.1,23.53,4.16,966.12
2025-04-19 07:00:00,39.54,23.16,4.94,990.97
2025-04-19 08:00:00,39.37,23.68,5.61,904.45
2025-04-19 09:00:00,38.68,24.52,6.16,771.7
2025-04-19 10:00:00,37.57,25.85,6.4,580.5
2025-04-19 11:00:00,36.06,27.86,6.21,351.73
2025-04-19 12:00:00,34.03,31.8,5.81,130.2
2025-04-19 13:00:00,31.42,41.75,4.84,6.85
2025-04-19 14:00:00,29.61,53.59,4.13,0.0
2025-04-19 15:00:00,28.47,62.65,3.04,0.0
2025-04-19 16:00:00,27.58,69.77,2.12,0.0
2025-04-19 17:00:00,26.95,75.05,1.88,0.0
2025-04-19 18:00:00,26.45,78.9,1.75,0.0
2025-04-19 19:00:00,26.07,81.58,1.61,0.0
2025-04-19 20:00:00,25.78,83.51,1.4,0.0
2025-04-19 21:00:00,25.5,84.97,1.23,0.0
2025-04-19 22:00:00,25.1,86.76,1.25,0.0
2025-04-19 23:00:00,24.65,88.43,1.43,0.0
2025-04-20 00:00:00,24.2,89.75,1.68,0.0
2025-04-20 01:00:00,25.49,81.14,2.22,72.8
2025-04-20 02:00:00,28.08,63.57,1.77,264.75
2025-04-20 03:00:00,31.43,43.52,1.33,488.5
2025-04-20 04:00:00,35.38,26.46,2.52,703.47
2025-04-20 05:00:00,37.93,20.56,3.55,863.9
2025-04-20 06:00:00,39.28,19.09,4.36,944.05
2025-04-20 07:00:00,39.86,19.36,5.23,978.5
2025-04-20 08:00:00,39.64,20.77,6.01,915.33
2025-04-20 09:00:00,38.85,22.57,6.43,810.95
2025-04-20 10:00:00,37.76,24.35,6.4,591.38
2025-04-20 11:00:00,36.26,26.82,6.0,363.1
2025-04-20 12:00:00,34.29,31.02,5.39,134.12
2025-04-20 13:00:00,31.72,40.99,4.34,7.05
2025-04-20 14:00:00,29.86,53.22,3.63,0.0
2025-04-20 15:00:00,28.71,62.1,2.68,0.0
2025-04-20 16:00:00,27.79,69.21,1.76,0.0
2025-04-20 17:00:00,27.11,74.65,1.62,0.0
2025-04-20 18:00:00,26.58,79.07,1.66,0.0
2025-04-20 19:00:00,26.11,82.97,1.67,0.0
2025-04-20 20:00:00,25.74,86.19,1.59,0.0
2025-04-20 21:00:00,25.43,88.82,1.5,0.0
2025-04-20 22:00:00,25.21,91.03,1.35,0.0
2025-04-20 23:00:00,25.07,92.47,1.14,0.0
2025-04-21 00:00:00,24.92,93.17,1.08,0.0
2025-04-21 01:00:00,25.99,86.1,1.38,72.22
2025-04-21 02:00:00,28.18,71.25,1.62,267.4
2025-04-21 03:00:00,31.44,51.02,1.85,489.88
2025-04-21 04:00:00,35.68,30.31,2.6,705.33
2025-04-21 05:00:00,38.04,23.94,2.92,860.4
2025-04-21 06:00:00,39.59,21.22,3.6,941.45
2025-04-21 07:00:00,40.27,21.1,4.61,972.47
2025-04-21 08:00:00,40.06,22.71,5.62,929.95
2025-04-21 09:00:00,39.16,25.07,6.17,775.42
2025-04-21 10:00:00,38.01,26.99,6.26,585.15
2025-04-21 11:00:00,36.52,29.25,5.86,337.02
2025-04-21 12:00:00,34.69,32.31,5.16,120.38
2025-04-21 13:00:00,32.24,40.03,3.95,6.85
2025-04-21 14:00:00,30.27,52.47,3.28,0.0
2025-04-21 15:00:00,28.93,63.19,2.85,0.0
2025-04-21 16:00:00,27.93,71.43,2.61,0.0
2025-04-21 17:00:00,27.16,77.83,2.46,0.0
2025-04-21 18:00:00,26.51,83.24,2.34,0.0
2025-04-21 19:00:00,25.97,87.29,2.35,0.0
2025-04-21 20:00:00,25.54,89.83,2.46,0.0
2025-04-21 21:00:00,25.16,90.92,2.48,0.0
2025-04-21 22:00:00,24.8,90.89,2.39,0.0
2025-04-21 23:00:00,24.45,90.06,2.25,0.0
2025-04-22 00:00:00,24.15,88.08,2.09,0.0
2025-04-22 01:00:00,25.67,76.53,2.22,67.43
2025-04-22 02:00:00,28.42,61.47,1.98,220.75
2025-04-22 03:00:00,31.92,44.34,2.04,472.42
2025-04-22 04:00:00,35.9,28.3,2.01,706.12
2025-04-22 05:00:00,38.55,21.95,2.08,857.65
2025-04-22 06:00:00,40.21,19.81,2.76,939.8
2025-04-22 07:00:00,41.03,19.58,3.87,961.58
2025-04-22 08:00:00,41.0,20.57,5.01,903.7
2025-04-22 09:00:00,40.34,22.05,5.78,766.97
2025-04-22 10:00:00,39.35,23.5,6.18,580.78
2025-04-22 11:00:00,37.98,25.1,6.26,352.05
2025-04-22 12:00:00,36.18,27.17,6.09,130.07
2025-04-22 13:00:00,33.71,31.47,4.98,7.1
2025-04-22 14:00:00,31.85,36.58,3.68,0.0
2025-04-22 15:00:00,30.57,42.1,2.77,0.0
2025-04-22 16:00:00,29.56,48.69,2.4,0.0
2025-04-22 17:00:00,28.69,56.39,2.09,0.0
2025-04-22 18:00:00,27.99,63.98,1.69,0.0
2025-04-22 19:00:00,27.43,70.78,1.23,0.0
2025-04-22 20:00:00,26.99,76.56,0.86,0.0
2025-04-22 21:00:00,26.64,80.64,0.6,0.0
2025-04-22 22:00:00,26.45,81.03,0.3,0.0
2025-04-22 23:00:00,26.24,81.09,0.03,0.0
2025-04-23 00:00:00,26.02,81.86,0.22,0.0
2025-04-23 01:00:00,26.56,79.74,0.43,75.75
2025-04-23 02:00:00,29.27,58.53,0.34,260.73
2025-04-23 03:00:00,33.62,32.47,1.39,470.95
2025-04-23 04:00:00,36.69,23.31,1.62,668.6
2025-04-23 05:00:00,39.02,18.72,1.66,818.8
2025-04-23 06:00:00,40.75,16.68,2.13,930.7
2025-04-23 07:00:00,41.66,16.52,3.11,915.9
2025-04-23 08:00:00,41.63,17.81,4.26,785.1
2025-04-23 09:00:00,40.84,19.75,5.33,705.53
2025-04-23 10:00:00,39.46,22.52,6.16,527.83
2025-04-23 11:00:00,37.54,26.35,6.7,309.05
2025-04-23 12:00:00,35.05,32.4,6.77,115.0
2025-04-23 13:00:00,32.41,40.99,5.7,7.15
2025-04-23 14:00:00,30.73,49.18,4.07,0.0
2025-04-23 15:00:00,29.67,55.46,2.22,0.0
2025-04-23 16:00:00,28.84,61.14,1.41,0.0
2025-04-23 17:00:00,28.25,65.98,1.18,0.0
2025-04-23 18:00:00,27.66,70.64,1.25,0.0
2025-04-23 19:00:00,27.16,74.71,1.25,0.0
2025-04-23 20:00:00,26.78,77.95,1.07,0.0
2025-04-23 21:00:00,26.48,80.44,0.78,0.0
2025-04-23 22:00:00,26.25,82.19,0.51,0.0
2025-04-23 23:00:00,26.0,83.44,0.36,0.0
2025-04-24 00:00:00,25.66,84.63,0.64,0.0
2025-04-24 01:00:00,26.4,80.16,1.17,69.88
2025-04-24 02:00:00,28.65,65.57,1.05,228.2
2025-04-24 03:00:00,32.89,35.88,0.36,475.5
2025-04-24 04:00:00,36.3,24.34,1.17,685.85
2025-04-24 05:00:00,38.34,20.84,1.59,841.28
2025-04-24 06:00:00,39.85,19.07,2.5,936.85
2025-04-24 07:00:00,40.58,19.03,3.58,929.0
2025-04-24 08:00:00,40.44,20.3,4.63,867.83
2025-04-24 09:00:00,39.65,22.16,5.29,738.2
2025-04-24 10:00:00,38.43,24.38,5.56,549.8
2025-04-24 11:00:00,36.82,27.16,5.44,324.98
2025-04-24 12:00:00,34.82,30.65,5.02,119.2
2025-04-24 13:00:00,32.43,37.12,4.19,7.12
2025-04-24 14:00:00,30.73,45.22,3.21,0.0
2025-04-24 15:00:00,29.63,51.56,2.16,0.0
2025-04-24 16:00:00,28.68,57.15,1.65,0.0
2025-04-24 17:00:00,27.89,62.11,1.56,0.0
2025-04-24 18:00:00,27.23,66.41,1.49,0.0
2025-04-24 19:00:00,26.87,69.16,1.29,0.0
2025-04-24 20:00:00,26.63,71.15,1.06,0.0
2025-04-24 21:00:00,26.4,72.91,0.83,0.0
2025-04-24 22:00:00,26.2,74.06,0.59,0.0
2025-04-24 23:00:00,25.98,74.41,0.44,0.0
2025-04-25 00:00:00,25.71,74.79,0.58,0.0
2025-04-25 01:00:00,26.38,70.7,0.81,64.4
2025-04-25 02:00:00,28.71,53.22,0.63,204.2
2025-04-25 03:00:00,31.6,36.85,0.88,444.3
2025-04-25 04:00:00,34.29,27.98,1.33,613.95
2025-04-25 05:00:00,36.7,22.72,2.03,751.38
2025-04-25 06:00:00,38.4,20.61,3.04,831.25
2025-04-25 07:00:00,39.11,20.31,4.28,837.72
2025-04-25 08:00:00,38.83,21.7,5.32,839.67
2025-04-25 09:00:00,38.07,23.19,5.85,689.9
2025-04-25 10:00:00,37.25,24.01,5.85,537.28
2025-04-25 11:00:00,36.07,25.28,5.47,296.77
2025-04-25 12:00:00,34.42,27.85,4.93,106.95
2025-04-25 13:00:00,32.29,33.84,3.84,6.65
2025-04-25 14:00:00,30.7,41.67,2.94,0.0
2025-04-25 15:00:00,29.61,48.54,2.24,0.0
2025-04-25 16:00:00,28.77,54.45,1.86,0.0
2025-04-25 17:00:00,28.02,60.17,1.62,0.0
2025-04-25 18:00:00,27.41,65.01,1.4,0.0
2025-04-25 19:00:00,26.91,69.04,1.27,0.0
2025-04-25 20:00:00,26.36,72.73,1.3,0.0
2025-04-25 21:00:00,25.88,75.82,1.27,0.0
2025-04-25 22:00:00,25.55,78.18,1.18,0.0
2025-04-25 23:00:00,25.42,79.58,0.97,0.0
2025-04-26 00:00:00,25.38,79.81,0.71,0.0
2025-04-26 01:00:00,26.15,75.57,0.54,65.3
2025-04-26 02:00:00,28.23,60.41,0.47,217.23
2025-04-26 03:00:00,30.86,44.86,0.42,465.6
2025-04-26 04:00:00,33.85,32.6,0.45,684.58
2025-04-26 05:00:00,37.11,23.51,0.95,847.15
2025-04-26 06:00:00,39.52,19.1,2.22,935.62
2025-04-26 07:00:00,40.44,18.28,3.68,968.47
2025-04-26 08:00:00,40.35,18.85,4.88,934.3
2025-04-26 09:00:00,39.64,20.1,5.48,778.75
2025-04-26 10:00:00,38.74,21.17,5.53,592.8
2025-04-26 11:00:00,37.48,22.59,5.29,366.35
2025-04-26 12:00:00,35.7,25.05,4.96,142.62
2025-04-26 13:00:00,32.97,31.59,3.67,8.55
2025-04-26 14:00:00,30.76,41.75,2.74,0.0
2025-04-26 15:00:00,29.34,50.96,2.26,0.0
2025-04-26 16:00:00,28.28,59.01,2.01,0.0
2025-04-26 17:00:00,27.44,65.73,1.9,0.0
2025-04-26 18:00:00,26.77,71.48,1.77,0.0
2025-04-26 19:00:00,26.21,76.66,1.58,0.0
2025-04-26 20:00:00,25.83,80.48,1.37,0.0
2025-04-26 21:00:00,25.6,82.33,1.06,0.0
2025-04-26 22:00:00,25.33,83.96,0.86,0.0
2025-04-26 23:00:00,24.87,86.42,0.98,0.0
2025-04-27 00:00:00,24.4,88.53,1.24,0.0
2025-04-27 01:00:00,25.56,81.24,1.76,95.68
2025-04-27 02:00:00,28.16,61.98,1.62,306.4
2025-04-27 03:00:00,32.55,34.33,1.56,528.45
2025-04-27 04:00:00,36.43,22.61,2.07,754.28
2025-04-27 05:00:00,38.81,19.61,2.42,900.12
2025-04-27 06:00:00,40.48,17.77,3.24,980.2
2025-04-27 07:00:00,41.28,17.38,4.46,986.78
2025-04-27 08:00:00,41.23,17.97,5.49,956.35
2025-04-27 09:00:00,40.56,19.42,6.19,795.2
2025-04-27 10:00:00,39.48,21.54,6.46,607.4
2025-04-27 11:00:00,38.03,24.29,6.36,377.48
2025-04-27 12:00:00,36.05,28.5,6.12,147.3
2025-04-27 13:00:00,33.12,38.35,5.37,8.88
2025-04-27 14:00:00,30.82,51.37,4.39,0.0
2025-04-27 15:00:00,29.5,59.86,3.16,0.0
2025-04-27 16:00:00,28.51,65.62,1.98,0.0
2025-04-27 17:00:00,27.78,69.98,1.47,0.0
2025-04-27 18:00:00,27.36,72.86,1.09,0.0
2025-04-27 19:00:00,27.06,75.52,0.82,0.0
2025-04-27 20:00:00,26.72,78.5,0.83,0.0
2025-04-27 21:00:00,26.29,82.1,1.06,0.0
2025-04-27 22:00:00,25.83,85.68,1.39,0.0
2025-04-27 23:00:00,25.5,88.37,1.61,0.0
2025-04-28 00:00:00,25.24,90.22,1.78,0.0
2025-04-28 01:00:00,26.52,83.37,2.45,77.12
2025-04-28 02:00:00,28.63,70.28,2.52,229.55
2025-04-28 03:00:00,31.34,54.34,2.06,492.27
2025-04-28 04:00:00,35.01,35.79,0.93,714.72
2025-04-28 05:00:00,38.79,22.27,1.12,873.7
2025-04-28 06:00:00,40.71,18.34,2.51,973.1
2025-04-28 07:00:00,41.26,18.16,3.74,972.83
2025-04-28 08:00:00,41.14,18.84,4.73,863.97
2025-04-28 09:00:00,40.46,20.21,5.45,788.83
2025-04-28 10:00:00,39.38,22.15,5.83,602.53
2025-04-28 11:00:00,37.98,24.5,5.87,363.2
2025-04-28 12:00:00,36.08,28.42,5.83,139.95
2025-04-28 13:00:00,33.3,37.62,5.36,8.68
2025-04-28 14:00:00,31.18,48.71,4.39,0.0
2025-04-28 15:00:00,29.93,56.51,2.99,0.0
2025-04-28 16:00:00,28.9,61.8,1.59,0.0
2025-04-28 17:00:00,28.18,65.31,1.07,0.0
2025-04-28 18:00:00,27.73,67.99,0.68,0.0
2025-04-28 19:00:00,27.29,70.72,0.45,0.0
2025-04-28 20:00:00,26.76,74.26,0.43,0.0
2025-04-28 21:00:00,26.33,77.36,0.71,0.0
2025-04-28 22:00:00,25.94,80.3,0.89,0.0
2025-04-28 23:00:00,25.5,83.52,1.13,0.0
2025-04-29 00:00:00,25.09,86.36,1.49,0.0
2025-04-29 01:00:00,26.4,80.2,2.31,91.78
2025-04-29 02:00:00,28.59,66.15,2.65,285.38
2025-04-29 03:00:00,31.62,46.55,2.17,485.2
2025-04-29 04:00:00,34.55,33.08,1.82,702.8
2025-04-29 05:00:00,36.61,28.39,2.07,859.3
2025-04-29 06:00:00,38.23,25.36,2.74,956.95
2025-04-29 07:00:00,39.27,24.09,3.57,982.67
2025-04-29 08:00:00,39.58,24.35,4.38,903.83
2025-04-29 09:00:00,39.11,25.89,5.01,774.2
2025-04-29 10:00:00,38.06,28.26,5.38,588.15
2025-04-29 11:00:00,36.51,31.81,5.46,364.35
2025-04-29 12:00:00,34.48,36.95,5.22,140.12
2025-04-29 13:00:00,32.07,45.36,4.51,8.8
2025-04-29 14:00:00,30.41,54.16,3.52,0.0
2025-04-29 15:00:00,29.35,61.05,2.68,0.0
2025-04-29 16:00:00,28.5,67.11,2.17,0.0
2025-04-29 17:00:00,27.86,71.67,1.87,0.0
2025-04-29 18:00:00,27.32,75.46,1.48,0.0
2025-04-29 19:00:00,27.16,77.13,0.77,0.0
2025-04-29 20:00:00,26.89,78.81,0.11,0.0
2025-04-29 21:00:00,26.3,81.61,0.67,0.0
2025-04-29 22:00:00,25.7,84.32,1.15,0.0
2025-04-29 23:00:00,25.24,85.87,1.47,0.0
2025-04-30 00:00:00,24.9,86.49,1.66,0.0
2025-04-30 01:00:00,26.43,77.91,2.02,78.7
2025-04-30 02:00:00,29.09,61.41,1.37,224.8
2025-04-30 03:00:00,32.14,45.07,1.29,469.73
2025-04-30 04:00:00,35.61,30.51,2.62,673.55
2025-04-30 05:00:00,37.52,26.33,3.4,842.83
2025-04-30 06:00:00,38.66,24.57,4.06,953.67
2025-04-30 07:00:00,39.15,24.48,4.74,967.55
2025-04-30 08:00:00,39.11,25.43,5.4,916.55
2025-04-30 09:00:00,38.69,26.47,5.84,823.6
2025-04-30 10:00:00,38.06,26.95,5.87,599.28
2025-04-30 11:00:00,37.02,28.04,5.54,375.05
2025-04-30 12:00:00,35.39,30.75,5.02,147.65
2025-04-30 13:00:00,32.75,38.6,3.84,9.48
2025-04-30 14:00:00,30.54,50.58,3.01,0.0
2025-04-30 15:00:00,29.1,60.6,2.4,0.0
2025-04-30 16:00:00,28.08,68.7,2.15,0.0
2025-04-30 17:00:00,27.32,75.16,2.06,0.0
2025-04-30 18:00:00,26.66,80.71,2.05,0.0
2025-04-30 19:00:00,26.1,85.56,1.98,0.0
2025-04-30 20:00:00,25.63,89.52,1.87,0.0
2025-04-30 21:00:00,25.25,92.03,1.66,0.0
2025-04-30 22:00:00,24.92,93.01,1.51,0.0
2025-04-30 23:00:00,24.67,92.36,1.51,0.0
2025-05-01 00:00:00,24.51,90.49,1.49,0.0
2025-05-01 01:00:00,26.12,79.97,1.55,86.03
2025-05-01 02:00:00,28.84,64.81,0.97,248.1
2025-05-01 03:00:00,32.37,47.25,2.12,516.05
2025-05-01 04:00:00,36.46,29.46,3.53,748.05
2025-05-01 05:00:00,39.08,22.42,4.24,885.33
2025-05-01 06:00:00,40.63,19.75,4.7,966.35
2025-05-01 07:00:00,41.46,18.63,5.3,980.38
2025-05-01 08:00:00,41.48,18.7,6.1,949.7
2025-05-01 09:00:00,40.78,19.49,6.72,798.72
2025-05-01 10:00:00,39.73,20.39,6.94,610.15
2025-05-01 11:00:00,38.24,22.09,6.97,384.3
2025-05-01 12:00:00,36.11,25.85,6.71,153.88
2025-05-01 13:00:00,33.04,36.4,5.29,9.88
2025-05-01 14:00:00,30.68,50.85,3.69,0.0
2025-05-01 15:00:00,29.25,61.54,2.6,0.0
2025-05-01 16:00:00,28.32,68.74,2.1,0.0
2025-05-01 17:00:00,27.66,74.15,1.86,0.0
2025-05-01 18:00:00,27.18,78.25,1.62,0.0
2025-05-01 19:00:00,26.81,81.4,1.37,0.0
2025-05-01 20:00:00,26.44,84.28,1.22,0.0
2025-05-01 21:00:00,26.01,86.98,1.21,0.0
2025-05-01 22:00:00,25.56,89.53,1.27,0.0
2025-05-01 23:00:00,25.14,91.69,1.37,0.0
2025-05-02 00:00:00,24.76,93.31,1.5,0.0
2025-05-02 01:00:00,26.26,84.37,1.96,102.03
2025-05-02 02:00:00,29.14,65.83,2.49,287.8
2025-05-02 03:00:00,32.85,42.01,3.21,526.42
2025-05-02 04:00:00,36.3,27.6,3.88,757.88
2025-05-02 05:00:00,38.83,21.62,4.26,891.92
2025-05-02 06:00:00,40.45,19.12,4.58,965.67
2025-05-02 07:00:00,41.24,18.5,5.07,972.72
2025-05-02 08:00:00,41.29,18.87,5.76,943.5
2025-05-02 09:00:00,40.68,19.87,6.35,785.15
2025-05-02 10:00:00,39.69,20.87,6.62,599.25
2025-05-02 11:00:00,38.31,22.54,6.63,374.98
2025-05-02 12:00:00,36.31,26.44,6.33,150.3
2025-05-02 13:00:00,33.37,36.45,4.87,9.88
2025-05-02 14:00:00,31.07,50.01,3.41,0.0
2025-05-02 15:00:00,29.68,60.1,2.5,0.0
2025-05-02 16:00:00,28.7,67.26,2.09,0.0
2025-05-02 17:00:00,27.98,72.56,1.91,0.0
2025-05-02 18:00:00,27.41,76.77,1.79,0.0
2025-05-02 19:00:00,26.93,80.34,1.62,0.0
2025-05-02 20:00:00,26.56,83.12,1.43,0.0
2025-05-02 21:00:00,26.33,84.91,1.14,0.0
2025-05-02 22:00:00,26.23,85.65,0.75,0.0
2025-05-02 23:00:00,26.18,85.85,0.2,0.0
2025-05-03 00:00:00,25.85,86.99,0.49,0.0
2025-05-03 01:00:00,26.72,81.76,1.3,103.97
2025-05-03 02:00:00,28.92,66.21,1.38,310.38
2025-05-03 03:00:00,31.72,49.39,1.31,537.92
2025-05-03 04:00:00,35.32,32.17,2.2,748.22
2025-05-03 05:00:00,38.14,23.2,3.52,890.1
2025-05-03 06:00:00,39.35,20.61,4.35,967.3
2025-05-03 07:00:00,39.9,19.52,5.17,974.42
2025-05-03 08:00:00,39.78,19.52,5.8,895.15
2025-05-03 09:00:00,39.14,20.0,6.13,789.0
2025-05-03 10:00:00,38.06,20.88,6.16,603.17
2025-05-03 11:00:00,36.57,22.92,5.83,363.12
2025-05-03 12:00:00,34.47,28.0,5.21,144.73
2025-05-03 13:00:00,31.72,39.0,4.0,10.15
2025-05-03 14:00:00,29.73,52.29,3.12,0.0
2025-05-03 15:00:00,28.51,61.92,2.3,0.0
2025-05-03 16:00:00,27.61,68.42,1.92,0.0
2025-05-03 17:00:00,26.95,73.29,1.81,0.0
2025-05-03 18:00:00,26.41,77.37,1.71,0.0
2025-05-03 19:00:00,25.94,80.58,1.64,0.0
2025-05-03 20:00:00,25.56,82.71,1.63,0.0
2025-05-03 21:00:00,25.24,84.31,1.64,0.0
2025-05-03 22:00:00,25.04,85.32,1.65,0.0
2025-05-03 23:00:00,24.94,85.87,1.64,0.0
2025-05-04 00:00:00,24.79,86.83,1.7,0.0
2025-05-04 01:00:00,26.27,79.26,2.19,82.05
2025-05-04 02:00:00,28.18,66.35,2.8,226.18
2025-05-04 03:00:00,30.14,50.95,2.76,470.2
2025-05-04 04:00:00,32.09,40.48,2.83,661.78
2025-05-04 05:00:00,33.59,34.82,3.23,812.0
2025-05-04 06:00:00,34.67,31.68,3.85,936.22
2025-05-04 07:00:00,35.18,30.57,4.55,953.38
2025-05-04 08:00:00,35.17,31.01,5.12,875.22
2025-05-04 09:00:00,34.79,32.31,5.33,738.75
2025-05-04 10:00:00,34.16,34.06,5.21,540.75
2025-05-04 11:00:00,33.21,36.84,4.85,333.73
2025-05-04 12:00:00,31.88,41.59,4.43,127.35
2025-05-04 13:00:00,30.07,50.79,3.52,9.6
2025-05-04 14:00:00,28.71,61.76,2.68,0.0
2025-05-04 15:00:00,28.01,68.87,2.19,0.0
2025-05-04 16:00:00,27.46,73.91,1.79,0.0
2025-05-04 17:00:00,27.07,77.54,1.57,0.0
2025-05-04 18:00:00,26.71,80.64,1.49,0.0
2025-05-04 19:00:00,26.35,83.74,1.51,0.0
2025-05-04 20:00:00,26.04,86.74,1.58,0.0
2025-05-04 21:00:00,25.79,89.28,1.48,0.0
2025-05-04 22:00:00,25.7,90.24,1.35,0.0
2025-05-04 23:00:00,25.72,90.31,1.22,0.0
2025-05-05 00:00:00,25.73,90.21,1.14,0.0
2025-05-05 01:00:00,26.7,84.22,1.34,80.78
2025-05-05 02:00:00,28.13,74.58,1.41,215.07
2025-05-05 03:00:00,30.19,60.82,1.03,458.85
2025-05-05 04:00:00,32.99,43.22,1.18,660.2
2025-05-05 05:00:00,35.41,32.42,2.26,830.62
2025-05-05 06:00:00,36.59,30.16,3.01,918.8
2025-05-05 07:00:00,37.29,29.31,3.72,934.75
2025-05-05 08:00:00,37.49,29.7,4.32,873.3
2025-05-05 09:00:00,37.23,30.85,4.82,744.67
2025-05-05 10:00:00,36.39,32.89,5.29,561.08
2025-05-05 11:00:00,35.14,35.9,5.5,331.17
2025-05-05 12:00:00,33.36,41.86,5.34,128.85
2025-05-05 13:00:00,31.09,52.98,4.53,9.73
2025-05-05 14:00:00,29.54,64.06,3.62,0.0
2025-05-05 15:00:00,28.63,71.4,2.58,0.0
2025-05-05 16:00:00,27.94,76.66,1.68,0.0
2025-05-05 17:00:00,27.41,80.46,1.48,0.0
2025-05-05 18:00:00,26.99,83.0,1.45,0.0
2025-05-05 19:00:00,26.67,84.59,1.55,0.0
2025-05-05 20:00:00,26.4,86.12,1.69,0.0
2025-05-05 21:00:00,26.16,87.65,1.65,0.0
2025-05-05 22:00:00,26.06,88.2,1.46,0.0
2025-05-05 23:00:00,26.19,87.23,1.12,0.0
2025-05-06 00:00:00,26.35,85.73,0.71,2.58
2025-05-06 01:00:00,26.88,82.35,0.5,79.05
2025-05-06 02:00:00,27.85,74.53,0.68,233.0
2025-05-06 03:00:00,29.46,55.69,0.54,482.95
2025-05-06 04:00:00,31.35,40.95,0.96,669.9
2025-05-06 05:00:00,32.82,35.7,1.94,804.65
2025-05-06 06:00:00,33.88,33.78,2.97,898.45
2025-05-06 07:00:00,34.55,33.19,3.89,929.1
2025-05-06 08:00:00,34.55,33.95,4.58,841.03
2025-05-06 09:00:00,34.02,35.84,4.97,622.12
2025-05-06 10:00:00,33.3,38.19,5.07,504.15
2025-05-06 11:00:00,32.38,41.19,4.84,290.67
2025-05-06 12:00:00,31.28,45.37,4.45,101.57
2025-05-06 13:00:00,29.89,52.69,3.54,7.88
2025-05-06 14:00:00,28.83,60.92,2.72,0.0
2025-05-06 15:00:00,28.14,66.65,2.19,0.0
2025-05-06 16:00:00,27.61,70.63,1.94,0.0
2025-05-06 17:00:00,27.2,73.65,1.88,0.0
2025-05-06 18:00:00,26.88,75.68,1.93,0.0
2025-05-06 19:00:00,26.61,77.08,2.04,0.0
2025-05-06 20:00:00,26.35,78.15,2.04,0.0
2025-05-06 21:00:00,26.14,79.23,2.06,0.0
2025-05-06 22:00:00,26.01,80.17,2.1,0.0
2025-05-06 23:00:00,25.9,81.13,2.1,0.0
2025-05-07 00:00:00,25.85,82.02,2.18,2.2
2025-05-07 01:00:00,26.79,78.75,2.79,48.65
2025-05-07 02:00:00,27.94,73.02,3.74,150.32
2025-05-07 03:00:00,29.0,66.45,4.04,278.08
2025-05-07 04:00:00,30.18,58.83,4.29,364.77
2025-05-07 05:00:00,31.41,51.87,4.42,436.8
2025-05-07 06:00:00,32.37,46.98,4.71,537.72
2025-05-07 07:00:00,32.79,45.06,5.22,416.45
2025-05-07 08:00:00,32.68,45.95,5.56,472.25
2025-05-07 09:00:00,32.08,49.09,5.75,323.6
2025-05-07 10:00:00,31.23,53.2,5.84,37.35
2025-05-07 11:00:00,30.24,58.24,5.57,29.48
2025-05-07 12:00:00,29.12,64.68,4.99,14.57
2025-05-07 13:00:00,27.94,73.25,3.8,1.67
2025-05-07 14:00:00,27.3,79.93,3.13,0.0
2025-05-07 15:00:00,26.94,84.06,2.82,0.0
2025-05-07 16:00:00,26.72,86.46,2.73,0.0
2025-05-07 17:00:00,26.55,87.72,2.84,0.0
2025-05-07 18:00:00,26.42,88.66,3.01,0.0
2025-05-07 19:00:00,26.3,89.55,3.08,0.0
2025-05-07 20:00:00,26.2,90.2,3.15,0.0
2025-05-07 21:00:00,26.08,91.03,2.97,0.0
2025-05-07 22:00:00,25.99,91.78,2.7,0.0
2025-05-07 23:00:00,25.91,92.37,2.47,0.0
2025-05-08 00:00:00,25.82,92.96,2.24,2.22
2025-05-08 01:00:00,26.46,89.29,2.75,59.88
2025-05-08 02:00:00,27.35,82.52,3.66,187.23
2025-05-08 03:00:00,28.35,75.86,4.22,336.65
2025-05-08 04:00:00,29.33,70.12,4.45,543.67
2025-05-08 05:00:00,30.04,66.06,4.52,698.22
2025-05-08 06:00:00,30.5,63.5,4.61,798.83
2025-05-08 07:00:00,30.74,61.54,4.76,781.33
2025-05-08 08:00:00,30.9,59.91,4.87,686.67
2025-05-08 09:00:00,30.76,59.76,4.9,655.7
2025-05-08 10:00:00,30.46,60.5,4.9,463.25
2025-05-08 11:00:00,29.89,62.1,4.82,262.15
2025-05-08 12:00:00,28.98,65.97,4.53,104.82
2025-05-08 13:00:00,27.51,76.62,3.15,9.05
2025-05-08 14:00:00,26.85,82.7,2.71,0.0
2025-05-08 15:00:00,26.61,84.96,2.56,0.0
2025-05-08 16:00:00,26.39,86.87,2.47,0.0
2025-05-08 17:00:00,26.19,88.38,2.45,0.0
2025-05-08 18:00:00,25.99,89.65,2.55,0.0
2025-05-08 19:00:00,25.8,90.66,2.71,0.0
2025-05-08 20:00:00,25.61,91.68,2.84,0.0
2025-05-08 21:00:00,25.43,92.66,2.79,0.0
2025-05-08 22:00:00,25.24,93.6,2.6,0.0
2025-05-08 23:00:00,25.12,94.14,2.43,0.0
2025-05-09 00:00:00,25.08,94.36,2.31,2.92
2025-05-09 01:00:00,26.34,88.54,3.16,76.97
2025-05-09 02:00:00,27.97,78.65,3.81,238.5
2025-05-09 03:00:00,29.51,69.65,4.04,461.4
2025-05-09 04:00:00,30.74,63.43,4.05,641.97
2025-05-09 05:00:00,31.84,58.6,4.13,786.6
2025-05-09 06:00:00,32.72,54.94,4.3,859.25
2025-05-09 07:00:00,33.25,52.61,4.57,892.2
2025-05-09 08:00:00,33.41,51.49,4.88,788.53
2025-05-09 09:00:00,33.17,51.54,5.2,740.6
2025-05-09 10:00:00,32.49,53.7,5.38,569.5
2025-05-09 11:00:00,31.52,57.48,5.32,354.2
2025-05-09 12:00:00,30.27,62.84,5.01,140.43
2025-05-09 13:00:00,28.61,72.93,3.7,10.77
2025-05-09 14:00:00,27.65,80.56,3.08,0.0
2025-05-09 15:00:00,27.19,84.54,2.75,0.0
2025-05-09 16:00:00,26.81,87.76,2.38,0.0
2025-05-09 17:00:00,26.45,90.13,2.1,0.0
2025-05-09 18:00:00,26.14,91.66,1.89,0.0
2025-05-09 19:00:00,25.83,92.87,1.76,0.0
2025-05-09 20:00:00,25.62,93.46,1.63,0.0
2025-05-09 21:00:00,25.43,93.63,1.56,0.0
2025-05-09 22:00:00,25.26,93.67,1.58,0.0
2025-05-09 23:00:00,25.1,93.71,1.65,0.0
2025-05-10 00:00:00,24.97,93.65,1.75,3.2
2025-05-10 01:00:00,26.27,86.49,2.49,84.88
2025-05-10 02:00:00,27.83,76.24,2.7,264.05
2025-05-10 03:00:00,29.89,63.97,2.47,486.88
2025-05-10 04:00:00,31.87,53.64,2.14,686.75
2025-05-10 05:00:00,33.49,46.51,2.23,856.05
2025-05-10 06:00:00,34.77,41.44,2.75,941.58
2025-05-10 07:00:00,35.54,38.69,3.5,920.83
2025-05-10 08:00:00,35.77,37.77,4.28,906.28
2025-05-10 09:00:00,35.44,38.47,4.8,781.7
2025-05-10 10:00:00,34.65,40.74,5.05,603.05
2025-05-10 11:00:00,33.37,45.01,5.05,386.0
2025-05-10 12:00:00,31.63,51.66,4.81,161.85
2025-05-10 13:00:00,29.39,63.36,3.92,12.25
2025-05-10 14:00:00,28.02,73.55,3.2,0.0
2025-05-10 15:00:00,27.32,79.61,2.42,0.0
2025-05-10 16:00:00,26.85,83.51,1.97,0.0
2025-05-10 17:00:00,26.46,85.95,1.73,0.0
2025-05-10 18:00:00,26.19,87.03,1.5,0.0
2025-05-10 19:00:00,26.04,86.67,1.18,0.0
2025-05-10 20:00:00,25.98,85.77,0.78,0.0
2025-05-10 21:00:00,25.91,85.25,0.48,0.0
2025-05-10 22:00:00,25.79,84.72,0.5,0.0
2025-05-10 23:00:00,25.59,84.79,0.77,0.0
2025-05-11 00:00:00,25.28,85.96,1.05,3.6
2025-05-11 01:00:00,26.39,81.46,1.42,104.57
2025-05-11 02:00:00,28.09,70.18,1.4,312.1
2025-05-11 03:00:00,30.41,54.96,1.27,549.3
2025-05-11 04:00:00,32.49,44.87,1.46,732.0
2025-05-11 05:00:00,34.21,39.0,1.92,862.9
2025-05-11 06:00:00,35.62,35.39,2.54,942.58
2025-05-11 07:00:00,36.56,33.8,3.25,921.88
2025-05-11 08:00:00,36.86,33.63,4.0,858.95
2025-05-11 09:00:00,36.47,34.84,4.95,724.65
2025-05-11 10:00:00,35.37,38.54,5.78,547.9
2025-05-11 11:00:00,33.7,44.6,6.21,323.38
2025-05-11 12:00:00,31.59,53.19,6.18,127.8
2025-05-11 13:00:00,29.4,64.15,5.37,10.18
2025-05-11 14:00:00,28.32,71.68,4.18,0.0
2025-05-11 15:00:00,27.81,76.19,2.88,0.0
2025-05-11 16:00:00,27.56,79.06,2.1,0.0
2025-05-11 17:00:00,27.38,80.98,1.7,0.0
2025-05-11 18:00:00,27.12,82.9,1.52,0.0
2025-05-11 19:00:00,26.82,84.72,1.43,0.0
2025-05-11 20:00:00,26.55,86.06,1.34,0.0
2025-05-11 21:00:00,26.4,86.61,1.22,0.0
2025-05-11 22:00:00,26.4,85.87,1.05,0.0
2025-05-11 23:00:00,26.43,84.42,0.9,0.0
2025-05-12 00:00:00,26.4,84.05,0.91,3.38
2025-05-12 01:00:00,27.24,79.4,1.28,85.65
2025-05-12 02:00:00,28.52,71.03,1.57,268.75
2025-05-12 03:00:00,30.51,59.2,1.78,501.77
2025-05-12 04:00:00,32.6,49.76,2.11,683.72
2025-05-12 05:00:00,34.43,43.66,2.48,827.08
2025-05-12 06:00:00,35.77,40.09,2.98,910.05
2025-05-12 07:00:00,36.41,38.9,3.56,905.0
2025-05-12 08:00:00,36.47,39.17,4.04,849.55
2025-05-12 09:00:00,36.12,40.35,4.36,727.3
2025-05-12 10:00:00,35.28,42.73,4.63,549.67
2025-05-12 11:00:00,34.08,46.17,4.63,339.75
2025-05-12 12:00:00,32.56,51.0,4.42,135.23
2025-05-12 13:00:00,30.62,59.57,3.83,11.02
2025-05-12 14:00:00,29.44,66.51,3.66,0.0
2025-05-12 15:00:00,28.86,70.76,2.9,0.0
2025-05-12 16:00:00,28.5,74.7,2.01,0.0
2025-05-12 17:00:00,28.28,78.06,1.42,0.0
2025-05-12 18:00:00,28.16,79.56,1.08,0.0
2025-05-12 19:00:00,28.14,77.63,0.85,0.0
2025-05-12 20:00:00,28.19,73.72,0.67,0.0
2025-05-12 21:00:00,27.97,74.86,0.69,0.0
2025-05-12 22:00:00,27.51,82.98,0.83,0.0
2025-05-12 23:00:00,27.29,84.21,1.0,0.0
2025-05-13 00:00:00,27.16,84.04,1.02,3.58
2025-05-13 01:00:00,28.09,75.82,1.13,84.95
2025-05-13 02:00:00,29.44,66.36,1.04,250.82
2025-05-13 03:00:00,31.29,57.73,0.78,477.17
2025-05-13 04:00:00,33.06,51.38,1.03,665.3
2025-05-13 05:00:00,34.36,47.65,1.56,797.47
2025-05-13 06:00:00,35.23,45.56,2.28,888.95
2025-05-13 07:00:00,35.67,44.83,3.09,915.67
2025-05-13 08:00:00,35.47,45.59,3.84,861.38
2025-05-13 09:00:00,34.89,47.07,4.3,728.28
2025-05-13 10:00:00,34.12,48.96,4.41,537.17
2025-05-13 11:00:00,33.22,51.27,4.13,330.25
2025-05-13 12:00:00,32.05,54.68,3.65,129.35
2025-05-13 13:00:00,30.19,65.79,2.64,10.12
2025-05-13 14:00:00,29.23,72.58,2.39,0.0
2025-05-13 15:00:00,28.82,75.19,2.24,0.0
2025-05-13 16:00:00,28.51,77.76,2.02,0.0
2025-05-13 17:00:00,28.24,79.9,1.79,0.0
2025-05-13 18:00:00,27.95,82.36,1.61,0.0
2025-05-13 19:00:00,27.59,84.66,1.51,0.0
2025-05-13 20:00:00,27.21,86.26,1.48,0.0
2025-05-13 21:00:00,27.06,86.22,1.22,0.0
2025-05-13 22:00:00,27.18,83.67,0.78,0.0
2025-05-13 23:00:00,27.34,80.94,0.38,0.0
2025-05-14 00:00:00,27.21,82.56,0.27,3.67
2025-05-14 01:00:00,28.08,75.06,0.56,88.47
2025-05-14 02:00:00,29.65,65.42,0.66,262.2
2025-05-14 03:00:00,31.51,56.83,0.5,470.23
2025-05-14 04:00:00,33.41,49.58,0.23,655.2
2025-05-14 05:00:00,35.11,44.17,0.44,815.92
2025-05-14 06:00:00,36.45,41.25,1.1,909.0
2025-05-14 07:00:00,37.29,39.06,1.89,911.08
2025-05-14 08:00:00,37.52,38.64,2.72,835.55
2025-05-14 09:00:00,36.87,40.28,3.64,732.08
2025-05-14 10:00:00,35.77,43.34,4.48,508.52
2025-05-14 11:00:00,34.4,47.57,5.1,302.75
2025-05-14 12:00:00,32.43,55.15,5.4,130.35
2025-05-14 13:00:00,30.09,66.65,4.84,9.7
2025-05-14 14:00:00,28.81,74.62,4.2,0.0
2025-05-14 15:00:00,28.31,78.98,3.16,0.0
2025-05-14 16:00:00,28.01,82.31,2.28,0.0
2025-05-14 17:00:00,27.79,84.75,1.71,0.0
2025-05-14 18:00:00,27.58,86.48,1.37,0.0
2025-05-14 19:00:00,27.38,87.36,1.22,0.0
2025-05-14 20:00:00,27.19,87.63,1.17,0.0
2025-05-14 21:00:00,27.03,87.54,1.16,0.0
2025-05-14 22:00:00,26.94,87.04,1.13,0.0
2025-05-14 23:00:00,26.87,86.94,1.06,0.0
2025-05-15 00:00:00,26.87,86.51,0.95,3.88
2025-05-15 01:00:00,27.83,80.5,1.1,93.2
2025-05-15 02:00:00,29.4,69.48,1.2,278.73
2025-05-15 03:00:00,31.22,60.73,1.34,512.92
2025-05-15 04:00:00,32.84,55.13,1.41,705.22
2025-05-15 05:00:00,34.17,51.01,1.75,843.3
2025-05-15 06:00:00,35.03,48.49,2.3,922.05
2025-05-15 07:00:00,35.52,47.21,2.94,855.38
2025-05-15 08:00:00,35.5,47.37,3.6,836.25
2025-05-15 09:00:00,35.02,48.67,4.09,693.88
2025-05-15 10:00:00,33.9,52.08,4.42,496.35
2025-05-15 11:00:00,32.76,55.96,4.25,291.48
2025-05-15 12:00:00,31.66,60.18,3.74,115.57
2025-05-15 13:00:00,30.38,67.89,2.65,9.12
2025-05-15 14:00:00,29.57,74.08,2.05,0.0
2025-05-15 15:00:00,29.14,77.09,1.69,0.0
2025-05-15 16:00:00,28.79,80.31,1.37,0.0
2025-05-15 17:00:00,28.53,82.57,1.27,0.0
2025-05-15 18:00:00,28.31,83.28,1.34,0.0
2025-05-15 19:00:00,28.09,83.73,1.49,0.0
2025-05-15 20:00:00,27.83,84.37,1.66,0.0
2025-05-15 21:00:00,27.58,85.22,1.76,0.0
2025-05-15 22:00:00,27.37,86.18,1.79,0.0
2025-05-15 23:00:00,27.2,87.01,1.78,0.0
2025-05-16 00:00:00,27.12,87.58,1.71,3.95
2025-05-16 01:00:00,28.29,80.35,2.16,90.15
2025-05-16 02:00:00,29.51,73.33,2.24,262.7
2025-05-16 03:00:00,30.87,66.5,2.13,489.83
2025-05-16 04:00:00,32.15,60.73,2.26,659.17
2025-05-16 05:00:00,33.19,56.53,2.62,818.97
2025-05-16 06:00:00,34.0,53.6,3.12,901.6
2025-05-16 07:00:00,34.45,51.8,3.72,795.55
2025-05-16 08:00:00,34.46,51.45,4.28,782.28
2025-05-16 09:00:00,33.77,53.53,4.76,688.2
2025-05-16 10:00:00,32.75,57.15,4.91,414.92
2025-05-16 11:00:00,31.67,61.13,4.6,232.38
2025-05-16 12:00:00,30.56,65.48,3.92,103.22
2025-05-16 13:00:00,29.29,72.63,2.77,6.97
2025-05-16 14:00:00,28.56,77.97,2.06,0.0
2025-05-16 15:00:00,28.25,79.91,1.69,0.0
2025-05-16 16:00:00,28.05,82.48,1.27,0.0
2025-05-16 17:00:00,27.86,85.47,1.06,0.0
2025-05-16 18:00:00,27.7,85.48,1.13,0.0
2025-05-16 19:00:00,27.52,85.64,1.24,0.0
2025-05-16 20:00:00,27.33,86.12,1.32,0.0
2025-05-16 21:00:00,27.13,86.96,1.42,0.0
2025-05-16 22:00:00,26.92,87.86,1.55,0.0
2025-05-16 23:00:00,26.78,88.58,1.65,0.0
2025-05-17 00:00:00,26.73,88.98,1.64,3.05
2025-05-17 01:00:00,27.85,82.46,2.06,85.18
2025-05-17 02:00:00,29.09,74.98,2.3,234.07
2025-05-17 03:00:00,30.57,66.75,2.35,396.8
2025-05-17 04:00:00,32.05,59.39,2.52,567.22
2025-05-17 05:00:00,33.37,53.99,2.88,688.05
2025-05-17 06:00:00,34.36,50.57,3.35,796.33
2025-05-17 07:00:00,34.78,49.29,3.78,830.25
2025-05-17 08:00:00,34.62,49.83,4.11,806.67
2025-05-17 09:00:00,34.13,51.38,4.42,684.3
2025-05-17 10:00:00,33.49,53.9,4.71,514.35
2025-05-17 11:00:00,32.23,58.8,4.8,317.45
2025-05-17 12:00:00,30.86,65.01,4.5,126.45
2025-05-17 13:00:00,29.42,73.74,3.48,12.12
2025-05-17 14:00:00,28.59,80.45,2.78,0.0
2025-05-17 15:00:00,28.21,84.17,2.27,0.0
2025-05-17 16:00:00,28.01,86.34,1.97,0.0
2025-05-17 17:00:00,27.85,87.56,1.88,0.0
2025-05-17 18:00:00,27.66,88.48,1.87,0.0
2025-05-17 19:00:00,27.49,89.25,1.88,0.0
2025-05-17 20:00:00,27.34,89.88,1.89,0.0
2025-05-17 21:00:00,27.24,90.12,1.89,0.0
2025-05-17 22:00:00,27.11,90.45,1.87,0.0
2025-05-17 23:00:00,27.0,90.79,1.84,0.0
2025-05-18 00:00:00,27.0,90.62,1.72,4.32
2025-05-18 01:00:00,28.26,82.96,1.86,93.53
2025-05-18 02:00:00,29.47,73.89,2.04,278.02
2025-05-18 03:00:00,30.59,67.4,2.0,482.92
2025-05-18 04:00:00,31.74,61.43,1.89,679.75
2025-05-18 05:00:00,32.81,56.49,1.88,820.28
2025-05-18 06:00:00,33.6,53.29,2.0,893.97
2025-05-18 07:00:00,33.9,52.03,2.23,863.05
2025-05-18 08:00:00,33.99,51.78,2.43,763.8
2025-05-18 09:00:00,33.81,52.58,2.69,669.35
2025-05-18 10:00:00,33.22,54.64,3.03,506.98
2025-05-18 11:00:00,32.38,57.95,3.35,297.52
2025-05-18 12:00:00,31.31,63.36,3.57,117.65
2025-05-18 13:00:00,29.98,71.66,3.28,9.68
2025-05-18 14:00:00,29.19,77.23,3.27,0.0
2025-05-18 15:00:00,28.78,80.27,3.05,0.0
2025-05-18 16:00:00,28.47,82.41,2.81,0.0
2025-05-18 17:00:00,28.21,83.99,2.66,0.0
2025-05-18 18:00:00,27.93,85.68,2.51,0.0
2025-05-18 19:00:00,27.64,87.15,2.46,0.0
2025-05-18 20:00:00,27.45,88.32,2.21,0.0
2025-05-18 21:00:00,27.41,89.06,1.64,0.0
2025-05-18 22:00:00,27.3,89.88,1.97,0.0
2025-05-18 23:00:00,27.1,90.5,3.46,0.0
2025-05-19 00:00:00,26.94,91.47,3.93,3.5
2025-05-19 01:00:00,27.1,90.84,3.48,73.88
2025-05-19 02:00:00,27.67,86.36,3.48,199.38
2025-05-19 03:00:00,28.29,81.21,3.01,348.62
2025-05-19 04:00:00,29.15,76.05,1.84,508.52
2025-05-19 05:00:00,30.3,70.53,1.09,617.22
2025-05-19 06:00:00,31.42,65.79,0.4,688.95
2025-05-19 07:00:00,32.37,62.0,0.62,802.92
2025-05-19 08:00:00,32.7,60.56,1.73,657.17
2025-05-19 09:00:00,32.44,61.46,2.93,628.4
2025-05-19 10:00:00,31.69,64.61,4.06,464.67
2025-05-19 11:00:00,30.61,69.47,4.77,256.95
2025-05-19 12:00:00,29.49,74.91,4.87,98.88
2025-05-19 13:00:00,28.57,80.12,4.19,7.9
2025-05-19 14:00:00,28.12,83.73,3.46,0.0
2025-05-19 15:00:00,27.87,86.57,2.59,0.0
2025-05-19 16:00:00,27.7,88.71,2.02,0.0
2025-05-19 17:00:00,27.57,90.1,1.74,0.0
2025-05-19 18:00:00,27.42,91.06,1.59,0.0
2025-05-19 19:00:00,27.28,91.7,1.47,0.0
2025-05-19 20:00:00,27.15,92.17,1.37,0.0
2025-05-19 21:00:00,27.06,92.28,1.37,0.0
2025-05-19 22:00:00,27.0,92.22,1.43,0.0
2025-05-19 23:00:00,26.95,92.3,1.52,0.0
2025-05-20 00:00:00,26.9,92.35,1.61,3.6
2025-05-20 01:00:00,27.98,87.59,2.03,54.03
2025-05-20 02:00:00,29.27,79.64,2.48,140.18
2025-05-20 03:00:00,30.71,72.38,2.65,272.58
2025-05-20 04:00:00,31.97,67.36,2.93,381.98
2025-05-20 05:00:00,33.03,63.51,3.0,456.67
2025-05-20 06:00:00,33.3,62.17,2.52,458.62
2025-05-20 07:00:00,33.1,62.81,2.23,513.9
2025-05-20 08:00:00,33.07,63.22,2.24,571.58
2025-05-20 09:00:00,32.55,65.62,2.67,628.9
2025-05-20 10:00:00,31.88,69.8,3.45,450.62
2025-05-20 11:00:00,30.91,76.36,3.77,266.02
2025-05-20 12:00:00,29.94,83.11,3.43,98.93
2025-05-20 13:00:00,29.1,89.0,2.87,8.4
2025-05-20 14:00:00,28.75,91.11,2.64,0.0
2025-05-20 15:00:00,28.53,92.41,2.36,0.0
2025-05-20 16:00:00,28.27,93.71,2.02,0.0
2025-05-20 17:00:00,28.06,94.53,1.77,0.0
2025-05-20 18:00:00,27.84,95.23,1.53,0.0
2025-05-20 19:00:00,27.72,95.11,1.22,0.0
2025-05-20 20:00:00,27.72,93.99,0.88,0.0
2025-05-20 21:00:00,27.81,92.34,0.24,0.0
2025-05-20 22:00:00,27.53,93.45,0.73,0.0
2025-05-20 23:00:00,27.25,94.46,1.08,0.0
2025-05-21 00:00:00,27.09,94.99,1.27,3.17
2025-05-21 01:00:00,27.7,92.72,1.93,46.65
2025-05-21 02:00:00,28.2,89.41,2.72,116.72
2025-05-21 03:00:00,28.79,85.46,2.8,225.55
2025-05-21 04:00:00,29.42,80.25,2.44,307.42
2025-05-21 05:00:00,30.04,74.74,2.16,372.73
2025-05-21 06:00:00,30.87,69.08,2.33,414.58
2025-05-21 07:00:00,31.71,64.41,2.46,417.35
2025-05-21 08:00:00,32.25,61.49,2.21,539.58
2025-05-21 09:00:00,32.38,60.82,2.32,511.48
2025-05-21 10:00:00,32.12,62.45,2.78,407.98
2025-05-21 11:00:00,31.38,66.82,3.38,232.65
2025-05-21 12:00:00,30.21,75.0,3.63,79.05
2025-05-21 13:00:00,28.91,84.37,3.34,7.05
2025-05-21 14:00:00,28.34,89.14,3.05,0.0
2025-05-21 15:00:00,28.08,91.36,2.59,0.0
2025-05-21 16:00:00,27.85,92.91,2.15,0.0
2025-05-21 17:00:00,27.62,93.86,1.93,0.0
2025-05-21 18:00:00,27.46,94.32,1.75,0.0
2025-05-21 19:00:00,27.33,94.54,1.6,0.0
2025-05-21 20:00:00,27.23,94.54,1.53,0.0
2025-05-21 21:00:00,27.15,94.35,1.27,0.0
2025-05-21 22:00:00,27.14,93.18,0.88,0.0
2025-05-21 23:00:00,27.2,90.97,0.46,0.0
2025-05-22 00:00:00,27.13,90.2,0.48,2.9
2025-05-22 01:00:00,27.3,90.89,1.05,76.8
2025-05-22 02:00:00,27.79,85.83,1.76,188.18
2025-05-22 03:00:00,28.55,80.22,1.9,331.15
2025-05-22 04:00:00,29.51,74.54,1.64,477.33
2025-05-22 05:00:00,30.36,70.35,1.3,599.8
2025-05-22 06:00:00,31.0,67.48,1.02,622.47
2025-05-22 07:00:00,31.29,66.02,1.03,455.75
2025-05-22 08:00:00,31.34,65.79,1.33,467.55
2025-05-22 09:00:00,31.06,67.33,1.79,492.95
2025-05-22 10:00:00,30.63,69.9,2.35,265.95
2025-05-22 11:00:00,30.02,73.71,2.74,169.9
2025-05-22 12:00:00,29.19,79.52,2.82,66.2
2025-05-22 13:00:00,28.17,87.08,2.52,8.05
2025-05-22 14:00:00,27.68,90.39,2.32,0.0
2025-05-22 15:00:00,27.44,91.92,2.08,0.0
2025-05-22 16:00:00,27.25,92.93,1.95,0.0
2025-05-22 17:00:00,27.06,93.58,1.96,0.0
2025-05-22 18:00:00,26.87,93.96,2.1,0.0
2025-05-22 19:00:00,26.66,94.46,2.16,0.0
2025-05-22 20:00:00,26.45,94.92,1.98,0.0
2025-05-22 21:00:00,26.33,95.03,1.46,0.0
2025-05-22 22:00:00,26.49,93.12,0.82,0.0
2025-05-22 23:00:00,26.69,91.08,0.42,0.0
2025-05-23 00:00:00,26.73,90.57,0.55,3.12
2025-05-23 01:00:00,27.34,89.27,0.92,65.05
2025-05-23 02:00:00,28.34,83.36,1.66,171.88
2025-05-23 03:00:00,29.64,75.9,2.29,286.77
2025-05-23 04:00:00,31.08,67.26,3.07,390.17
2025-05-23 05:00:00,32.42,59.38,3.81,485.85
2025-05-23 06:00:00,33.42,53.24,4.13,564.1
2025-05-23 07:00:00,34.02,49.9,4.09,515.33
2025-05-23 08:00:00,34.21,48.98,3.92,464.4
2025-05-23 09:00:00,34.09,49.95,3.57,375.23
2025-05-23 10:00:00,33.37,54.37,3.06,211.18
2025-05-23 11:00:00,32.34,60.76,3.0,137.6
2025-05-23 12:00:00,30.84,69.8,3.08,61.1
2025-05-23 13:00:00,29.3,81.04,2.67,6.05
2025-05-23 14:00:00,28.65,86.34,2.41,0.0
2025-05-23 15:00:00,28.34,89.55,1.95,0.0
2025-05-23 16:00:00,28.14,91.57,1.5,0.0
2025-05-23 17:00:00,28.01,92.16,1.06,0.0
2025-05-23 18:00:00,28.0,90.98,0.53,0.0
2025-05-23 19:00:00,27.85,90.45,0.19,0.0
2025-05-23 20:00:00,27.49,91.45,0.52,0.0
2025-05-23 21:00:00,27.2,91.36,0.58,0.0
2025-05-23 22:00:00,26.98,90.78,0.55,0.0
2025-05-23 23:00:00,26.83,90.0,0.53,0.0
2025-05-24 00:00:00,26.7,90.09,0.69,2.17
2025-05-24 01:00:00,27.3,88.1,0.99,36.97
2025-05-24 02:00:00,28.4,81.03,1.68,72.72
2025-05-24 03:00:00,29.39,75.37,2.63,96.8
2025-05-24 04:00:00,30.17,72.74,3.21,124.7
2025-05-24 05:00:00,30.68,71.61,3.68,177.68
2025-05-24 06:00:00,30.63,72.28,3.84,222.73
2025-05-24 07:00:00,30.52,73.5,3.97,257.6
2025-05-24 08:00:00,30.5,74.2,3.95,310.9
2025-05-24 09:00:00,30.36,75.25,3.62,324.77
2025-05-24 10:00:00,30.07,77.25,3.25,205.45
2025-05-24 11:00:00,29.59,80.49,3.09,118.72
2025-05-24 12:00:00,28.82,84.93,3.1,48.75
2025-05-24 13:00:00,27.94,90.05,3.02,5.68
2025-05-24 14:00:00,27.54,91.76,3.14,0.0
2025-05-24 15:00:00,27.34,92.59,2.96,0.0
2025-05-24 16:00:00,27.19,93.06,2.7,0.0
2025-05-24 17:00:00,27.07,93.4,2.55,0.0
2025-05-24 18:00:00,26.96,93.47,2.54,0.0
2025-05-24 19:00:00,26.85,93.59,2.5,0.0
2025-05-24 20:00:00,26.75,93.7,2.6,0.0
2025-05-24 21:00:00,26.73,93.79,2.71,0.0
2025-05-24 22:00:00,26.74,93.91,2.96,0.0
2025-05-24 23:00:00,26.72,94.14,3.24,0.0
2025-05-25 00:00:00,26.72,94.32,3.48,1.7
2025-05-25 01:00:00,26.99,93.13,4.0,17.38
2025-05-25 02:00:00,27.45,90.67,4.58,58.2
2025-05-25 03:00:00,27.93,85.91,5.2,82.75
2025-05-25 04:00:00,28.46,81.56,5.72,116.88
2025-05-25 05:00:00,29.0,77.26,5.94,177.88
2025-05-25 06:00:00,29.43,75.0,5.88,233.15
2025-05-25 07:00:00,29.7,73.23,5.74,255.43
2025-05-25 08:00:00,29.85,73.35,5.66,237.93
2025-05-25 09:00:00,29.84,72.96,5.84,276.52
2025-05-25 10:00:00,29.52,73.43,5.92,204.85
2025-05-25 11:00:00,29.05,77.0,5.73,119.43
2025-05-25 12:00:00,28.31,82.83,5.16,46.92
2025-05-25 13:00:00,27.35,89.0,4.5,5.25
2025-05-25 14:00:00,26.94,92.03,4.27,0.0
2025-05-25 15:00:00,26.8,93.26,4.04,0.0
2025-05-25 16:00:00,26.67,93.9,3.69,0.0
2025-05-25 17:00:00,26.58,94.34,3.51,0.0
2025-05-25 18:00:00,26.57,94.39,3.56,0.0
2025-05-25 19:00:00,26.55,93.91,4.04,0.0
2025-05-25 20:00:00,26.49,93.53,4.73,0.0
2025-05-25 21:00:00,26.39,92.77,5.69,0.0
2025-05-25 22:00:00,26.28,92.13,6.27,0.0
2025-05-25 23:00:00,26.16,92.0,6.04,0.0
2025-05-26 00:00:00,26.15,92.23,5.67,0.95
2025-05-26 01:00:00,26.58,91.58,5.32,15.52
2025-05-26 02:00:00,27.49,88.9,5.72,39.97
2025-05-26 03:00:00,28.47,83.4,6.82,60.92
2025-05-26 04:00:00,29.55,77.42,7.23,83.62
2025-05-26 05:00:00,30.31,74.34,7.2,126.5
2025-05-26 06:00:00,30.8,72.64,6.99,190.25
2025-05-26 07:00:00,30.87,71.99,6.67,231.1
2025-05-26 08:00:00,30.56,73.26,6.31,156.98
2025-05-26 09:00:00,30.02,76.26,5.93,148.45
2025-05-26 10:00:00,29.49,79.67,5.74,157.18
2025-05-26 11:00:00,28.92,83.41,5.38,92.82
2025-05-26 12:00:00,28.28,88.56,4.61,39.97
2025-05-26 13:00:00,27.59,92.81,3.74,4.43
2025-05-26 14:00:00,27.33,94.02,3.72,0.0
2025-05-26 15:00:00,27.3,94.23,4.12,0.0
2025-05-26 16:00:00,27.25,94.5,4.53,0.0
2025-05-26 17:00:00,27.18,94.65,4.63,0.0
2025-05-26 18:00:00,27.04,94.87,4.62,0.0
2025-05-26 19:00:00,26.92,94.83,4.55,0.0
2025-05-26 20:00:00,26.83,94.89,4.39,0.0
2025-05-26 21:00:00,26.72,95.09,4.01,0.0
2025-05-26 22:00:00,26.62,95.19,3.93,0.0
2025-05-26 23:00:00,26.5,95.38,3.74,0.0
2025-05-27 00:00:00,26.37,95.7,3.46,1.33
2025-05-27 01:00:00,26.68,94.74,3.48,26.77
2025-05-27 02:00:00,27.11,92.7,3.48,68.03
2025-05-27 03:00:00,27.65,88.47,3.71,129.15
2025-05-27 04:00:00,28.18,84.4,3.94,137.4
2025-05-27 05:00:00,28.64,82.26,4.15,112.6
2025-05-27 06:00:00,28.93,80.86,4.31,105.3
2025-05-27 07:00:00,29.0,80.62,4.4,180.35
2025-05-27 08:00:00,28.9,80.94,4.53,206.85
2025-05-27 09:00:00,28.68,81.58,4.57,180.38
2025-05-27 10:00:00,28.4,82.49,4.63,118.47
2025-05-27 11:00:00,28.03,84.18,4.59,75.7
2025-05-27 12:00:00,27.56,87.59,4.01,37.65
2025-05-27 13:00:00,26.98,91.56,3.14,4.97
2025-05-27 14:00:00,26.75,92.86,2.88,0.0
2025-05-27 15:00:00,26.73,93.07,2.88,0.0
2025-05-27 16:00:00,26.73,93.26,2.99,0.0
2025-05-27 17:00:00,26.72,93.38,3.1,0.0
2025-05-27 18:00:00,26.75,93.4,3.35,0.0
2025-05-27 19:00:00,26.78,93.33,3.59,0.0
2025-05-27 20:00:00,26.79,93.22,3.77,0.0
2025-05-27 21:00:00,26.72,93.56,3.53,0.0
2025-05-27 22:00:00,26.56,94.44,3.13,0.0
2025-05-27 23:00:00,26.51,94.83,2.99,0.0
2025-05-28 00:00:00,26.46,95.09,2.79,3.5
2025-05-28 01:00:00,27.18,93.46,2.9,68.7
2025-05-28 02:00:00,28.0,89.71,3.64,174.9
2025-05-28 03:00:00,28.69,86.08,4.21,317.5
2025-05-28 04:00:00,29.48,81.69,4.64,466.48
2025-05-28 05:00:00,30.21,78.5,4.93,575.08
2025-05-28 06:00:00,30.61,76.94,5.12,633.88
2025-05-28 07:00:00,30.74,75.81,5.28,630.8
2025-05-28 08:00:00,30.63,75.68,5.41,483.08
2025-05-28 09:00:00,30.28,76.89,5.29,374.77
2025-05-28 10:00:00,29.72,79.86,4.97,259.52
2025-05-28 11:00:00,29.17,83.5,4.66,173.23
2025-05-28 12:00:00,28.63,87.89,4.13,79.4
2025-05-28 13:00:00,27.9,92.67,3.32,9.65
2025-05-28 14:00:00,27.5,94.34,3.2,0.0
2025-05-28 15:00:00,27.42,94.27,3.41,0.0
2025-05-28 16:00:00,27.35,94.34,3.52,0.0
2025-05-28 17:00:00,27.32,94.47,3.44,0.0
2025-05-28 18:00:00,27.28,94.48,3.62,0.0
2025-05-28 19:00:00,27.29,94.36,3.87,0.0
2025-05-28 20:00:00,27.26,94.7,3.72,0.0
2025-05-28 21:00:00,27.21,95.19,3.32,0.0
2025-05-28 22:00:00,27.12,95.54,2.96,0.0
2025-05-28 23:00:00,27.01,95.68,2.67,0.0
2025-05-29 00:00:00,26.9,95.87,2.48,4.28
2025-05-29 01:00:00,27.34,94.9,2.76,69.97
2025-05-29 02:00:00,27.82,92.25,3.54,208.1
2025-05-29 03:00:00,28.37,87.47,3.82,366.08
2025-05-29 04:00:00,29.07,82.49,3.98,521.95
2025-05-29 05:00:00,29.74,79.53,4.26,646.88
2025-05-29 06:00:00,30.25,77.88,4.66,740.28
2025-05-29 07:00:00,30.41,78.11,5.0,782.12
2025-05-29 08:00:00,30.43,78.99,5.41,687.15
2025-05-29 09:00:00,30.37,79.81,5.71,621.03
2025-05-29 10:00:00,30.11,80.84,5.96,438.62
2025-05-29 11:00:00,29.52,83.25,5.91,270.12
2025-05-29 12:00:00,28.79,86.92,5.26,116.65
2025-05-29 13:00:00,28.05,90.79,4.33,13.88
2025-05-29 14:00:00,27.63,92.12,4.13,0.0
2025-05-29 15:00:00,27.48,92.26,4.17,0.0
2025-05-29 16:00:00,27.35,92.49,4.16,0.0
2025-05-29 17:00:00,27.28,92.42,4.32,0.0
2025-05-29 18:00:00,27.17,92.59,4.36,0.0
2025-05-29 19:00:00,27.03,92.9,4.29,0.0
2025-05-29 20:00:00,26.94,92.97,4.23,0.0
2025-05-29 21:00:00,26.82,93.2,4.04,0.0
2025-05-29 22:00:00,26.75,93.23,3.77,0.0
2025-05-29 23:00:00,26.71,93.16,3.5,0.0
2025-05-30 00:00:00,26.74,92.78,3.35,4.43
2025-05-30 01:00:00,27.67,89.65,3.79,70.93
2025-05-30 02:00:00,28.78,83.76,4.72,201.68
2025-05-30 03:00:00,29.8,77.24,5.45,386.33
2025-05-30 04:00:00,30.77,72.07,5.77,539.8
2025-05-30 05:00:00,31.4,69.53,5.85,691.6
2025-05-30 06:00:00,31.77,68.11,5.91,793.75
2025-05-30 07:00:00,31.93,67.0,5.99,843.5
2025-05-30 08:00:00,31.9,66.82,6.06,769.28
2025-05-30 09:00:00,31.7,67.38,6.03,672.4
2025-05-30 10:00:00,31.23,69.34,5.93,513.62
2025-05-30 11:00:00,30.53,72.66,5.76,316.42
2025-05-30 12:00:00,29.52,77.8,5.24,131.2
2025-05-30 13:00:00,28.23,86.17,3.78,15.5
2025-05-30 14:00:00,27.54,89.95,3.58,0.0
2025-05-30 15:00:00,27.34,90.86,3.69,0.0
2025-05-30 16:00:00,27.25,91.32,3.81,0.0
2025-05-30 17:00:00,27.21,91.42,4.09,0.0
2025-05-30 18:00:00,27.13,91.59,4.4,0.0
2025-05-30 19:00:00,27.01,91.55,4.64,0.0
2025-05-30 20:00:00,26.87,91.88,4.56,0.0
2025-05-30 21:00:00,26.81,91.95,4.41,0.0
2025-05-30 22:00:00,26.74,92.07,4.12,0.0
2025-05-30 23:00:00,26.68,92.17,3.9,0.0
2025-05-31 00:00:00,26.7,91.94,3.74,5.05
2025-05-31 01:00:00,27.78,88.01,4.38,81.62
2025-05-31 02:00:00,29.09,81.39,5.37,224.43
2025-05-31 03:00:00,30.25,74.72,5.97,400.83
2025-05-31 04:00:00,31.0,69.94,6.14,552.12
2025-05-31 05:00:00,31.72,67.76,6.09,678.97
2025-05-31 06:00:00,32.05,66.85,6.01,772.4
2025-05-31 07:00:00,32.12,66.42,5.95,794.4
2025-05-31 08:00:00,32.1,65.85,6.01,755.83
2025-05-31 09:00:00,31.65,66.56,6.03,646.8
2025-05-31 10:00:00,31.0,68.43,5.98,497.7
2025-05-31 11:00:00,30.16,71.95,5.79,311.8
2025-05-31 12:00:00,29.06,77.71,5.11,131.95
2025-05-31 13:00:00,27.83,85.83,3.67,15.7
2025-05-31 14:00:00,27.16,90.08,3.15,0.0
2025-05-31 15:00:00,26.91,91.51,3.07,0.0
2025-05-31 16:00:00,26.78,92.2,3.11,0.0
2025-05-31 17:00:00,26.69,92.74,3.17,0.0
2025-05-31 18:00:00,26.65,93.05,3.32,0.0
2025-05-31 19:00:00,26.62,93.28,3.32,0.0
2025-05-31 20:00:00,26.61,93.37,3.34,0.0
2025-05-31 21:00:00,26.62,93.46,3.3,0.0
2025-05-31 22:00:00,26.56,93.69,3.08,0.0
2025-05-31 23:00:00,26.45,93.95,2.9,0.0
2025-06-01 00:00:00,26.5,93.72,2.93,4.47
2025-06-01 01:00:00,27.78,89.18,3.81,83.7
2025-06-01 02:00:00,29.01,82.53,4.9,251.5
2025-06-01 03:00:00,30.2,76.01,5.56,444.55
2025-06-01 04:00:00,31.03,72.32,5.7,615.2
2025-06-01 05:00:00,31.68,69.75,5.82,751.25
2025-06-01 06:00:00,32.14,67.85,6.03,836.72
2025-06-01 07:00:00,32.34,67.18,6.39,675.08
2025-06-01 08:00:00,32.28,67.43,6.86,758.55
2025-06-01 09:00:00,31.92,68.53,7.18,691.42
2025-06-01 10:00:00,31.32,70.47,7.31,490.0
2025-06-01 11:00:00,30.55,73.39,7.19,294.7
2025-06-01 12:00:00,29.5,78.34,6.61,129.93
2025-06-01 13:00:00,28.17,86.23,5.21,16.02
2025-06-01 14:00:00,27.55,89.58,4.81,0.0
2025-06-01 15:00:00,27.33,90.68,4.67,0.0
2025-06-01 16:00:00,27.15,91.85,4.33,0.0
2025-06-01 17:00:00,27.06,92.32,4.16,0.0
2025-06-01 18:00:00,27.0,92.54,4.1,0.0
2025-06-01 19:00:00,26.95,92.74,4.03,0.0
2025-06-01 20:00:00,26.9,92.85,3.98,0.0
2025-06-01 21:00:00,26.87,92.89,4.0,0.0
2025-06-01 22:00:00,26.77,93.31,3.87,0.0
2025-06-01 23:00:00,26.71,93.71,3.63,0.0
2025-06-02 00:00:00,26.68,94.06,3.5,4.8
2025-06-02 01:00:00,27.4,91.47,4.25,78.57
2025-06-02 02:00:00,28.37,86.01,5.15,219.98
2025-06-02 03:00:00,29.31,80.33,5.9,431.4
2025-06-02 04:00:00,30.15,76.77,6.4,598.95
2025-06-02 05:00:00,30.81,73.59,6.81,732.35
2025-06-02 06:00:00,31.21,71.34,7.07,838.45
2025-06-02 07:00:00,31.32,70.72,7.22,832.12
2025-06-02 08:00:00,31.22,71.02,7.26,654.88
2025-06-02 09:00:00,30.89,71.65,7.1,681.05
2025-06-02 10:00:00,30.47,72.66,6.8,525.33
2025-06-02 11:00:00,29.87,74.69,6.41,310.4
2025-06-02 12:00:00,29.01,78.58,5.71,132.73
2025-06-02 13:00:00,27.75,86.62,4.07,16.12
2025-06-02 14:00:00,27.01,91.11,3.53,0.0
2025-06-02 15:00:00,26.78,92.17,3.65,0.0
2025-06-02 16:00:00,26.63,92.45,3.82,0.0
2025-06-02 17:00:00,26.49,92.7,3.85,0.0
2025-06-02 18:00:00,26.35,92.82,3.94,0.0
2025-06-02 19:00:00,26.17,93.03,3.75,0.0
2025-06-02 20:00:00,25.98,93.28,3.55,0.0
2025-06-02 21:00:00,25.84,93.61,3.34,0.0
2025-06-02 22:00:00,25.74,94.06,3.18,0.0
2025-06-02 23:00:00,25.65,94.63,3.05,0.0
2025-06-03 00:00:00,25.76,94.63,3.05,4.78
2025-06-03 01:00:00,27.18,90.08,4.37,78.85
2025-06-03 02:00:00,28.46,83.88,5.64,212.98
2025-06-03 03:00:00,29.7,77.37,6.5,449.8
2025-06-03 04:00:00,30.49,73.81,6.77,629.33
2025-06-03 05:00:00,31.0,71.85,6.89,762.33
2025-06-03 06:00:00,31.34,70.66,6.96,846.72
2025-06-03 07:00:00,31.48,70.13,7.08,801.5
2025-06-03 08:00:00,31.43,70.48,7.17,747.25
2025-06-03 09:00:00,31.08,71.79,7.08,682.6
2025-06-03 10:00:00,30.57,74.11,6.78,511.0
2025-06-03 11:00:00,29.93,76.66,6.36,293.88
2025-06-03 12:00:00,29.08,80.5,5.65,130.02
2025-06-03 13:00:00,27.88,88.1,3.92,15.7
2025-06-03 14:00:00,27.24,92.08,3.28,0.0
2025-06-03 15:00:00,26.98,93.07,3.36,0.0
2025-06-03 16:00:00,26.75,93.39,3.59,0.0
2025-06-03 17:00:00,26.59,93.61,3.64,0.0
2025-06-03 18:00:00,26.43,93.75,3.62,0.0
2025-06-03 19:00:00,26.25,94.09,3.44,0.0
2025-06-03 20:00:00,26.08,94.39,3.26,0.0
2025-06-03 21:00:00,25.92,94.8,2.93,0.0
2025-06-03 22:00:00,25.78,95.21,2.66,0.0
2025-06-03 23:00:00,25.69,95.51,2.54,0.0
2025-06-04 00:00:00,25.71,95.45,2.52,4.6
2025-06-04 01:00:00,26.9,91.06,3.54,64.03
2025-06-04 02:00:00,28.11,84.19,4.35,179.68
2025-06-04 03:00:00,29.15,78.1,4.77,345.55
2025-06-04 04:00:00,29.98,73.99,4.97,494.55
2025-06-04 05:00:00,30.59,71.4,5.14,596.03
2025-06-04 06:00:00,30.94,69.75,5.37,675.1
2025-06-04 07:00:00,31.12,68.66,5.64,733.08
2025-06-04 08:00:00,31.0,68.19,5.84,622.38
2025-06-04 09:00:00,30.75,68.09,5.61,669.75
2025-06-04 10:00:00,30.39,68.38,5.08,518.7
2025-06-04 11:00:00,29.87,69.71,4.35,279.67
2025-06-04 12:00:00,29.01,73.78,3.37,124.35
2025-06-04 13:00:00,27.6,84.53,2.06,15.9
2025-06-04 14:00:00,26.81,89.4,1.65,0.0
2025-06-04 15:00:00,26.41,90.5,1.73,0.0
2025-06-04 16:00:00,26.07,91.51,1.91,0.0
2025-06-04 17:00:00,25.82,92.3,2.02,0.0
2025-06-04 18:00:00,25.65,92.8,2.09,0.0
2025-06-04 19:00:00,25.5,93.25,2.11,0.0
2025-06-04 20:00:00,25.36,93.84,2.09,0.0
2025-06-04 21:00:00,25.24,94.33,1.98,0.0
2025-06-04 22:00:00,25.17,94.62,1.83,0.0
2025-06-04 23:00:00,25.16,94.5,1.66,0.0
2025-06-05 00:00:00,25.29,93.91,1.44,3.83
2025-06-05 01:00:00,26.7,89.18,1.46,80.12
2025-06-05 02:00:00,28.15,80.79,1.97,222.55
2025-06-05 03:00:00,29.33,75.48,2.16,410.77
2025-06-05 04:00:00,30.38,70.24,2.14,566.15
2025-06-05 05:00:00,31.11,66.5,2.13,664.67
2025-06-05 06:00:00,31.55,64.52,2.4,750.22
2025-06-05 07:00:00,31.83,63.63,2.9,835.28
2025-06-05 08:00:00,31.91,63.1,3.47,792.1
2025-06-05 09:00:00,31.68,63.39,3.97,695.5
2025-06-05 10:00:00,31.05,65.54,4.4,512.12
2025-06-05 11:00:00,30.02,70.52,4.54,310.73
2025-06-05 12:00:00,28.93,76.42,4.12,131.62
2025-06-05 13:00:00,27.65,85.37,2.85,14.38
2025-06-05 14:00:00,27.0,90.27,2.24,0.0
2025-06-05 15:00:00,26.83,91.41,1.89,0.0
2025-06-05 16:00:00,26.75,91.94,1.62,0.0
2025-06-05 17:00:00,26.68,92.22,1.46,0.0
2025-06-05 18:00:00,26.53,92.47,1.51,0.0
2025-06-05 19:00:00,26.31,92.95,1.65,0.0
2025-06-05 20:00:00,26.08,93.46,1.83,0.0
2025-06-05 21:00:00,25.84,93.86,1.9,0.0
2025-06-05 22:00:00,25.71,93.91,1.84,0.0
2025-06-05 23:00:00,25.68,93.32,1.69,0.0
2025-06-06 00:00:00,25.8,92.42,1.48,4.65
2025-06-06 01:00:00,27.18,87.61,1.57,89.97
2025-06-06 02:00:00,28.38,80.05,1.92,240.82
2025-06-06 03:00:00,29.48,74.72,2.18,458.38
2025-06-06 04:00:00,30.47,69.93,2.33,639.8
2025-06-06 05:00:00,31.22,67.07,2.33,768.83
2025-06-06 06:00:00,31.64,65.73,2.36,858.2
2025-06-06 07:00:00,31.72,65.5,2.56,722.97
2025-06-06 08:00:00,31.65,65.86,2.95,739.42
2025-06-06 09:00:00,31.19,67.66,3.69,624.1
2025-06-06 10:00:00,30.37,71.2,4.38,498.52
2025-06-06 11:00:00,29.58,74.94,4.62,298.2
2025-06-06 12:00:00,28.66,79.36,4.2,131.07
2025-06-06 13:00:00,27.46,86.76,3.01,16.17
2025-06-06 14:00:00,26.78,91.18,2.4,0.0
2025-06-06 15:00:00,26.51,92.64,2.09,0.0
2025-06-06 16:00:00,26.29,93.51,1.88,0.0
2025-06-06 17:00:00,26.09,94.07,1.81,0.0
2025-06-06 18:00:00,25.9,94.46,1.82,0.0
2025-06-06 19:00:00,25.8,94.73,1.81,0.0
2025-06-06 20:00:00,25.73,94.85,1.78,0.0
2025-06-06 21:00:00,25.69,94.76,1.72,0.0
2025-06-06 22:00:00,25.63,94.49,1.65,0.0
2025-06-06 23:00:00,25.61,94.01,1.6,0.0
2025-06-07 00:00:00,25.68,93.62,1.49,4.6
2025-06-07 01:00:00,26.96,89.33,1.65,68.18
2025-06-07 02:00:00,28.12,81.5,2.08,188.52
2025-06-07 03:00:00,29.14,75.21,2.16,327.85
2025-06-07 04:00:00,30.22,69.76,2.33,480.27
2025-06-07 05:00:00,31.01,67.09,2.56,606.58
2025-06-07 06:00:00,31.37,66.38,2.9,676.97
2025-06-07 07:00:00,31.27,67.03,3.29,639.2
2025-06-07 08:00:00,30.73,69.24,3.62,562.78
2025-06-07 09:00:00,29.95,72.99,3.85,450.25
2025-06-07 10:00:00,29.06,77.6,3.87,320.23
2025-06-07 11:00:00,28.23,81.87,3.54,196.35
2025-06-07 12:00:00,27.46,86.33,2.85,88.45
2025-06-07 13:00:00,26.81,89.85,2.34,12.93
2025-06-07 14:00:00,26.41,92.21,2.05,0.0
2025-06-07 15:00:00,26.2,93.5,1.85,0.0
2025-06-07 16:00:00,26.06,94.46,1.76,0.0
2025-06-07 17:00:00,25.87,94.82,1.92,0.0
2025-06-07 18:00:00,25.63,95.08,2.07,0.0
2025-06-07 19:00:00,25.45,95.36,1.9,0.0
2025-06-07 20:00:00,25.31,95.65,1.54,0.0
2025-06-07 21:00:00,25.27,95.42,1.25,0.0
2025-06-07 22:00:00,25.39,93.54,1.03,0.0
2025-06-07 23:00:00,25.47,92.02,0.93,0.0
2025-06-08 00:00:00,25.52,91.55,0.94,4.4
2025-06-08 01:00:00,26.3,88.99,1.2,80.43
2025-06-08 02:00:00,27.32,82.9,1.81,230.18
2025-06-08 03:00:00,28.44,78.16,2.2,406.4
2025-06-08 04:00:00,29.71,73.0,2.64,585.17
2025-06-08 05:00:00,30.85,68.54,3.13,716.75
2025-06-08 06:00:00,31.71,65.6,3.5,823.67
2025-06-08 07:00:00,32.21,64.02,3.72,834.95
2025-06-08 08:00:00,32.4,63.24,3.83,682.88
2025-06-08 09:00:00,32.17,63.91,4.03,681.47
2025-06-08 10:00:00,31.57,66.0,4.24,530.65
2025-06-08 11:00:00,30.77,69.64,4.22,328.88
2025-06-08 12:00:00,29.7,75.48,3.89,143.62
2025-06-08 13:00:00,28.36,84.96,2.95,20.27
2025-06-08 14:00:00,27.64,89.74,2.59,0.0
2025-06-08 15:00:00,27.41,90.88,2.48,0.0
2025-06-08 16:00:00,27.22,91.8,2.38,0.0
2025-06-08 17:00:00,27.05,92.32,2.35,0.0
2025-06-08 18:00:00,26.84,92.62,2.45,0.0
2025-06-08 19:00:00,26.65,92.69,2.59,0.0
2025-06-08 20:00:00,26.5,92.5,2.76,0.0
2025-06-08 21:00:00,26.38,92.43,2.81,0.0
2025-06-08 22:00:00,26.27,92.62,2.73,0.0
2025-06-08 23:00:00,26.15,92.89,2.64,0.0
2025-06-09 00:00:00,26.16,92.88,2.54,5.25
2025-06-09 01:00:00,27.43,87.89,3.14,87.85
2025-06-09 02:00:00,28.67,79.89,3.98,241.48
2025-06-09 03:00:00,29.8,73.79,4.38,441.5
2025-06-09 04:00:00,30.64,70.75,4.56,613.92
2025-06-09 05:00:00,31.24,68.7,4.74,727.35
2025-06-09 06:00:00,31.68,67.3,4.97,786.88
2025-06-09 07:00:00,31.87,66.5,5.22,822.85
2025-06-09 08:00:00,31.85,66.04,5.44,650.0
2025-06-09 09:00:00,31.53,66.47,5.57,644.28
2025-06-09 10:00:00,30.79,69.13,5.72,506.02
2025-06-09 11:00:00,29.89,72.82,5.55,287.2
2025-06-09 12:00:00,28.94,76.94,4.88,135.57
2025-06-09 13:00:00,27.79,84.56,3.32,18.62
2025-06-09 14:00:00,27.09,89.29,2.58,0.0
2025-06-09 15:00:00,26.78,90.7,2.36,0.0
2025-06-09 16:00:00,26.51,91.36,2.3,0.0
2025-06-09 17:00:00,26.22,91.91,2.36,0.0
2025-06-09 18:00:00,25.97,92.22,2.48,0.0
2025-06-09 19:00:00,25.75,92.49,2.56,0.0
2025-06-09 20:00:00,25.52,92.92,2.59,0.0
2025-06-09 21:00:00,25.34,93.05,2.54,0.0
2025-06-09 22:00:00,25.2,92.9,2.45,0.0
2025-06-09 23:00:00,25.11,92.54,2.34,0.0
2025-06-10 00:00:00,25.13,92.04,2.2,4.9
2025-06-10 01:00:00,26.91,86.43,2.32,84.03
2025-06-10 02:00:00,28.5,76.36,3.48,233.65
2025-06-10 03:00:00,29.67,71.16,3.96,442.73
2025-06-10 04:00:00,30.7,67.76,4.26,625.88
2025-06-10 05:00:00,31.55,65.32,4.53,765.3
2025-06-10 06:00:00,32.2,63.57,4.79,841.88
2025-06-10 07:00:00,32.56,62.56,5.02,818.5
2025-06-10 08:00:00,32.56,62.54,5.21,767.3
2025-06-10 09:00:00,32.17,63.64,5.3,674.53
2025-06-10 10:00:00,31.6,65.4,5.25,522.5
2025-06-10 11:00:00,30.77,68.59,4.96,302.65
2025-06-10 12:00:00,29.72,73.65,4.31,135.32
2025-06-10 13:00:00,28.35,83.44,2.97,18.52
2025-06-10 14:00:00,27.58,88.41,2.55,0.0
2025-06-10 15:00:00,27.21,90.07,2.38,0.0
2025-06-10 16:00:00,26.92,90.99,2.3,0.0
2025-06-10 17:00:00,26.68,91.37,2.34,0.0
2025-06-10 18:00:00,26.46,91.64,2.44,0.0
2025-06-10 19:00:00,26.33,92.02,2.52,0.0
2025-06-10 20:00:00,26.25,92.53,2.57,0.0
2025-06-10 21:00:00,26.18,93.11,2.58,0.0
2025-06-10 22:00:00,26.1,93.64,2.65,0.0
2025-06-10 23:00:00,26.17,93.96,2.62,0.0
2025-06-11 00:00:00,26.28,94.01,2.6,4.4
2025-06-11 01:00:00,27.62,89.63,3.33,90.0
2025-06-11 02:00:00,28.84,82.21,4.41,254.05
2025-06-11 03:00:00,29.94,76.09,5.07,430.17
2025-06-11 04:00:00,30.65,73.13,5.31,603.62
2025-06-11 05:00:00,31.11,70.99,5.38,736.15
2025-06-11 06:00:00,31.32,69.98,5.28,847.53
2025-06-11 07:00:00,31.54,68.91,4.94,784.55
2025-06-11 08:00:00,31.56,68.03,4.37,780.5
2025-06-11 09:00:00,31.39,67.78,3.89,633.47
2025-06-11 10:00:00,30.99,68.86,3.72,442.02
2025-06-11 11:00:00,30.16,72.38,4.0,266.4
2025-06-11 12:00:00,29.01,79.57,4.12,105.47
2025-06-11 13:00:00,27.88,86.92,3.87,14.0
2025-06-11 14:00:00,27.37,90.48,3.73,0.0
2025-06-11 15:00:00,27.14,92.99,3.09,0.0
2025-06-11 16:00:00,26.94,94.69,2.56,0.0
2025-06-11 17:00:00,26.85,95.33,2.43,0.0
2025-06-11 18:00:00,26.87,95.49,2.61,0.0
2025-06-11 19:00:00,26.99,95.34,2.93,0.0
2025-06-11 20:00:00,27.04,95.39,3.03,0.0
2025-06-11 21:00:00,27.07,95.31,3.18,0.0
2025-06-11 22:00:00,27.1,95.25,3.43,0.0
2025-06-11 23:00:00,27.15,95.11,3.73,0.0
2025-06-12 00:00:00,27.23,94.87,3.96,2.6
2025-06-12 01:00:00,27.69,93.46,4.28,81.28
2025-06-12 02:00:00,28.32,91.04,4.5,197.02
2025-06-12 03:00:00,28.89,87.07,4.9,307.42
2025-06-12 04:00:00,29.32,83.46,5.32,434.02
2025-06-12 05:00:00,29.62,81.57,5.65,541.5
2025-06-12 06:00:00,30.07,78.82,5.99,642.97
2025-06-12 07:00:00,30.47,76.42,6.06,716.25
2025-06-12 08:00:00,30.2,76.84,5.92,702.7
2025-06-12 09:00:00,29.95,77.94,5.77,543.4
2025-06-12 10:00:00,29.61,80.3,5.74,428.45
2025-06-12 11:00:00,29.23,83.49,5.46,260.2
2025-06-12 12:00:00,28.71,88.25,4.51,110.95
2025-06-12 13:00:00,28.08,92.48,3.64,17.88
2025-06-12 14:00:00,27.78,93.78,3.63,0.0
2025-06-12 15:00:00,27.63,94.43,3.55,0.0
2025-06-12 16:00:00,27.5,94.96,3.5,0.0
2025-06-12 17:00:00,27.41,95.2,3.74,0.0
2025-06-12 18:00:00,27.35,95.24,4.02,0.0
2025-06-12 19:00:00,27.27,95.18,4.34,0.0
2025-06-12 20:00:00,27.13,95.43,4.2,0.0
2025-06-12 21:00:00,26.94,95.82,3.66,0.0
2025-06-12 22:00:00,26.73,96.45,3.07,0.0
2025-06-12 23:00:00,26.54,96.72,2.56,0.0
2025-06-13 00:00:00,26.44,96.85,2.29,0.82
2025-06-13 01:00:00,26.97,95.21,2.52,30.15
2025-06-13 02:00:00,27.41,92.32,3.37,89.72
2025-06-13 03:00:00,27.85,87.85,4.07,160.18
2025-06-13 04:00:00,28.35,83.93,4.42,266.85
2025-06-13 05:00:00,28.78,81.64,4.58,332.67
2025-06-13 06:00:00,29.1,80.38,4.73,407.75
2025-06-13 07:00:00,29.37,79.23,4.92,506.23
2025-06-13 08:00:00,29.5,78.89,5.05,515.17
2025-06-13 09:00:00,29.39,80.22,5.41,489.6
2025-06-13 10:00:00,29.18,81.7,5.87,401.83
2025-06-13 11:00:00,28.87,83.29,6.01,242.0
2025-06-13 12:00:00,28.42,86.24,5.34,97.75
2025-06-13 13:00:00,27.69,90.61,4.17,13.15
2025-06-13 14:00:00,27.34,92.19,3.85,0.0
2025-06-13 15:00:00,27.21,92.77,3.71,0.0
2025-06-13 16:00:00,27.1,93.26,3.66,0.0
2025-06-13 17:00:00,26.99,93.49,3.74,0.0
2025-06-13 18:00:00,26.86,93.7,3.8,0.0
2025-06-13 19:00:00,26.69,94.35,3.34,0.0
2025-06-13 20:00:00,26.56,94.95,2.71,0.0
2025-06-13 21:00:00,26.5,95.34,2.4,0.0
2025-06-13 22:00:00,26.59,95.24,2.4,0.0
2025-06-13 23:00:00,26.59,95.47,2.44,0.0
2025-06-14 00:00:00,26.61,95.69,2.38,2.83
2025-06-14 01:00:00,27.29,94.65,2.41,73.97
2025-06-14 02:00:00,27.96,92.08,2.91,188.05
2025-06-14 03:00:00,28.62,89.44,3.28,327.45
2025-06-14 04:00:00,29.32,85.27,3.69,444.45
2025-06-14 05:00:00,29.97,80.96,3.67,551.12
2025-06-14 06:00:00,30.45,78.22,3.49,617.8
2025-06-14 07:00:00,30.75,76.92,3.11,728.6
2025-06-14 08:00:00,30.75,77.53,2.82,719.08
2025-06-14 09:00:00,30.5,79.45,2.93,619.83
2025-06-14 10:00:00,30.04,82.02,3.39,451.88
2025-06-14 11:00:00,29.35,86.2,3.62,276.92
2025-06-14 12:00:00,28.69,90.37,3.42,117.93
2025-06-14 13:00:00,28.07,93.87,2.81,14.07
2025-06-14 14:00:00,27.74,95.27,2.4,0.0
2025-06-14 15:00:00,27.59,95.89,2.03,0.0
2025-06-14 16:00:00,27.48,96.15,1.66,0.0
2025-06-14 17:00:00,27.38,96.23,1.38,0.0
2025-06-14 18:00:00,27.23,96.39,1.09,0.0
2025-06-14 19:00:00,27.14,96.48,0.93,0.0
2025-06-14 20:00:00,27.06,96.63,1.04,0.0
2025-06-14 21:00:00,26.97,96.8,1.04,0.0
2025-06-14 22:00:00,26.9,96.81,1.17,0.0
2025-06-14 23:00:00,26.83,96.72,1.72,0.0
2025-06-15 00:00:00,26.79,96.62,2.27,0.57
2025-06-15 01:00:00,27.07,95.51,2.89,9.1
2025-06-15 02:00:00,27.43,93.95,4.17,24.7
2025-06-15 03:00:00,27.91,92.6,5.62,44.62
2025-06-15 04:00:00,28.42,90.77,6.86,56.7
2025-06-15 05:00:00,28.65,89.55,7.45,72.15
2025-06-15 06:00:00,28.83,88.3,7.53,97.18
2025-06-15 07:00:00,28.91,87.73,7.17,137.52
2025-06-15 08:00:00,29.01,87.29,6.59,213.12
2025-06-15 09:00:00,28.9,87.93,5.67,266.4
2025-06-15 10:00:00,28.63,89.54,4.83,115.2
2025-06-15 11:00:00,28.31,91.27,4.47,72.43
2025-06-15 12:00:00,27.9,93.2,4.33,36.5
2025-06-15 13:00:00,27.43,94.93,3.77,6.0
2025-06-15 14:00:00,27.09,95.43,3.23,0.0
2025-06-15 15:00:00,26.92,94.38,2.75,0.0
2025-06-15 16:00:00,26.83,93.35,2.0,0.0
2025-06-15 17:00:00,26.6,94.97,0.99,0.0
2025-06-15 18:00:00,26.59,95.0,0.75,0.0
2025-06-15 19:00:00,26.62,95.21,2.81,0.0
2025-06-15 20:00:00,26.68,95.55,4.06,0.0
2025-06-15 21:00:00,26.7,96.11,4.71,0.0
2025-06-15 22:00:00,26.73,96.05,5.57,0.0
2025-06-15 23:00:00,26.74,95.77,6.6,0.0
2025-06-16 00:00:00,26.72,95.74,7.36,0.9
2025-06-16 01:00:00,26.85,95.46,7.47,15.02
2025-06-16 02:00:00,27.09,94.54,7.35,35.55
2025-06-16 03:00:00,27.26,93.21,7.52,58.42
2025-06-16 04:00:00,27.31,90.67,8.05,79.28
2025-06-16 05:00:00,27.44,88.11,8.04,116.0
2025-06-16 06:00:00,27.84,85.71,8.01,126.82
2025-06-16 07:00:00,28.35,84.56,8.12,158.12
2025-06-16 08:00:00,28.86,83.37,8.32,112.75
2025-06-16 09:00:00,29.03,83.22,8.62,81.45
2025-06-16 10:00:00,28.76,84.03,8.93,100.53
2025-06-16 11:00:00,28.31,86.29,8.46,165.85
2025-06-16 12:00:00,27.7,89.75,7.56,79.97
2025-06-16 13:00:00,27.18,91.56,7.36,10.8
2025-06-16 14:00:00,26.96,91.96,7.29,0.0
2025-06-16 15:00:00,26.91,92.25,6.97,0.0
2025-06-16 16:00:00,26.97,91.72,7.27,0.0
2025-06-16 17:00:00,26.95,91.57,7.39,0.0
2025-06-16 18:00:00,26.85,92.09,7.07,0.0
2025-06-16 19:00:00,26.79,92.18,7.04,0.0
2025-06-16 20:00:00,26.72,92.78,6.69,0.0
2025-06-16 21:00:00,26.77,91.83,7.06,0.0
2025-06-16 22:00:00,26.72,91.95,6.51,0.0
2025-06-16 23:00:00,26.64,92.45,5.92,0.0
2025-06-17 00:00:00,26.59,92.87,5.5,3.62
2025-06-17 01:00:00,27.25,91.33,6.01,62.75
2025-06-17 02:00:00,28.24,88.28,7.02,181.68
2025-06-17 03:00:00,29.07,83.48,8.73,354.4
2025-06-17 04:00:00,29.69,79.79,9.69,517.58
2025-06-17 05:00:00,29.99,77.96,10.06,651.1
2025-06-17 06:00:00,30.1,77.39,10.18,724.42
2025-06-17 07:00:00,30.11,77.21,10.33,757.1
2025-06-17 08:00:00,30.13,76.87,10.44,724.08
2025-06-17 09:00:00,29.93,77.37,10.24,685.28
2025-06-17 10:00:00,29.62,78.26,9.93,489.65
2025-06-17 11:00:00,29.12,80.24,9.43,288.73
2025-06-17 12:00:00,28.33,84.51,8.28,111.75
2025-06-17 13:00:00,27.38,88.95,6.96,16.48
2025-06-17 14:00:00,26.92,90.56,6.44,0.0
2025-06-17 15:00:00,26.78,91.23,6.18,0.0
2025-06-17 16:00:00,26.73,91.35,6.19,0.0
2025-06-17 17:00:00,26.69,91.73,6.26,0.0
2025-06-17 18:00:00,26.67,91.92,6.52,0.0
2025-06-17 19:00:00,26.64,92.01,6.67,0.0
2025-06-17 20:00:00,26.58,92.12,6.79,0.0
2025-06-17 21:00:00,26.54,92.24,6.52,0.0
2025-06-17 22:00:00,26.52,92.21,6.39,0.0
2025-06-17 23:00:00,26.47,92.56,5.95,0.0
2025-06-18 00:00:00,26.47,92.75,5.46,2.53
2025-06-18 01:00:00,27.24,90.79,5.99,40.95
2025-06-18 02:00:00,28.21,87.44,7.11,113.85
2025-06-18 03:00:00,29.0,83.32,8.59,203.1
2025-06-18 04:00:00,29.59,80.57,9.35,337.52
2025-06-18 05:00:00,29.7,80.83,9.5,448.35
2025-06-18 06:00:00,29.66,81.6,9.45,478.5
2025-06-18 07:00:00,29.7,81.63,9.38,539.22
2025-06-18 08:00:00,29.61,81.84,9.3,283.9
2025-06-18 09:00:00,29.46,82.18,8.96,290.85
2025-06-18 10:00:00,29.08,84.15,8.33,212.6
2025-06-18 11:00:00,28.57,87.16,7.49,103.95
2025-06-18 12:00:00,28.08,90.32,6.21,27.17
2025-06-18 13:00:00,27.5,93.33,4.9,3.7
2025-06-18 14:00:00,27.18,94.27,4.63,0.0
2025-06-18 15:00:00,27.08,93.99,5.04,0.0
2025-06-18 16:00:00,27.01,93.84,5.49,0.0
2025-06-18 17:00:00,26.95,93.79,5.8,0.0
2025-06-18 18:00:00,26.88,93.88,5.9,0.0
2025-06-18 19:00:00,26.83,94.0,5.99,0.0
2025-06-18 20:00:00,26.83,93.72,6.26,0.0
2025-06-18 21:00:00,26.75,93.9,6.18,0.0
2025-06-18 22:00:00,26.69,93.91,6.07,0.0
2025-06-18 23:00:00,26.64,93.94,6.0,0.0
2025-06-19 00:00:00,26.56,94.45,5.53,1.08
2025-06-19 01:00:00,26.78,94.22,5.49,22.0
2025-06-19 02:00:00,27.23,93.33,5.7,62.78
2025-06-19 03:00:00,27.66,92.36,6.22,122.5
2025-06-19 04:00:00,28.02,90.42,7.24,131.68
2025-06-19 05:00:00,28.31,88.1,8.01,105.18
2025-06-19 06:00:00,28.56,85.73,8.67,83.45
2025-06-19 07:00:00,28.78,84.38,9.15,87.5
2025-06-19 08:00:00,28.84,83.62,9.34,93.57
2025-06-19 09:00:00,28.71,83.89,9.11,91.65
2025-06-19 10:00:00,28.47,84.7,8.63,113.1
2025-06-19 11:00:00,28.08,86.78,7.63,121.7
2025-06-19 12:00:00,27.57,89.56,6.59,72.93
2025-06-19 13:00:00,26.95,91.94,5.68,12.4
2025-06-19 14:00:00,26.62,93.31,5.03,0.0
2025-06-19 15:00:00,26.61,93.24,5.21,0.0
2025-06-19 16:00:00,26.61,93.14,5.4,0.0
2025-06-19 17:00:00,26.57,92.76,5.99,0.0
2025-06-19 18:00:00,26.47,92.46,6.21,0.0
2025-06-19 19:00:00,26.34,92.21,6.2,0.0
2025-06-19 20:00:00,26.19,92.56,6.08,0.0
2025-06-19 21:00:00,26.12,93.02,5.58,0.0
2025-06-19 22:00:00,26.13,93.0,5.38,0.0
2025-06-19 23:00:00,26.19,92.97,5.36,0.0
2025-06-20 00:00:00,26.34,92.78,5.42,3.05
2025-06-20 01:00:00,27.04,91.86,5.29,49.62
2025-06-20 02:00:00,28.02,88.88,5.93,155.1
2025-06-20 03:00:00,28.74,85.3,7.06,316.92
2025-06-20 04:00:00,29.31,82.82,7.69,451.48
2025-06-20 05:00:00,29.66,81.5,8.1,587.42
2025-06-20 06:00:00,29.81,81.2,8.59,677.88
2025-06-20 07:00:00,29.89,80.77,9.13,716.1
2025-06-20 08:00:00,29.8,81.03,9.48,619.17
2025-06-20 09:00:00,29.45,81.86,9.49,543.83
2025-06-20 10:00:00,29.1,82.67,9.19,430.88
2025-06-20 11:00:00,28.67,84.55,8.54,250.12
2025-06-20 12:00:00,28.09,88.12,7.2,97.78
2025-06-20 13:00:00,27.34,91.67,5.76,15.15
2025-06-20 14:00:00,26.93,93.43,4.91,0.0
2025-06-20 15:00:00,26.83,93.72,4.96,0.0
2025-06-20 16:00:00,26.74,94.13,4.87,0.0
2025-06-20 17:00:00,26.66,94.6,4.88,0.0
2025-06-20 18:00:00,26.61,94.53,5.21,0.0
2025-06-20 19:00:00,26.53,94.52,5.64,0.0
2025-06-20 20:00:00,26.42,94.58,5.74,0.0
2025-06-20 21:00:00,26.35,94.07,5.78,0.0
2025-06-20 22:00:00,26.28,93.68,5.41,0.0
2025-06-20 23:00:00,26.21,93.58,5.16,0.0
2025-06-21 00:00:00,26.23,93.37,5.11,3.4
2025-06-21 01:00:00,27.02,91.64,5.58,52.92
2025-06-21 02:00:00,28.01,88.29,6.44,153.2
2025-06-21 03:00:00,28.81,84.6,7.55,299.98
2025-06-21 04:00:00,29.32,82.27,8.03,433.8
2025-06-21 05:00:00,29.63,80.54,8.25,545.2
2025-06-21 06:00:00,29.82,79.49,8.35,606.8
2025-06-21 07:00:00,29.91,78.79,8.55,704.15
2025-06-21 08:00:00,29.51,79.31,8.7,635.55
2025-06-21 09:00:00,28.99,80.61,8.48,467.2
2025-06-21 10:00:00,28.52,82.96,7.78,356.8
2025-06-21 11:00:00,28.13,85.55,6.98,231.52
2025-06-21 12:00:00,27.63,89.11,5.73,95.03
2025-06-21 13:00:00,27.0,92.23,4.52,10.8
2025-06-21 14:00:00,26.66,93.5,4.16,0.0
2025-06-21 15:00:00,26.54,93.7,4.11,0.0
2025-06-21 16:00:00,26.44,93.61,4.32,0.0
2025-06-21 17:00:00,26.35,93.52,4.62,0.0
2025-06-21 18:00:00,26.25,93.62,4.82,0.0
2025-06-21 19:00:00,26.14,93.66,4.89,0.0
2025-06-21 20:00:00,26.01,93.76,4.81,0.0
2025-06-21 21:00:00,25.95,93.64,4.75,0.0
2025-06-21 22:00:00,25.9,93.62,4.57,0.0
2025-06-21 23:00:00,25.88,93.55,4.41,0.0
2025-06-22 00:00:00,25.9,93.66,4.21,2.85
2025-06-22 01:00:00,26.81,91.52,4.89,46.75
2025-06-22 02:00:00,27.83,87.99,6.2,130.38
2025-06-22 03:00:00,28.5,84.41,7.5,243.75
2025-06-22 04:00:00,28.98,81.95,8.11,356.83
2025-06-22 05:00:00,29.32,80.88,8.41,446.15
2025-06-22 06:00:00,29.54,80.21,8.64,485.62
2025-06-22 07:00:00,29.61,80.02,8.81,473.7
2025-06-22 08:00:00,29.47,80.06,8.89,543.3
2025-06-22 09:00:00,29.24,80.67,8.81,425.55
2025-06-22 10:00:00,28.92,81.69,8.59,326.75
2025-06-22 11:00:00,28.46,83.64,8.16,209.12
2025-06-22 12:00:00,27.82,87.33,6.98,88.5
2025-06-22 13:00:00,27.06,91.19,5.59,14.6
2025-06-22 14:00:00,26.67,92.65,5.21,0.0
2025-06-22 15:00:00,26.53,93.14,5.24,0.0
2025-06-22 16:00:00,26.45,93.11,5.56,0.0
2025-06-22 17:00:00,26.34,93.02,5.71,0.0
2025-06-22 18:00:00,26.17,93.32,5.35,0.0
2025-06-22 19:00:00,26.02,93.66,5.2,0.0
2025-06-22 20:00:00,25.97,93.64,5.35,0.0
2025-06-22 21:00:00,25.95,93.49,5.34,0.0
2025-06-22 22:00:00,26.0,93.32,5.39,0.0
2025-06-22 23:00:00,26.04,93.57,5.35,0.0
2025-06-23 00:00:00,26.12,93.31,5.4,2.47
2025-06-23 01:00:00,26.84,91.63,5.85,37.95
2025-06-23 02:00:00,27.79,88.36,6.63,114.25
2025-06-23 03:00:00,28.55,84.34,7.82,191.77
2025-06-23 04:00:00,28.99,82.3,8.53,287.33
2025-06-23 05:00:00,29.3,81.26,8.88,224.98
2025-06-23 06:00:00,29.48,80.94,9.32,241.0
2025-06-23 07:00:00,29.42,81.03,9.58,195.88
2025-06-23 08:00:00,29.38,80.86,9.8,223.38
2025-06-23 09:00:00,29.22,81.31,9.96,183.38
2025-06-23 10:00:00,28.81,82.37,9.92,206.93
2025-06-23 11:00:00,28.21,84.63,9.37,118.88
2025-06-23 12:00:00,27.5,88.0,8.1,53.92
2025-06-23 13:00:00,26.82,90.34,7.18,6.88
2025-06-23 14:00:00,26.43,91.57,6.86,0.0
2025-06-23 15:00:00,26.22,92.79,6.22,0.0
2025-06-23 16:00:00,26.1,93.47,5.97,0.0
2025-06-23 17:00:00,26.05,93.78,5.92,0.0
2025-06-23 18:00:00,26.0,93.92,5.71,0.0
2025-06-23 19:00:00,25.93,94.28,5.58,0.0
2025-06-23 20:00:00,25.92,94.35,5.64,0.0
2025-06-23 21:00:00,25.93,94.34,5.53,0.0
2025-06-23 22:00:00,25.89,94.89,4.83,0.0
2025-06-23 23:00:00,25.9,94.63,4.81,0.0
2025-06-24 00:00:00,25.92,94.25,4.79,1.23
2025-06-24 01:00:00,26.52,92.96,5.09,42.92
2025-06-24 02:00:00,27.28,90.87,6.08,103.72
2025-06-24 03:00:00,27.98,87.67,7.41,127.7
2025-06-24 04:00:00,28.54,85.2,8.33,223.18
2025-06-24 05:00:00,28.9,83.89,8.82,314.12
2025-06-24 06:00:00,29.13,83.1,8.97,328.8
2025-06-24 07:00:00,29.23,82.44,8.88,325.58
2025-06-24 08:00:00,29.19,81.98,8.7,249.27
2025-06-24 09:00:00,28.94,82.53,8.47,259.15
2025-06-24 10:00:00,28.55,83.99,8.07,208.8
2025-06-24 11:00:00,28.08,86.19,7.66,122.15
2025-06-24 12:00:00,27.54,89.26,6.78,67.1
2025-06-24 13:00:00,26.92,91.72,6.03,7.88
2025-06-24 14:00:00,26.6,93.06,5.47,0.0
2025-06-24 15:00:00,26.56,93.1,5.51,0.0
2025-06-24 16:00:00,26.55,92.92,5.8,0.0
2025-06-24 17:00:00,26.5,93.19,5.85,0.0
2025-06-24 18:00:00,26.46,93.27,6.06,0.0
2025-06-24 19:00:00,26.37,93.33,6.24,0.0
2025-06-24 20:00:00,26.31,93.41,5.97,0.0
2025-06-24 21:00:00,26.28,93.11,6.31,0.0
2025-06-24 22:00:00,26.22,93.15,6.19,0.0
2025-06-24 23:00:00,26.13,93.19,5.82,0.0
2025-06-25 00:00:00,26.12,93.06,5.42,2.38
2025-06-25 01:00:00,26.6,91.98,5.42,63.35
2025-06-25 02:00:00,27.33,90.14,5.9,159.07
2025-06-25 03:00:00,28.06,86.69,7.25,260.58
2025-06-25 04:00:00,28.74,83.27,8.19,319.9
2025-06-25 05:00:00,29.26,81.06,8.58,419.05
2025-06-25 06:00:00,29.54,80.0,8.79,477.8
2025-06-25 07:00:00,29.53,79.65,8.94,541.33
2025-06-25 08:00:00,29.36,80.26,9.01,481.88
2025-06-25 09:00:00,28.96,81.65,8.79,339.05
2025-06-25 10:00:00,28.5,83.96,8.3,238.07
2025-06-25 11:00:00,28.04,86.82,7.44,148.48
2025-06-25 12:00:00,27.55,89.86,6.42,68.88
2025-06-25 13:00:00,26.99,92.24,5.76,8.02
2025-06-25 14:00:00,26.73,92.88,5.71,0.0
2025-06-25 15:00:00,26.62,93.48,5.3,0.0
2025-06-25 16:00:00,26.55,93.45,5.47,0.0
2025-06-25 17:00:00,26.49,93.33,5.88,0.0
2025-06-25 18:00:00,26.43,93.25,6.06,0.0
2025-06-25 19:00:00,26.38,93.11,6.11,0.0
2025-06-25 20:00:00,26.31,93.01,5.9,0.0
2025-06-25 21:00:00,26.24,93.01,5.59,0.0
2025-06-25 22:00:00,26.09,93.68,4.9,0.0
2025-06-25 23:00:00,25.98,94.03,4.64,0.0
2025-06-26 00:00:00,25.93,94.2,4.29,2.33
2025-06-26 01:00:00,26.65,92.2,4.93,52.78
2025-06-26 02:00:00,27.46,89.5,5.86,118.5
2025-06-26 03:00:00,28.2,85.15,6.96,214.65
2025-06-26 04:00:00,28.76,82.36,7.68,319.77
2025-06-26 05:00:00,29.03,81.26,8.23,415.05
2025-06-26 06:00:00,29.12,80.76,8.7,436.62
2025-06-26 07:00:00,29.2,80.47,9.1,392.7
2025-06-26 08:00:00,29.03,80.92,9.34,270.7
2025-06-26 09:00:00,28.6,82.31,9.13,317.45
2025-06-26 10:00:00,28.17,84.07,8.59,199.07
2025-06-26 11:00:00,27.7,86.5,7.69,97.07
2025-06-26 12:00:00,27.17,89.6,6.53,48.92
2025-06-26 13:00:00,26.56,92.33,5.58,9.52
2025-06-26 14:00:00,26.29,93.03,5.53,0.0
2025-06-26 15:00:00,26.19,93.42,5.56,0.0
2025-06-26 16:00:00,26.15,93.83,5.54,0.0
2025-06-26 17:00:00,26.13,94.03,5.65,0.0
2025-06-26 18:00:00,26.08,94.12,5.63,0.0
2025-06-26 19:00:00,26.05,94.15,5.46,0.0
2025-06-26 20:00:00,26.04,93.96,5.48,0.0
2025-06-26 21:00:00,26.01,93.91,5.25,0.0
2025-06-26 22:00:00,25.95,94.08,4.98,0.0
2025-06-26 23:00:00,25.95,93.94,4.97,0.0
2025-06-27 00:00:00,26.01,93.64,4.88,2.47
2025-06-27 01:00:00,26.65,92.22,5.36,47.58
2025-06-27 02:00:00,27.47,90.0,6.49,135.5
2025-06-27 03:00:00,28.08,87.38,7.92,223.48
2025-06-27 04:00:00,28.52,84.62,9.16,331.67
2025-06-27 05:00:00,28.8,82.68,9.74,423.7
2025-06-27 06:00:00,28.94,81.53,9.85,451.58
2025-06-27 07:00:00,28.79,81.98,9.65,426.9
2025-06-27 08:00:00,28.59,82.64,9.42,510.3
2025-06-27 09:00:00,28.38,83.63,9.01,439.52
2025-06-27 10:00:00,28.13,84.81,8.58,351.48
2025-06-27 11:00:00,27.79,86.51,7.84,202.8
2025-06-27 12:00:00,27.3,88.85,6.93,92.2
2025-06-27 13:00:00,26.62,91.22,6.13,16.67
2025-06-27 14:00:00,26.25,92.43,5.84,0.0
2025-06-27 15:00:00,26.16,92.61,5.82,0.0
2025-06-27 16:00:00,26.1,92.61,5.61,0.0
2025-06-27 17:00:00,26.04,92.5,5.67,0.0
2025-06-27 18:00:00,25.95,92.08,5.96,0.0
2025-06-27 19:00:00,25.8,91.87,6.07,0.0
2025-06-27 20:00:00,25.7,91.65,6.07,0.0
2025-06-27 21:00:00,25.6,92.15,5.86,0.0
2025-06-27 22:00:00,25.54,92.36,5.81,0.0
2025-06-27 23:00:00,25.41,92.89,5.29,0.0
2025-06-28 00:00:00,25.32,93.27,4.96,2.55
2025-06-28 01:00:00,26.14,91.41,5.68,58.65
2025-06-28 02:00:00,27.25,87.92,6.69,165.52
2025-06-28 03:00:00,28.16,83.21,8.1,283.38
2025-06-28 04:00:00,28.77,79.98,8.97,420.23
2025-06-28 05:00:00,29.13,79.02,9.44,540.28
2025-06-28 06:00:00,29.28,78.88,9.71,610.47
2025-06-28 07:00:00,29.26,79.16,9.85,563.2
2025-06-28 08:00:00,29.14,79.66,9.83,564.05
2025-06-28 09:00:00,28.87,80.26,9.62,396.23
2025-06-28 10:00:00,28.47,81.34,9.31,276.83
2025-06-28 11:00:00,27.94,83.36,8.68,177.6
2025-06-28 12:00:00,27.26,86.89,7.52,70.75
2025-06-28 13:00:00,26.51,89.9,6.82,11.7
2025-06-28 14:00:00,26.16,91.12,6.9,0.0
2025-06-28 15:00:00,26.01,92.16,6.72,0.0
2025-06-28 16:00:00,25.96,92.18,6.81,0.0
2025-06-28 17:00:00,25.96,91.76,7.17,0.0
2025-06-28 18:00:00,25.85,92.26,6.99,0.0
2025-06-28 19:00:00,25.77,92.49,7.01,0.0
2025-06-28 20:00:00,25.69,92.93,6.55,0.0
2025-06-28 21:00:00,25.66,93.22,6.05,0.0
2025-06-28 22:00:00,25.67,93.49,5.78,0.0
2025-06-28 23:00:00,25.7,93.42,6.02,0.0
2025-06-29 00:00:00,25.72,93.34,6.01,2.28
2025-06-29 01:00:00,26.17,92.33,5.87,60.38
2025-06-29 02:00:00,26.85,90.01,6.55,168.35
2025-06-29 03:00:00,27.48,87.52,7.1,312.98
2025-06-29 04:00:00,28.02,85.11,7.71,429.92
2025-06-29 05:00:00,28.22,84.73,8.17,549.62
2025-06-29 06:00:00,28.26,84.75,8.51,637.7
2025-06-29 07:00:00,28.12,85.28,8.48,654.28
2025-06-29 08:00:00,27.96,85.72,8.22,529.1
2025-06-29 09:00:00,27.76,86.65,7.54,500.77
2025-06-29 10:00:00,27.55,88.0,6.61,415.23
2025-06-29 11:00:00,27.3,89.39,5.9,252.57
2025-06-29 12:00:00,26.94,90.8,5.39,116.2
2025-06-29 13:00:00,26.46,92.46,4.88,18.48
2025-06-29 14:00:00,26.21,93.63,4.4,0.0
2025-06-29 15:00:00,26.17,93.73,4.85,0.0
2025-06-29 16:00:00,26.17,93.24,5.76,0.0
2025-06-29 17:00:00,26.09,93.13,5.89,0.0
2025-06-29 18:00:00,26.01,92.84,6.08,0.0
2025-06-29 19:00:00,25.93,92.92,6.34,0.0
2025-06-29 20:00:00,25.87,93.21,6.54,0.0
2025-06-29 21:00:00,25.82,93.69,5.81,0.0
2025-06-29 22:00:00,25.83,93.72,5.41,0.0
2025-06-29 23:00:00,25.92,93.06,5.6,0.0
2025-06-30 00:00:00,25.92,93.52,5.09,3.03
2025-06-30 01:00:00,26.46,92.31,5.59,60.53
2025-06-30 02:00:00,27.15,90.56,6.26,177.6
2025-06-30 03:00:00,27.74,88.33,7.12,336.05
2025-06-30 04:00:00,28.15,85.42,8.03,488.45
2025-06-30 05:00:00,28.47,83.57,8.46,601.62
2025-06-30 06:00:00,28.61,82.86,8.77,670.25
2025-06-30 07:00:00,28.68,82.51,9.04,682.67
2025-06-30 08:00:00,28.76,82.24,9.29,604.03
2025-06-30 09:00:00,28.78,81.91,9.38,520.22
2025-06-30 10:00:00,28.49,82.65,9.22,378.17
2025-06-30 11:00:00,27.92,85.56,8.37,227.55
2025-06-30 12:00:00,27.34,89.01,6.92,83.68
2025-06-30 13:00:00,26.74,91.63,5.92,8.6
2025-06-30 14:00:00,26.44,92.46,5.65,0.0
2025-06-30 15:00:00,26.27,93.44,5.04,0.0
2025-06-30 16:00:00,26.14,93.51,4.97,0.0
2025-06-30 17:00:00,26.01,92.93,5.34,0.0
2025-06-30 18:00:00,25.87,92.45,5.49,0.0
2025-06-30 19:00:00,25.73,92.44,5.42,0.0
2025-06-30 20:00:00,25.66,92.29,5.59,0.0
2025-06-30 21:00:00,25.59,92.29,5.52,0.0
2025-06-30 22:00:00,25.48,93.07,4.9,0.0
2025-06-30 23:00:00,25.41,93.95,4.42,0.0
2025-07-01 00:00:00,25.48,94.27,4.06,1.92
2025-07-01 01:00:00,26.25,92.62,4.65,40.22
2025-07-01 02:00:00,27.06,91.04,5.09,113.97
2025-07-01 03:00:00,27.69,88.46,6.15,213.88
2025-07-01 04:00:00,28.11,85.85,7.22,317.6
2025-07-01 05:00:00,28.4,84.68,7.72,392.5
2025-07-01 06:00:00,28.46,84.22,8.12,424.35
2025-07-01 07:00:00,28.38,84.27,8.44,285.77
2025-07-01 08:00:00,28.27,84.44,8.64,286.48
2025-07-01 09:00:00,28.1,84.8,8.72,293.8
2025-07-01 10:00:00,27.81,85.48,8.56,252.38
2025-07-01 11:00:00,27.4,87.04,7.85,114.75
2025-07-01 12:00:00,26.85,89.77,6.71,55.1
2025-07-01 13:00:00,26.25,92.1,5.76,6.8
2025-07-01 14:00:00,25.95,93.08,5.24,0.0
2025-07-01 15:00:00,25.87,93.19,5.0,0.0
2025-07-01 16:00:00,25.82,93.36,4.77,0.0
2025-07-01 17:00:00,25.79,93.58,4.71,0.0
2025-07-01 18:00:00,25.77,93.71,4.8,0.0
2025-07-01 19:00:00,25.73,94.01,4.77,0.0
2025-07-01 20:00:00,25.72,94.18,4.75,0.0
2025-07-01 21:00:00,25.7,94.29,4.89,0.0
2025-07-01 22:00:00,25.67,94.26,4.79,0.0
2025-07-01 23:00:00,25.58,94.36,4.46,0.0
2025-07-02 00:00:00,25.51,94.68,4.14,1.45
2025-07-02 01:00:00,25.93,93.59,4.84,47.4
2025-07-02 02:00:00,26.52,91.66,5.83,101.18
2025-07-02 03:00:00,27.18,88.17,6.98,190.55
2025-07-02 04:00:00,27.74,85.53,7.41,263.85
2025-07-02 05:00:00,27.86,85.51,7.37,316.83
2025-07-02 06:00:00,27.87,85.92,7.45,379.98
2025-07-02 07:00:00,27.82,86.53,7.56,374.3
2025-07-02 08:00:00,27.79,86.84,7.59,458.83
2025-07-02 09:00:00,27.74,86.94,7.35,398.38
2025-07-02 10:00:00,27.53,87.54,6.86,273.75
2025-07-02 11:00:00,27.23,89.43,5.89,172.55
2025-07-02 12:00:00,26.81,91.82,4.83,78.93
2025-07-02 13:00:00,26.24,93.75,3.97,15.32
2025-07-02 14:00:00,25.93,94.28,3.63,0.0
2025-07-02 15:00:00,25.82,94.46,3.61,0.0
2025-07-02 16:00:00,25.78,94.31,3.82,0.0
2025-07-02 17:00:00,25.75,94.38,4.02,0.0
2025-07-02 18:00:00,25.75,94.35,4.37,0.0
2025-07-02 19:00:00,25.75,94.38,4.65,0.0
2025-07-02 20:00:00,25.75,94.28,4.94,0.0
2025-07-02 21:00:00,25.7,94.23,5.14,0.0
2025-07-02 22:00:00,25.67,94.01,5.22,0.0
2025-07-02 23:00:00,25.65,93.78,5.22,0.0
2025-07-03 00:00:00,25.7,93.51,5.43,2.03
2025-07-03 01:00:00,26.19,92.64,5.77,42.35
2025-07-03 02:00:00,26.92,91.23,6.62,124.55
2025-07-03 03:00:00,27.55,88.77,7.6,255.43
2025-07-03 04:00:00,28.01,85.79,8.63,371.2
2025-07-03 05:00:00,28.28,84.65,9.19,475.8
2025-07-03 06:00:00,28.42,83.93,9.58,552.15
2025-07-03 07:00:00,28.46,83.49,9.83,552.72
2025-07-03 08:00:00,28.5,82.79,9.85,572.8
2025-07-03 09:00:00,28.33,82.66,9.55,567.25
2025-07-03 10:00:00,27.97,83.62,9.02,379.08
2025-07-03 11:00:00,27.52,85.69,8.26,213.32
2025-07-03 12:00:00,26.94,88.97,7.05,86.38
2025-07-03 13:00:00,26.26,91.77,6.04,11.12
2025-07-03 14:00:00,25.93,93.33,5.55,0.0
2025-07-03 15:00:00,25.88,93.88,5.68,0.0
2025-07-03 16:00:00,25.89,93.9,6.13,0.0
2025-07-03 17:00:00,25.86,93.79,6.79,0.0
2025-07-03 18:00:00,25.81,93.32,7.39,0.0
2025-07-03 19:00:00,25.75,92.99,7.69,0.0
2025-07-03 20:00:00,25.68,93.37,7.29,0.0
2025-07-03 21:00:00,25.63,93.76,6.66,0.0
2025-07-03 22:00:00,25.66,93.79,6.22,0.0
2025-07-03 23:00:00,25.73,93.56,6.3,0.0
2025-07-04 00:00:00,25.74,93.79,6.06,1.7
2025-07-04 01:00:00,26.32,92.65,6.23,52.95
2025-07-04 02:00:00,27.17,90.62,6.69,145.5
2025-07-04 03:00:00,27.79,87.2,7.94,281.05
2025-07-04 04:00:00,28.08,85.54,8.76,333.08
2025-07-04 05:00:00,28.45,84.66,9.18,424.15
2025-07-04 06:00:00,28.65,84.17,9.39,491.27
2025-07-04 07:00:00,28.69,84.04,9.57,493.88
2025-07-04 08:00:00,28.58,84.22,9.72,443.98
2025-07-04 09:00:00,28.4,84.36,9.79,385.88
2025-07-04 10:00:00,28.07,85.04,9.6,286.2
2025-07-04 11:00:00,27.51,87.25,8.47,181.55
2025-07-04 12:00:00,26.99,89.58,7.24,76.57
2025-07-04 13:00:00,26.31,91.25,6.79,13.1
2025-07-04 14:00:00,25.96,92.24,6.41,0.0
2025-07-04 15:00:00,25.85,92.61,6.0,0.0
2025-07-04 16:00:00,25.79,92.88,5.74,0.0
2025-07-04 17:00:00,25.72,93.31,5.58,0.0
2025-07-04 18:00:00,25.67,93.61,5.56,0.0
2025-07-04 19:00:00,25.66,93.8,5.59,0.0
2025-07-04 20:00:00,25.64,93.99,5.71,0.0
2025-07-04 21:00:00,25.65,94.03,5.68,0.0
2025-07-04 22:00:00,25.65,93.95,5.62,0.0
2025-07-04 23:00:00,25.61,94.1,5.07,0.0
2025-07-05 00:00:00,25.62,94.29,4.54,1.02
2025-07-05 01:00:00,26.21,93.36,4.93,24.33
2025-07-05 02:00:00,26.89,92.14,5.75,59.85
2025-07-05 03:00:00,27.49,90.03,7.02,96.6
2025-07-05 04:00:00,27.84,88.13,8.32,237.12
2025-07-05 05:00:00,28.0,87.41,8.95,336.38
2025-07-05 06:00:00,28.16,86.5,9.44,364.98
2025-07-05 07:00:00,28.11,86.29,9.61,160.98
2025-07-05 08:00:00,28.02,86.45,9.64,235.52
2025-07-05 09:00:00,27.7,87.46,9.21,141.23
2025-07-05 10:00:00,27.38,88.98,8.37,98.38
2025-07-05 11:00:00,27.13,90.56,7.52,58.4
2025-07-05 12:00:00,26.76,91.73,6.76,28.6
2025-07-05 13:00:00,26.26,92.82,5.91,4.0
2025-07-05 14:00:00,25.95,93.45,5.66,0.0
2025-07-05 15:00:00,25.82,93.08,5.86,0.0
2025-07-05 16:00:00,25.76,92.82,5.9,0.0
2025-07-05 17:00:00,25.69,92.88,5.93,0.0
2025-07-05 18:00:00,25.62,93.23,5.74,0.0
2025-07-05 19:00:00,25.57,93.36,5.75,0.0
2025-07-05 20:00:00,25.49,93.54,5.74,0.0
2025-07-05 21:00:00,25.43,93.59,5.56,0.0
2025-07-05 22:00:00,25.37,93.57,5.44,0.0
2025-07-05 23:00:00,25.29,94.02,4.86,0.0
2025-07-06 00:00:00,25.25,94.28,4.67,1.35
2025-07-06 01:00:00,25.87,92.99,5.39,12.75
2025-07-06 02:00:00,26.63,91.0,6.44,48.85
2025-07-06 03:00:00,27.34,87.99,7.93,116.0
2025-07-06 04:00:00,27.85,85.79,9.12,155.9
2025-07-06 05:00:00,28.14,84.99,9.73,192.68
2025-07-06 06:00:00,28.25,84.67,9.92,249.4
2025-07-06 07:00:00,28.25,84.72,9.89,245.25
2025-07-06 08:00:00,28.28,84.46,9.95,183.68
2025-07-06 09:00:00,28.18,84.29,9.91,113.85
2025-07-06 10:00:00,27.77,85.23,9.6,96.55
2025-07-06 11:00:00,27.35,86.83,8.53,74.28
2025-07-06 12:00:00,26.79,89.53,7.2,40.55
2025-07-06 13:00:00,26.08,91.87,6.24,7.78
2025-07-06 14:00:00,25.75,92.94,5.54,0.0
2025-07-06 15:00:00,25.64,93.24,5.05,0.0
2025-07-06 16:00:00,25.59,93.16,4.8,0.0
2025-07-06 17:00:00,25.54,93.07,4.81,0.0
2025-07-06 18:00:00,25.49,92.98,4.91,0.0
2025-07-06 19:00:00,25.46,92.99,5.08,0.0
2025-07-06 20:00:00,25.43,93.2,5.12,0.0
2025-07-06 21:00:00,25.42,93.42,5.19,0.0
2025-07-06 22:00:00,25.42,93.57,5.15,0.0
2025-07-06 23:00:00,25.44,93.53,5.2,0.0
2025-07-07 00:00:00,25.48,93.44,5.15,0.82
2025-07-07 01:00:00,26.03,92.12,5.58,28.4
2025-07-07 02:00:00,26.74,90.93,5.97,112.97
2025-07-07 03:00:00,27.36,87.94,7.16,167.55
2025-07-07 04:00:00,27.72,85.42,7.94,236.77
2025-07-07 05:00:00,27.97,83.97,8.35,298.8
2025-07-07 06:00:00,28.04,83.44,8.46,374.88
2025-07-07 07:00:00,28.12,82.97,8.55,306.8
2025-07-07 08:00:00,28.06,82.86,8.6,324.0
2025-07-07 09:00:00,27.98,82.88,8.4,254.93
2025-07-07 10:00:00,27.7,84.51,7.63,223.77
2025-07-07 11:00:00,27.36,86.9,6.68,146.07
2025-07-07 12:00:00,26.86,89.87,5.66,69.47
2025-07-07 13:00:00,26.2,92.32,4.77,8.55
2025-07-07 14:00:00,25.85,93.22,4.24,0.0
2025-07-07 15:00:00,25.72,93.65,3.99,0.0
2025-07-07 16:00:00,25.62,93.86,3.97,0.0
2025-07-07 17:00:00,25.51,94.09,4.0,0.0
2025-07-07 18:00:00,25.44,94.1,4.05,0.0
2025-07-07 19:00:00,25.37,94.09,4.16,0.0
2025-07-07 20:00:00,25.32,94.0,4.25,0.0
2025-07-07 21:00:00,25.28,93.78,4.4,0.0
2025-07-07 22:00:00,25.2,93.94,4.2,0.0
2025-07-07 23:00:00,25.13,94.16,4.03,0.0
2025-07-08 00:00:00,25.18,94.06,4.08,1.4
2025-07-08 01:00:00,25.9,92.61,4.48,41.33
2025-07-08 02:00:00,26.7,90.44,5.29,98.93
2025-07-08 03:00:00,27.32,88.42,6.18,161.35
2025-07-08 04:00:00,27.77,86.37,6.89,251.07
2025-07-08 05:00:00,28.04,85.11,7.45,321.35
2025-07-08 06:00:00,28.17,84.35,7.89,350.35
2025-07-08 07:00:00,28.13,84.51,8.1,310.85
2025-07-08 08:00:00,27.94,85.5,8.04,371.77
2025-07-08 09:00:00,27.76,86.37,7.8,331.05
2025-07-08 10:00:00,27.59,86.84,7.24,241.7
2025-07-08 11:00:00,27.25,88.58,6.4,153.48
2025-07-08 12:00:00,26.75,90.89,5.51,71.97
2025-07-08 13:00:00,26.15,92.86,4.67,12.77
2025-07-08 14:00:00,25.86,93.67,4.26,0.0
2025-07-08 15:00:00,25.83,93.49,4.54,0.0
2025-07-08 16:00:00,25.77,93.76,4.59,0.0
2025-07-08 17:00:00,25.7,93.97,4.72,0.0
2025-07-08 18:00:00,25.62,93.91,5.02,0.0
2025-07-08 19:00:00,25.47,94.11,4.98,0.0
2025-07-08 20:00:00,25.31,94.47,4.73,0.0
2025-07-08 21:00:00,25.23,94.34,4.69,0.0
2025-07-08 22:00:00,25.19,93.96,4.66,0.0
2025-07-08 23:00:00,25.13,93.92,4.31,0.0
2025-07-09 00:00:00,25.14,93.85,4.21,2.17
2025-07-09 01:00:00,25.78,92.37,4.79,52.55
2025-07-09 02:00:00,26.54,90.56,5.54,169.77
2025-07-09 03:00:00,27.06,89.4,6.05,319.98
2025-07-09 04:00:00,27.39,87.93,6.46,472.42
2025-07-09 05:00:00,27.58,86.64,6.47,610.55
2025-07-09 06:00:00,27.72,85.8,6.31,682.7
2025-07-09 07:00:00,27.86,85.13,6.13,638.22
2025-07-09 08:00:00,28.04,84.56,5.91,636.03
2025-07-09 09:00:00,28.1,84.43,5.88,501.4
2025-07-09 10:00:00,27.86,85.23,5.98,378.73
2025-07-09 11:00:00,27.42,87.41,5.79,244.8
2025-07-09 12:00:00,26.92,90.52,5.02,113.4
2025-07-09 13:00:00,26.25,93.78,3.94,19.33
2025-07-09 14:00:00,25.88,94.54,3.85,0.0
2025-07-09 15:00:00,25.79,94.34,4.02,0.0
2025-07-09 16:00:00,25.7,94.31,4.15,0.0
2025-07-09 17:00:00,25.61,94.23,4.48,0.0
2025-07-09 18:00:00,25.51,94.26,4.68,0.0
2025-07-09 19:00:00,25.4,94.39,4.72,0.0
2025-07-09 20:00:00,25.32,94.35,4.54,0.0
2025-07-09 21:00:00,25.2,94.45,4.21,0.0
2025-07-09 22:00:00,25.09,94.55,3.96,0.0
2025-07-09 23:00:00,25.0,94.73,3.54,0.0
2025-07-10 00:00:00,24.96,94.9,3.2,2.05
2025-07-10 01:00:00,25.98,92.82,3.77,48.47
2025-07-10 02:00:00,26.92,89.98,4.76,152.8
2025-07-10 03:00:00,27.67,87.25,5.35,321.5
2025-07-10 04:00:00,28.26,85.21,5.47,479.65
2025-07-10 05:00:00,28.69,83.55,5.74,593.28
2025-07-10 06:00:00,28.91,82.72,6.13,656.5
2025-07-10 07:00:00,28.95,82.43,6.47,742.75
2025-07-10 08:00:00,28.94,82.06,6.58,620.55
2025-07-10 09:00:00,28.6,82.74,6.48,529.05
2025-07-10 10:00:00,27.85,85.74,6.0,399.35
2025-07-10 11:00:00,27.29,88.85,5.22,229.4
2025-07-10 12:00:00,26.89,91.87,4.09,106.78
2025-07-10 13:00:00,26.41,94.23,3.2,18.0
2025-07-10 14:00:00,26.11,95.17,2.89,0.0
2025-07-10 15:00:00,25.97,95.34,2.84,0.0
2025-07-10 16:00:00,25.84,95.31,2.94,0.0
2025-07-10 17:00:00,25.7,95.3,3.11,0.0
2025-07-10 18:00:00,25.61,95.2,3.32,0.0
2025-07-10 19:00:00,25.5,95.29,3.39,0.0
2025-07-10 20:00:00,25.41,95.3,3.47,0.0
2025-07-10 21:00:00,25.3,95.4,3.32,0.0
2025-07-10 22:00:00,25.21,95.53,3.15,0.0
2025-07-10 23:00:00,25.13,95.68,3.04,0.0
2025-07-11 00:00:00,25.15,95.67,2.95,0.0
2025-07-11 01:00:00,25.92,93.95,3.56,61.33
2025-07-11 02:00:00,26.74,90.91,4.58,181.82
2025-07-11 03:00:00,27.5,87.33,5.41,386.75
2025-07-11 04:00:00,28.16,84.32,5.84,582.83
2025-07-11 05:00:00,28.65,82.73,6.0,712.28
2025-07-11 06:00:00,28.92,81.93,6.01,794.8
2025-07-11 07:00:00,29.06,81.29,6.02,835.08
2025-07-11 08:00:00,29.01,81.28,5.97,765.75
2025-07-11 09:00:00,28.81,81.64,5.84,647.95
2025-07-11 10:00:00,28.52,82.21,5.64,437.55
2025-07-11 11:00:00,28.02,83.69,5.32,293.48
2025-07-11 12:00:00,27.22,87.68,4.6,134.12
2025-07-11 13:00:00,26.35,92.83,3.24,21.27
2025-07-11 14:00:00,25.85,94.88,2.65,0.0
2025-07-11 15:00:00,25.68,95.36,2.5,0.0
2025-07-11 16:00:00,25.55,95.66,2.5,0.0
2025-07-11 17:00:00,25.46,95.74,2.67,0.0
2025-07-11 18:00:00,25.39,95.81,2.94,0.0
2025-07-11 19:00:00,25.32,95.94,3.12,0.0
2025-07-11 20:00:00,25.24,95.99,3.24,0.0
2025-07-11 21:00:00,25.18,95.85,3.19,0.0
2025-07-11 22:00:00,25.07,95.85,2.93,0.0
2025-07-11 23:00:00,25.0,95.8,2.8,0.0
2025-07-12 00:00:00,25.04,95.34,2.87,0.0
2025-07-12 01:00:00,26.21,92.54,3.55,60.25
2025-07-12 02:00:00,27.19,88.54,4.43,179.38
2025-07-12 03:00:00,27.97,84.75,5.14,354.15
2025-07-12 04:00:00,28.54,82.67,5.55,513.58
2025-07-12 05:00:00,28.88,81.9,5.85,640.67
2025-07-12 06:00:00,29.09,81.22,6.12,727.7
2025-07-12 07:00:00,29.14,80.89,6.38,685.97
2025-07-12 08:00:00,29.01,81.26,6.56,574.2
2025-07-12 09:00:00,28.69,81.95,6.58,516.8
2025-07-12 10:00:00,28.25,83.08,6.5,414.2
2025-07-12 11:00:00,27.71,84.65,6.25,249.85
2025-07-12 12:00:00,26.99,88.3,5.48,113.88
2025-07-12 13:00:00,26.17,92.86,4.26,19.5
2025-07-12 14:00:00,25.69,94.56,3.81,0.0
2025-07-12 15:00:00,25.45,95.34,3.44,0.0
2025-07-12 16:00:00,25.3,95.75,3.26,0.0
2025-07-12 17:00:00,25.19,96.03,3.19,0.0
2025-07-12 18:00:00,25.14,96.07,3.21,0.0
2025-07-12 19:00:00,25.06,96.21,3.19,0.0
2025-07-12 20:00:00,24.98,96.4,3.13,0.0
2025-07-12 21:00:00,24.93,96.34,3.17,0.0
2025-07-12 22:00:00,24.95,95.87,3.36,0.0
2025-07-12 23:00:00,24.97,95.67,3.42,0.0
2025-07-13 00:00:00,25.02,95.43,3.34,0.0
2025-07-13 01:00:00,25.98,93.04,3.99,39.05
2025-07-13 02:00:00,26.95,89.42,4.91,134.15
2025-07-13 03:00:00,27.8,85.96,5.54,278.73
2025-07-13 04:00:00,28.43,83.84,5.71,405.35
2025-07-13 05:00:00,28.9,81.95,5.93,489.95
2025-07-13 06:00:00,29.16,80.63,6.19,545.2
2025-07-13 07:00:00,29.26,79.84,6.42,557.33
2025-07-13 08:00:00,29.24,79.66,6.61,526.88
2025-07-13 09:00:00,28.96,80.5,6.78,455.85
2025-07-13 10:00:00,28.43,82.39,6.83,348.42
2025-07-13 11:00:00,27.73,85.6,6.53,205.23
2025-07-13 12:00:00,27.03,89.58,5.81,93.5
2025-07-13 13:00:00,26.32,93.07,5.08,13.05
2025-07-13 14:00:00,25.96,94.23,5.03,0.0
2025-07-13 15:00:00,25.86,94.4,4.79,0.0
2025-07-13 16:00:00,25.81,94.57,4.37,0.0
2025-07-13 17:00:00,25.78,94.6,4.19,0.0
2025-07-13 18:00:00,25.72,94.55,4.41,0.0
2025-07-13 19:00:00,25.62,94.75,4.39,0.0
2025-07-13 20:00:00,25.5,94.87,4.29,0.0
2025-07-13 21:00:00,25.39,94.92,4.15,0.0
2025-07-13 22:00:00,25.33,94.96,4.09,0.0
2025-07-13 23:00:00,25.26,95.28,3.93,0.0
2025-07-14 00:00:00,25.31,95.23,4.01,0.0
2025-07-14 01:00:00,26.1,93.59,4.86,42.55
2025-07-14 02:00:00,27.01,90.5,6.29,117.22
2025-07-14 03:00:00,27.77,86.32,7.56,225.07
2025-07-14 04:00:00,28.21,84.48,8.16,329.2
2025-07-14 05:00:00,28.59,83.14,8.48,446.33
2025-07-14 06:00:00,28.83,82.2,8.54,498.7
2025-07-14 07:00:00,28.9,82.17,8.45,276.38
2025-07-14 08:00:00,28.88,82.1,8.34,352.67
2025-07-14 09:00:00,28.72,82.8,8.12,270.5
2025-07-14 10:00:00,28.21,85.39,7.8,120.6
2025-07-14 11:00:00,27.73,87.81,7.39,84.1
2025-07-14 12:00:00,27.2,91.21,6.43,49.38
2025-07-14 13:00:00,26.64,93.99,5.44,9.93
2025-07-14 14:00:00,26.39,94.67,5.36,0.0
2025-07-14 15:00:00,26.28,95.2,5.25,0.0
2025-07-14 16:00:00,26.15,95.59,5.04,0.0
2025-07-14 17:00:00,25.98,95.69,4.97,0.0
2025-07-14 18:00:00,25.84,95.55,4.98,0.0
2025-07-14 19:00:00,25.73,95.44,4.9,0.0
2025-07-14 20:00:00,25.69,94.95,5.2,0.0
2025-07-14 21:00:00,25.65,94.8,4.89,0.0
2025-07-14 22:00:00,25.59,95.21,4.2,0.0
2025-07-14 23:00:00,25.51,95.83,3.57,0.0
2025-07-15 00:00:00,25.58,95.86,3.58,0.0
2025-07-15 01:00:00,26.37,94.17,4.36,46.17
2025-07-15 02:00:00,27.13,91.71,5.3,115.0
2025-07-15 03:00:00,27.77,88.09,6.18,223.75
2025-07-15 04:00:00,28.24,86.09,6.68,322.55
2025-07-15 05:00:00,28.58,85.11,7.01,437.05
2025-07-15 06:00:00,28.82,84.16,7.23,498.88
2025-07-15 07:00:00,29.03,83.05,7.31,567.12
2025-07-15 08:00:00,29.09,81.98,7.21,487.75
2025-07-15 09:00:00,28.92,81.87,6.95,488.48
2025-07-15 10:00:00,28.57,83.01,6.56,356.0
2025-07-15 11:00:00,28.01,85.15,6.16,228.43
2025-07-15 12:00:00,27.26,88.98,5.36,104.0
2025-07-15 13:00:00,26.42,93.38,4.03,19.05
2025-07-15 14:00:00,25.98,94.79,3.67,0.0
2025-07-15 15:00:00,25.81,95.18,3.46,0.0
2025-07-15 16:00:00,25.69,95.47,3.23,0.0
2025-07-15 17:00:00,25.58,95.78,3.16,0.0
2025-07-15 18:00:00,25.5,95.87,3.23,0.0
2025-07-15 19:00:00,25.45,95.91,3.33,0.0
2025-07-15 20:00:00,25.4,95.95,3.31,0.0
2025-07-15 21:00:00,25.4,95.72,3.39,0.0
2025-07-15 22:00:00,25.32,95.98,3.12,0.0
2025-07-15 23:00:00,25.26,96.09,2.99,0.0
2025-07-16 00:00:00,25.25,96.14,2.71,0.0
2025-07-16 01:00:00,26.16,94.08,3.24,56.35
2025-07-16 02:00:00,26.97,91.06,4.24,172.9
2025-07-16 03:00:00,27.69,87.68,4.83,328.85
2025-07-16 04:00:00,28.38,85.17,5.04,451.85
2025-07-16 05:00:00,28.84,83.51,5.24,589.85
2025-07-16 06:00:00,29.18,82.04,5.48,662.05
2025-07-16 07:00:00,29.29,80.86,5.72,801.0
2025-07-16 08:00:00,29.11,81.23,5.79,610.9
2025-07-16 09:00:00,28.7,83.02,5.7,597.8
2025-07-16 10:00:00,28.19,85.25,5.47,483.2
2025-07-16 11:00:00,27.78,86.94,5.19,313.52
2025-07-16 12:00:00,27.26,89.69,4.64,134.12
2025-07-16 13:00:00,26.44,93.9,3.36,21.67
2025-07-16 14:00:00,25.89,95.39,2.99,0.0
2025-07-16 15:00:00,25.65,95.57,2.91,0.0
2025-07-16 16:00:00,25.51,95.45,2.82,0.0
2025-07-16 17:00:00,25.41,95.42,2.77,0.0
2025-07-16 18:00:00,25.35,95.25,2.89,0.0
2025-07-16 19:00:00,25.29,95.16,3.11,0.0
2025-07-16 20:00:00,25.21,95.26,3.11,0.0
2025-07-16 21:00:00,25.1,95.49,2.97,0.0
2025-07-16 22:00:00,24.92,95.87,2.61,0.0
2025-07-16 23:00:00,24.84,95.92,2.46,0.0
2025-07-17 00:00:00,24.86,95.86,2.32,0.0
2025-07-17 01:00:00,25.94,93.64,2.4,64.68
2025-07-17 02:00:00,26.9,89.12,3.27,189.75
2025-07-17 03:00:00,27.58,86.21,3.92,357.8
2025-07-17 04:00:00,28.14,84.34,4.3,518.5
2025-07-17 05:00:00,28.6,82.77,4.5,657.95
2025-07-17 06:00:00,28.98,81.67,4.62,743.4
2025-07-17 07:00:00,29.2,80.7,4.76,751.72
2025-07-17 08:00:00,29.23,79.95,4.79,659.72
2025-07-17 09:00:00,29.03,79.84,4.83,563.12
2025-07-17 10:00:00,28.66,80.72,4.86,448.3
2025-07-17 11:00:00,27.84,83.92,4.69,271.42
2025-07-17 12:00:00,27.02,87.95,4.16,119.65
2025-07-17 13:00:00,26.2,92.77,3.06,18.0
2025-07-17 14:00:00,25.68,94.96,2.52,0.0
2025-07-17 15:00:00,25.46,95.36,2.41,0.0
2025-07-17 16:00:00,25.32,95.37,2.37,0.0
2025-07-17 17:00:00,25.18,95.41,2.35,0.0
2025-07-17 18:00:00,25.06,95.52,2.39,0.0
2025-07-17 19:00:00,24.96,95.62,2.5,0.0
2025-07-17 20:00:00,24.89,95.81,2.62,0.0
2025-07-17 21:00:00,24.86,95.89,2.7,0.0
2025-07-17 22:00:00,24.83,95.9,2.66,0.0
2025-07-17 23:00:00,24.71,96.03,2.5,0.0
2025-07-18 00:00:00,24.67,95.96,2.37,0.0
2025-07-18 01:00:00,25.9,93.03,2.83,59.58
2025-07-18 02:00:00,26.9,88.03,3.79,176.38
2025-07-18 03:00:00,27.74,84.27,4.26,345.65
2025-07-18 04:00:00,28.44,81.63,4.67,489.4
2025-07-18 05:00:00,28.96,79.8,5.02,601.47
2025-07-18 06:00:00,29.31,78.42,5.4,695.8
2025-07-18 07:00:00,29.47,77.65,5.68,637.47
2025-07-18 08:00:00,29.53,76.96,5.76,549.47
2025-07-18 09:00:00,29.43,76.57,5.73,520.0
2025-07-18 10:00:00,29.15,76.92,5.54,392.12
2025-07-18 11:00:00,28.42,80.37,5.09,250.38
2025-07-18 12:00:00,27.55,85.39,4.24,108.0
2025-07-18 13:00:00,26.47,91.57,2.93,15.88
2025-07-18 14:00:00,25.81,94.4,2.35,0.0
2025-07-18 15:00:00,25.54,95.04,2.25,0.0
2025-07-18 16:00:00,25.31,95.53,2.25,0.0
2025-07-18 17:00:00,25.09,96.17,2.25,0.0
2025-07-18 18:00:00,24.95,96.66,2.27,0.0
2025-07-18 19:00:00,24.93,96.8,2.24,0.0
2025-07-18 20:00:00,24.84,97.11,2.22,0.0
2025-07-18 21:00:00,24.74,97.44,2.32,0.0
2025-07-18 22:00:00,24.74,97.71,2.44,0.0
2025-07-18 23:00:00,24.8,97.7,2.57,0.0
2025-07-19 00:00:00,24.93,97.26,2.85,0.0
2025-07-19 01:00:00,25.88,94.67,3.97,56.67
2025-07-19 02:00:00,26.78,90.6,5.14,160.95
2025-07-19 03:00:00,27.55,86.67,5.79,313.42
2025-07-19 04:00:00,28.23,84.25,6.0,455.25
2025-07-19 05:00:00,28.8,81.72,5.97,580.95
2025-07-19 06:00:00,29.2,79.82,5.82,681.85
2025-07-19 07:00:00,29.45,78.33,5.69,591.15
2025-07-19 08:00:00,29.49,77.57,5.49,738.1
2025-07-19 09:00:00,29.33,77.41,5.28,687.2
2025-07-19 10:00:00,28.98,78.21,5.15,515.47
2025-07-19 11:00:00,28.38,80.49,4.89,326.1
2025-07-19 12:00:00,27.45,85.63,4.31,150.8
2025-07-19 13:00:00,26.37,92.25,3.03,22.6
2025-07-19 14:00:00,25.87,94.84,2.39,0.0
2025-07-19 15:00:00,25.7,95.34,2.28,0.0
2025-07-19 16:00:00,25.58,95.44,2.29,0.0
2025-07-19 17:00:00,25.41,95.67,2.38,0.0
2025-07-19 18:00:00,25.29,95.71,2.57,0.0
2025-07-19 19:00:00,25.18,95.82,2.73,0.0
2025-07-19 20:00:00,25.08,95.83,2.79,0.0
2025-07-19 21:00:00,24.98,95.82,2.77,0.0
2025-07-19 22:00:00,24.94,95.6,2.72,0.0
2025-07-19 23:00:00,24.87,95.63,2.58,0.0
2025-07-20 00:00:00,24.84,95.56,2.44,0.0
2025-07-20 01:00:00,26.17,92.39,2.85,42.35
2025-07-20 02:00:00,27.3,87.35,3.65,137.15
2025-07-20 03:00:00,28.23,83.55,4.1,275.75
2025-07-20 04:00:00,28.97,81.28,4.4,379.27
2025-07-20 05:00:00,29.57,79.31,4.86,475.2
2025-07-20 06:00:00,29.81,78.58,5.28,543.5
2025-07-20 07:00:00,29.86,78.27,5.42,488.3
2025-07-20 08:00:00,29.74,78.06,5.45,366.67
2025-07-20 09:00:00,29.45,78.9,5.42,336.73
2025-07-20 10:00:00,28.95,80.54,5.44,227.95
2025-07-20 11:00:00,28.41,82.92,5.54,153.48
2025-07-20 12:00:00,27.56,87.33,5.35,81.82
2025-07-20 13:00:00,26.64,92.16,4.4,13.48
2025-07-20 14:00:00,26.18,93.94,3.92,0.0
2025-07-20 15:00:00,26.0,94.73,3.43,0.0
2025-07-20 16:00:00,25.9,95.29,3.22,0.0
2025-07-20 17:00:00,25.84,95.54,3.22,0.0
2025-07-20 18:00:00,25.77,95.81,3.32,0.0
2025-07-20 19:00:00,25.69,95.98,3.3,0.0
2025-07-20 20:00:00,25.6,96.08,3.22,0.0
2025-07-20 21:00:00,25.51,96.26,2.87,0.0
2025-07-20 22:00:00,25.42,96.44,2.69,0.0
2025-07-20 23:00:00,25.34,96.39,2.64,0.0
2025-07-21 00:00:00,25.24,96.48,2.56,0.0
2025-07-21 01:00:00,26.02,94.28,3.61,22.05
2025-07-21 02:00:00,26.81,91.03,4.36,74.07
2025-07-21 03:00:00,27.48,87.45,4.59,169.35
2025-07-21 04:00:00,28.12,85.0,4.82,273.48
2025-07-21 05:00:00,28.71,83.54,5.18,256.5
2025-07-21 06:00:00,29.02,82.44,5.56,200.07
2025-07-21 07:00:00,29.16,81.85,5.91,209.38
2025-07-21 08:00:00,29.09,81.72,6.24,287.12
2025-07-21 09:00:00,28.85,82.5,6.4,340.25
2025-07-21 10:00:00,28.53,83.44,6.4,272.65
2025-07-21 11:00:00,27.9,86.37,6.06,161.45
2025-07-21 12:00:00,27.22,90.04,5.24,58.38
2025-07-21 13:00:00,26.48,94.2,3.74,9.0
2025-07-21 14:00:00,26.1,95.85,3.15,0.0
2025-07-21 15:00:00,25.96,96.09,3.12,0.0
2025-07-21 16:00:00,25.87,95.89,3.18,0.0
2025-07-21 17:00:00,25.77,95.79,3.25,0.0
2025-07-21 18:00:00,25.66,95.73,3.35,0.0
2025-07-21 19:00:00,25.53,95.64,3.47,0.0
2025-07-21 20:00:00,25.46,95.36,3.58,0.0
2025-07-21 21:00:00,25.35,95.34,3.39,0.0
2025-07-21 22:00:00,25.26,95.38,3.16,0.0
2025-07-21 23:00:00,25.21,95.5,2.89,0.0
2025-07-22 00:00:00,25.18,95.63,2.66,0.0
2025-07-22 01:00:00,26.07,93.36,3.14,45.33
2025-07-22 02:00:00,26.85,90.36,3.79,158.02
2025-07-22 03:00:00,27.35,88.0,4.41,300.67
2025-07-22 04:00:00,27.81,85.87,5.04,418.7
2025-07-22 05:00:00,28.13,84.74,5.61,516.62
2025-07-22 06:00:00,28.3,84.18,5.97,604.8
2025-07-22 07:00:00,28.48,83.58,6.12,466.3
2025-07-22 08:00:00,28.7,83.23,6.21,320.23
2025-07-22 09:00:00,28.59,83.49,6.22,306.15
2025-07-22 10:00:00,28.36,83.96,6.08,190.8
2025-07-22 11:00:00,27.93,85.43,5.81,111.62
2025-07-22 12:00:00,27.29,89.23,4.98,64.62
2025-07-22 13:00:00,26.54,93.45,3.81,7.5
2025-07-22 14:00:00,26.14,94.62,3.68,0.0
2025-07-22 15:00:00,26.0,94.74,3.67,0.0
2025-07-22 16:00:00,25.87,94.81,3.68,0.0
2025-07-22 17:00:00,25.75,94.88,3.75,0.0
2025-07-22 18:00:00,25.63,95.12,3.86,0.0
2025-07-22 19:00:00,25.55,95.22,4.02,0.0
2025-07-22 20:00:00,25.47,95.33,4.0,0.0
2025-07-22 21:00:00,25.41,95.18,3.92,0.0
2025-07-22 22:00:00,25.35,95.11,3.69,0.0
2025-07-22 23:00:00,25.28,95.12,3.45,0.0
2025-07-23 00:00:00,25.23,95.24,3.17,0.0
2025-07-23 01:00:00,26.04,93.53,3.69,41.62
2025-07-23 02:00:00,26.86,90.93,4.9,116.82
2025-07-23 03:00:00,27.51,88.02,6.0,158.5
2025-07-23 04:00:00,27.98,86.01,6.7,339.45
2025-07-23 05:00:00,28.1,85.55,6.96,470.38
2025-07-23 06:00:00,28.02,85.78,6.95,530.3
2025-07-23 07:00:00,27.9,86.33,6.83,467.73
2025-07-23 08:00:00,27.77,87.18,6.75,476.0
2025-07-23 09:00:00,27.65,87.64,6.7,399.23
2025-07-23 10:00:00,27.38,88.76,6.55,246.52
2025-07-23 11:00:00,26.93,91.01,6.06,165.38
2025-07-23 12:00:00,26.5,93.19,5.23,65.75
2025-07-23 13:00:00,26.05,94.5,4.55,11.65
2025-07-23 14:00:00,25.82,94.81,4.29,0.0
2025-07-23 15:00:00,25.75,94.62,4.19,0.0
2025-07-23 16:00:00,25.69,94.5,4.01,0.0
2025-07-23 17:00:00,25.66,93.99,4.07,0.0
2025-07-23 18:00:00,25.57,94.06,4.08,0.0
2025-07-23 19:00:00,25.48,94.41,3.83,0.0
2025-07-23 20:00:00,25.42,94.74,3.68,0.0
2025-07-23 21:00:00,25.46,94.61,3.96,0.0
2025-07-23 22:00:00,25.49,94.66,4.23,0.0
2025-07-23 23:00:00,25.51,94.68,4.21,0.0
2025-07-24 00:00:00,25.47,94.88,4.02,0.0
2025-07-24 01:00:00,26.07,93.59,4.39,49.38
2025-07-24 02:00:00,26.9,91.27,5.14,154.23
2025-07-24 03:00:00,27.62,88.31,6.03,335.48
2025-07-24 04:00:00,28.11,86.58,6.78,430.2
2025-07-24 05:00:00,28.45,85.55,7.63,483.55
2025-07-24 06:00:00,28.52,85.0,8.17,549.67
2025-07-24 07:00:00,28.59,84.75,8.45,481.02
2025-07-24 08:00:00,28.5,85.14,8.54,457.6
2025-07-24 09:00:00,28.22,85.63,8.32,377.77
2025-07-24 10:00:00,27.93,86.45,7.91,300.35
2025-07-24 11:00:00,27.44,88.29,7.17,176.62
2025-07-24 12:00:00,26.9,90.98,5.91,79.65
2025-07-24 13:00:00,26.25,93.9,4.48,13.93
2025-07-24 14:00:00,25.91,94.66,4.05,0.0
2025-07-24 15:00:00,25.77,95.03,4.0,0.0
2025-07-24 16:00:00,25.69,95.33,4.0,0.0
2025-07-24 17:00:00,25.66,95.22,4.29,0.0
2025-07-24 18:00:00,25.66,94.81,4.96,0.0
2025-07-24 19:00:00,25.56,95.17,4.91,0.0
2025-07-24 20:00:00,25.47,95.47,4.57,0.0
2025-07-24 21:00:00,25.43,95.07,4.67,0.0
2025-07-24 22:00:00,25.36,95.02,4.48,0.0
2025-07-24 23:00:00,25.29,95.18,4.02,0.0
2025-07-25 00:00:00,25.24,95.56,3.53,0.0
2025-07-25 01:00:00,25.95,94.13,4.24,37.5
2025-07-25 02:00:00,26.78,91.76,5.39,106.07
2025-07-25 03:00:00,27.43,89.39,6.74,209.15
2025-07-25 04:00:00,27.76,88.05,7.65,294.48
2025-07-25 05:00:00,28.01,87.43,8.26,330.58
2025-07-25 06:00:00,28.12,87.12,8.66,378.35
2025-07-25 07:00:00,28.11,87.12,8.77,353.62
2025-07-25 08:00:00,28.02,87.32,8.71,156.6
2025-07-25 09:00:00,27.82,87.4,8.57,232.8
2025-07-25 10:00:00,27.51,87.94,8.13,182.1
2025-07-25 11:00:00,27.09,89.8,7.03,145.45
2025-07-25 12:00:00,26.61,91.73,5.9,58.92
2025-07-25 13:00:00,26.01,93.28,5.03,11.4
2025-07-25 14:00:00,25.72,93.97,4.52,0.0
2025-07-25 15:00:00,25.63,94.38,4.38,0.0
2025-07-25 16:00:00,25.65,94.31,4.86,0.0
2025-07-25 17:00:00,25.67,94.29,5.37,0.0
2025-07-25 18:00:00,25.65,94.63,5.66,0.0
2025-07-25 19:00:00,25.61,94.93,5.74,0.0
2025-07-25 20:00:00,25.58,94.69,6.07,0.0
2025-07-25 21:00:00,25.5,94.62,6.02,0.0
2025-07-25 22:00:00,25.45,94.46,5.97,0.0
2025-07-25 23:00:00,25.43,94.55,5.63,0.0
2025-07-26 00:00:00,25.44,94.89,5.37,0.0
2025-07-26 01:00:00,25.69,94.76,5.47,44.25
2025-07-26 02:00:00,26.16,94.17,5.7,114.53
2025-07-26 03:00:00,26.66,93.01,6.41,219.65
2025-07-26 04:00:00,26.99,91.73,7.3,324.42
2025-07-26 05:00:00,27.19,90.29,8.25,415.38
2025-07-26 06:00:00,27.23,89.35,8.93,452.15
2025-07-26 07:00:00,27.31,88.44,9.39,411.02
2025-07-26 08:00:00,27.36,87.58,9.48,340.45
2025-07-26 09:00:00,27.2,88.03,8.76,348.12
2025-07-26 10:00:00,26.95,89.38,7.85,241.38
2025-07-26 11:00:00,26.5,90.97,7.12,137.0
2025-07-26 12:00:00,26.01,91.95,6.81,62.7
2025-07-26 13:00:00,25.58,92.5,6.25,7.7
2025-07-26 14:00:00,25.37,93.25,5.57,0.0
2025-07-26 15:00:00,25.3,93.74,5.11,0.0
2025-07-26 16:00:00,25.33,93.75,5.5,0.0
2025-07-26 17:00:00,25.3,94.39,5.73,0.0
2025-07-26 18:00:00,25.3,94.71,6.0,0.0
2025-07-26 19:00:00,25.33,94.53,6.44,0.0
2025-07-26 20:00:00,25.33,94.37,6.44,0.0
2025-07-26 21:00:00,25.28,94.28,6.22,0.0
2025-07-26 22:00:00,25.24,93.97,6.04,0.0
2025-07-26 23:00:00,25.2,93.7,6.15,0.0
2025-07-27 00:00:00,25.19,93.28,6.37,0.0
2025-07-27 01:00:00,25.37,92.97,6.41,37.15
2025-07-27 02:00:00,25.86,92.26,6.7,107.57
2025-07-27 03:00:00,26.55,90.36,7.83,180.52
2025-07-27 04:00:00,27.14,87.28,8.95,268.8
2025-07-27 05:00:00,27.42,85.69,9.35,355.02
2025-07-27 06:00:00,27.6,85.07,9.37,353.17
2025-07-27 07:00:00,27.65,84.83,9.3,452.8
2025-07-27 08:00:00,27.61,84.81,9.41,437.65
2025-07-27 09:00:00,27.47,85.39,9.26,360.75
2025-07-27 10:00:00,27.26,85.71,9.04,325.12
2025-07-27 11:00:00,26.81,87.57,8.28,192.35
2025-07-27 12:00:00,26.27,90.37,7.17,83.62
2025-07-27 13:00:00,25.58,92.32,6.5,10.45
2025-07-27 14:00:00,25.27,93.11,6.02,0.0
2025-07-27 15:00:00,25.23,93.04,6.04,0.0
2025-07-27 16:00:00,25.19,93.22,5.76,0.0
2025-07-27 17:00:00,25.23,92.98,6.22,0.0
2025-07-27 18:00:00,25.21,92.83,6.62,0.0
2025-07-27 19:00:00,25.1,92.89,6.89,0.0
2025-07-27 20:00:00,24.98,92.96,6.91,0.0
2025-07-27 21:00:00,24.88,93.05,6.88,0.0
2025-07-27 22:00:00,24.85,92.75,7.03,0.0
2025-07-27 23:00:00,24.84,93.01,6.62,0.0
2025-07-28 00:00:00,24.9,93.01,6.46,0.0
2025-07-28 01:00:00,25.31,92.7,6.56,15.15
2025-07-28 02:00:00,26.13,91.64,6.89,56.9
2025-07-28 03:00:00,26.85,88.5,8.27,114.78
2025-07-28 04:00:00,27.23,85.86,9.34,196.4
2025-07-28 05:00:00,27.44,84.96,9.51,281.77
2025-07-28 06:00:00,27.7,84.23,9.44,290.48
2025-07-28 07:00:00,27.77,83.83,9.39,373.23
2025-07-28 08:00:00,27.67,83.77,9.23,297.2
2025-07-28 09:00:00,27.49,84.12,9.08,360.52
2025-07-28 10:00:00,27.13,85.25,9.04,321.27
2025-07-28 11:00:00,26.71,87.49,8.2,178.93
2025-07-28 12:00:00,26.22,90.36,7.17,84.05
2025-07-28 13:00:00,25.62,92.63,6.34,11.7
2025-07-28 14:00:00,25.34,93.23,6.23,0.0
2025-07-28 15:00:00,25.22,93.55,6.05,0.0
2025-07-28 16:00:00,25.17,93.12,6.43,0.0
2025-07-28 17:00:00,25.08,93.06,6.39,0.0
2025-07-28 18:00:00,24.94,93.63,5.87,0.0
2025-07-28 19:00:00,24.89,93.57,5.97,0.0
2025-07-28 20:00:00,24.89,92.68,6.53,0.0
2025-07-28 21:00:00,24.79,92.75,6.49,0.0
2025-07-28 22:00:00,24.78,92.78,6.47,0.0
2025-07-28 23:00:00,24.8,92.6,6.69,0.0
2025-07-29 00:00:00,24.79,92.79,6.36,0.0
2025-07-29 01:00:00,25.09,92.57,6.31,24.6
2025-07-29 02:00:00,25.88,91.26,7.08,93.68
2025-07-29 03:00:00,26.64,88.41,8.9,174.85
2025-07-29 04:00:00,27.08,85.94,10.0,297.8
2025-07-29 05:00:00,27.24,85.15,10.29,407.77
2025-07-29 06:00:00,27.26,85.18,10.58,333.05
2025-07-29 07:00:00,27.19,85.3,10.55,341.85
2025-07-29 08:00:00,26.98,86.03,9.92,199.43
2025-07-29 09:00:00,26.78,86.83,9.14,175.3
2025-07-29 10:00:00,26.5,88.52,8.27,142.82
2025-07-29 11:00:00,26.27,89.75,7.71,55.83
2025-07-29 12:00:00,25.9,90.74,6.99,60.38
2025-07-29 13:00:00,25.41,92.14,6.42,9.6
2025-07-29 14:00:00,25.16,93.19,5.89,0.0
2025-07-29 15:00:00,25.08,93.4,5.66,0.0
2025-07-29 16:00:00,25.06,93.17,5.71,0.0
2025-07-29 17:00:00,25.02,93.1,5.76,0.0
2025-07-29 18:00:00,24.96,93.06,5.81,0.0
2025-07-29 19:00:00,24.9,93.02,5.86,0.0
2025-07-29 20:00:00,24.83,93.09,5.8,0.0
2025-07-29 21:00:00,24.79,92.98,5.85,0.0
2025-07-29 22:00:00,24.73,93.41,5.6,0.0
2025-07-29 23:00:00,24.7,93.5,5.41,0.0
2025-07-30 00:00:00,24.77,93.45,5.34,0.0
2025-07-30 01:00:00,25.28,93.09,4.95,30.45
2025-07-30 02:00:00,26.13,91.52,5.38,95.38
2025-07-30 03:00:00,26.77,89.41,6.36,179.98
2025-07-30 04:00:00,27.25,86.55,7.22,232.73
2025-07-30 05:00:00,27.42,85.53,7.36,263.52
2025-07-30 06:00:00,27.52,84.8,7.39,268.95
2025-07-30 07:00:00,27.46,85.3,7.27,226.77
2025-07-30 08:00:00,27.34,86.0,7.11,284.7
2025-07-30 09:00:00,27.16,86.61,6.92,193.73
2025-07-30 10:00:00,26.81,88.03,6.52,227.52
2025-07-30 11:00:00,26.39,90.02,5.89,139.85
2025-07-30 12:00:00,25.95,92.28,5.04,68.22
2025-07-30 13:00:00,25.42,94.17,4.41,8.27
2025-07-30 14:00:00,25.13,95.09,4.13,0.0
2025-07-30 15:00:00,25.04,95.4,4.06,0.0
2025-07-30 16:00:00,25.02,95.5,4.14,0.0
2025-07-30 17:00:00,25.0,95.05,4.55,0.0
2025-07-30 18:00:00,24.95,94.84,4.78,0.0
2025-07-30 19:00:00,24.87,94.79,4.94,0.0
2025-07-30 20:00:00,24.78,94.7,4.83,0.0
2025-07-30 21:00:00,24.71,94.72,4.5,0.0
2025-07-30 22:00:00,24.66,94.84,4.35,0.0
2025-07-30 23:00:00,24.68,94.74,4.32,0.0
2025-07-31 00:00:00,24.7,94.58,4.53,0.0
2025-07-31 01:00:00,25.24,93.7,5.0,27.98
2025-07-31 02:00:00,26.14,91.42,6.02,95.2
2025-07-31 03:00:00,26.97,87.89,7.13,195.9
2025-07-31 04:00:00,27.56,85.44,7.71,331.95
2025-07-31 05:00:00,27.97,84.07,7.88,468.4
2025-07-31 06:00:00,28.28,83.31,8.02,547.55
2025-07-31 07:00:00,28.32,82.79,8.15,480.38
2025-07-31 08:00:00,28.37,82.14,8.09,466.48
2025-07-31 09:00:00,28.18,82.29,7.71,435.0
2025-07-31 10:00:00,27.79,83.18,7.17,360.95
2025-07-31 11:00:00,27.16,85.87,6.45,227.23
2025-07-31 12:00:00,26.5,89.49,5.53,72.68
2025-07-31 13:00:00,25.66,93.56,4.16,8.5
2025-07-31 14:00:00,25.23,94.76,4.03,0.0
2025-07-31 15:00:00,25.1,94.96,4.19,0.0
2025-07-31 16:00:00,25.02,95.24,4.11,0.0
2025-07-31 17:00:00,24.93,95.29,4.24,0.0
2025-07-31 18:00:00,24.82,95.36,4.36,0.0
2025-07-31 19:00:00,24.69,95.38,4.21,0.0
2025-07-31 20:00:00,24.6,95.22,4.1,0.0
2025-07-31 21:00:00,24.48,95.26,3.71,0.0
2025-07-31 22:00:00,24.37,95.34,3.36,0.0
2025-07-31 23:00:00,24.27,95.43,3.17,0.0
2025-08-01 00:00:00,24.25,95.45,3.15,0.0
2025-08-01 01:00:00,25.25,93.24,3.88,23.52
2025-08-01 02:00:00,26.32,89.75,5.05,88.22
2025-08-01 03:00:00,27.23,86.15,6.03,193.35
2025-08-01 04:00:00,27.83,84.23,6.55,287.0
2025-08-01 05:00:00,28.2,83.24,6.94,382.15
2025-08-01 06:00:00,28.43,82.54,7.19,430.65
2025-08-01 07:00:00,28.6,81.72,7.33,572.4
2025-08-01 08:00:00,28.64,81.05,7.3,575.85
2025-08-01 09:00:00,28.37,81.74,7.07,522.88
2025-08-01 10:00:00,27.97,82.71,6.7,419.1
2025-08-01 11:00:00,27.35,84.63,6.15,256.77
2025-08-01 12:00:00,26.44,88.78,5.21,112.18
2025-08-01 13:00:00,25.56,93.43,3.7,14.55
2025-08-01 14:00:00,25.1,95.44,2.86,0.0
2025-08-01 15:00:00,24.83,96.07,2.6,0.0
2025-08-01 16:00:00,24.65,96.32,2.54,0.0
2025-08-01 17:00:00,24.51,96.41,2.6,0.0
2025-08-01 18:00:00,24.39,96.44,2.66,0.0
2025-08-01 19:00:00,24.31,96.42,2.64,0.0
2025-08-01 20:00:00,24.19,96.63,2.53,0.0
2025-08-01 21:00:00,24.08,96.7,2.51,0.0
2025-08-01 22:00:00,24.01,96.9,2.54,0.0
2025-08-01 23:00:00,23.97,97.12,2.48,0.0
2025-08-02 00:00:00,23.98,97.23,2.53,0.0
2025-08-02 01:00:00,24.93,94.82,3.45,36.25
2025-08-02 02:00:00,25.92,90.68,4.64,123.65
2025-08-02 03:00:00,26.94,86.08,5.19,248.23
2025-08-02 04:00:00,27.72,83.33,5.39,355.98
2025-08-02 05:00:00,28.13,82.39,5.58,459.88
2025-08-02 06:00:00,28.29,82.16,5.79,553.75
2025-08-02 07:00:00,28.3,82.26,5.85,651.62
2025-08-02 08:00:00,28.31,81.95,5.72,538.17
2025-08-02 09:00:00,28.1,81.83,5.45,552.17
2025-08-02 10:00:00,27.66,82.73,5.13,407.3
2025-08-02 11:00:00,27.11,84.5,4.74,259.77
2025-08-02 12:00:00,26.41,88.46,3.99,113.9
2025-08-02 13:00:00,25.56,93.5,2.84,15.88
2025-08-02 14:00:00,25.07,95.53,2.44,0.0
2025-08-02 15:00:00,24.87,96.14,2.27,0.0
2025-08-02 16:00:00,24.7,96.46,2.28,0.0
2025-08-02 17:00:00,24.54,96.78,2.34,0.0
2025-08-02 18:00:00,24.41,96.92,2.41,0.0
2025-08-02 19:00:00,24.26,97.18,2.38,0.0
2025-08-02 20:00:00,24.15,97.3,2.38,0.0
2025-08-02 21:00:00,24.07,97.47,2.35,0.0
2025-08-02 22:00:00,24.01,97.5,2.23,0.0
2025-08-02 23:00:00,23.96,97.45,2.15,0.0
2025-08-03 00:00:00,23.95,97.23,2.18,0.0
2025-08-03 01:00:00,25.0,94.79,2.54,40.0
2025-08-03 02:00:00,25.95,91.01,3.37,142.4
2025-08-03 03:00:00,26.85,87.06,3.8,279.95
2025-08-03 04:00:00,27.77,83.71,4.06,419.77
2025-08-03 05:00:00,28.55,80.94,4.33,529.88
2025-08-03 06:00:00,29.1,78.89,4.73,628.08
2025-08-03 07:00:00,29.35,77.74,5.08,683.72
2025-08-03 08:00:00,29.33,77.51,5.32,664.5
2025-08-03 09:00:00,29.1,77.79,5.46,617.15
2025-08-03 10:00:00,28.47,79.75,5.42,463.88
2025-08-03 11:00:00,27.73,82.74,5.04,279.27
2025-08-03 12:00:00,26.83,87.27,4.09,118.97
2025-08-03 13:00:00,25.94,92.56,2.88,16.05
2025-08-03 14:00:00,25.54,94.26,2.47,0.0
2025-08-03 15:00:00,25.33,94.91,2.41,0.0
2025-08-03 16:00:00,25.19,95.24,2.41,0.0
2025-08-03 17:00:00,25.02,95.62,2.33,0.0
2025-08-03 18:00:00,24.82,96.04,2.27,0.0
2025-08-03 19:00:00,24.6,96.39,2.25,0.0
2025-08-03 20:00:00,24.46,96.59,2.19,0.0
2025-08-03 21:00:00,24.33,96.8,2.14,0.0
2025-08-03 22:00:00,24.26,96.74,2.15,0.0
2025-08-03 23:00:00,24.2,96.74,2.17,0.0
2025-08-04 00:00:00,24.17,96.75,2.19,0.0
2025-08-04 01:00:00,25.33,94.21,2.4,45.85
2025-08-04 02:00:00,26.29,89.89,3.22,153.32
2025-08-04 03:00:00,27.13,85.55,3.66,313.05
2025-08-04 04:00:00,27.8,83.04,3.91,463.6
2025-08-04 05:00:00,28.41,81.23,4.2,619.92
2025-08-04 06:00:00,28.85,79.93,4.44,752.83
2025-08-04 07:00:00,29.06,79.26,4.67,718.28
2025-08-04 08:00:00,29.12,78.82,4.8,712.7
2025-08-04 09:00:00,28.92,78.99,4.87,648.8
2025-08-04 10:00:00,28.51,80.03,4.81,482.88
2025-08-04 11:00:00,27.84,82.05,4.61,298.17
2025-08-04 12:00:00,26.85,86.81,3.99,122.22
2025-08-04 13:00:00,25.87,92.44,2.96,15.3
2025-08-04 14:00:00,25.39,94.72,2.57,0.0
2025-08-04 15:00:00,25.2,95.2,2.26,0.0
2025-08-04 16:00:00,25.03,95.5,2.02,0.0
2025-08-04 17:00:00,24.89,95.48,1.97,0.0
2025-08-04 18:00:00,24.75,95.56,1.97,0.0
2025-08-04 19:00:00,24.65,95.66,1.95,0.0
2025-08-04 20:00:00,24.6,95.59,1.86,0.0
2025-08-04 21:00:00,24.54,95.61,1.79,0.0
2025-08-04 22:00:00,24.48,95.7,1.85,0.0
2025-08-04 23:00:00,24.42,95.85,1.92,0.0
2025-08-05 00:00:00,24.42,96.0,1.97,0.0
2025-08-05 01:00:00,25.53,93.89,2.12,42.03
2025-08-05 02:00:00,26.61,88.9,2.95,149.7
2025-08-05 03:00:00,27.6,84.98,3.18,334.3
2025-08-05 04:00:00,28.34,81.94,3.12,458.5
2025-08-05 05:00:00,29.06,79.19,3.06,533.05
2025-08-05 06:00:00,29.5,77.32,3.16,645.38
2025-08-05 07:00:00,29.56,76.73,3.41,825.62
2025-08-05 08:00:00,29.33,77.13,3.78,791.78
2025-08-05 09:00:00,28.78,78.48,4.26,681.22
2025-08-05 10:00:00,28.01,81.22,4.49,523.42
2025-08-05 11:00:00,27.14,85.01,4.34,317.4
2025-08-05 12:00:00,26.42,88.45,3.91,134.6
2025-08-05 13:00:00,25.63,93.0,2.86,16.1
2025-08-05 14:00:00,25.19,95.17,2.32,0.0
2025-08-05 15:00:00,24.94,95.89,2.01,0.0
2025-08-05 16:00:00,24.71,96.24,1.82,0.0
2025-08-05 17:00:00,24.51,96.41,1.79,0.0
2025-08-05 18:00:00,24.32,96.69,1.8,0.0
2025-08-05 19:00:00,24.19,96.82,1.74,0.0
2025-08-05 20:00:00,24.08,97.05,1.7,0.0
2025-08-05 21:00:00,24.01,97.01,1.69,0.0
2025-08-05 22:00:00,24.09,96.55,1.67,0.0
2025-08-05 23:00:00,24.18,96.01,1.6,0.0
2025-08-06 00:00:00,24.29,95.15,1.54,0.0
2025-08-06 01:00:00,25.16,94.35,1.33,51.6
2025-08-06 02:00:00,26.33,89.0,1.66,194.27
2025-08-06 03:00:00,27.21,83.93,1.95,381.8
2025-08-06 04:00:00,27.92,81.31,1.95,539.17
2025-08-06 05:00:00,28.67,78.65,2.04,655.7
2025-08-06 06:00:00,29.22,76.67,2.24,721.0
2025-08-06 07:00:00,29.59,75.33,2.6,771.65
2025-08-06 08:00:00,29.75,74.98,3.11,702.78
2025-08-06 09:00:00,29.68,75.17,3.67,659.17
2025-08-06 10:00:00,29.24,76.59,4.09,427.58
2025-08-06 11:00:00,28.48,79.67,4.32,264.4
2025-08-06 12:00:00,27.48,85.09,4.05,113.38
2025-08-06 13:00:00,26.36,91.27,3.19,14.12
2025-08-06 14:00:00,25.9,93.3,2.89,0.0
2025-08-06 15:00:00,25.74,93.94,2.59,0.0
2025-08-06 16:00:00,25.6,94.43,2.33,0.0
2025-08-06 17:00:00,25.47,94.72,2.16,0.0
2025-08-06 18:00:00,25.36,94.97,2.02,0.0
2025-08-06 19:00:00,25.26,95.18,1.94,0.0
2025-08-06 20:00:00,25.17,95.39,1.91,0.0
2025-08-06 21:00:00,25.1,95.46,1.8,0.0
2025-08-06 22:00:00,25.04,95.41,1.68,0.0
2025-08-06 23:00:00,24.99,95.24,1.61,0.0
2025-08-07 00:00:00,24.97,95.01,1.53,0.0
2025-08-07 01:00:00,25.7,93.78,1.37,33.67
2025-08-07 02:00:00,26.93,86.82,1.75,109.18
2025-08-07 03:00:00,27.72,82.51,2.13,238.6
2025-08-07 04:00:00,28.24,80.91,2.45,343.52
2025-08-07 05:00:00,28.54,80.01,2.87,436.12
2025-08-07 06:00:00,28.85,79.18,3.36,468.58
2025-08-07 07:00:00,28.98,78.19,3.87,495.12
2025-08-07 08:00:00,28.85,78.27,4.33,407.27
2025-08-07 09:00:00,28.48,79.26,4.49,404.33
2025-08-07 10:00:00,28.07,80.79,4.4,408.73
2025-08-07 11:00:00,27.49,83.45,4.12,237.43
2025-08-07 12:00:00,26.75,87.57,3.42,85.78
2025-08-07 13:00:00,25.91,92.57,2.48,10.75
2025-08-07 14:00:00,25.46,94.72,2.09,0.0
2025-08-07 15:00:00,25.29,95.18,1.96,0.0
2025-08-07 16:00:00,25.18,95.2,1.88,0.0
2025-08-07 17:00:00,25.04,95.39,1.83,0.0
2025-08-07 18:00:00,24.91,95.59,1.7,0.0
2025-08-07 19:00:00,24.85,95.44,1.51,0.0
2025-08-07 20:00:00,24.78,95.11,1.39,0.0
2025-08-07 21:00:00,24.7,94.94,1.31,0.0
2025-08-07 22:00:00,24.59,95.1,1.39,0.0
2025-08-07 23:00:00,24.45,95.69,1.65,0.0
2025-08-08 00:00:00,24.46,95.41,1.58,0.0
2025-08-08 01:00:00,25.23,94.59,1.23,44.08
2025-08-08 02:00:00,26.31,89.15,1.55,149.3
2025-08-08 03:00:00,27.07,84.47,1.76,308.12
2025-08-08 04:00:00,27.54,82.04,1.84,442.55
2025-08-08 05:00:00,28.21,79.63,1.82,586.12
2025-08-08 06:00:00,28.79,77.84,2.15,670.08
2025-08-08 07:00:00,29.15,76.79,2.49,604.42
2025-08-08 08:00:00,29.29,76.06,2.85,635.3
2025-08-08 09:00:00,29.2,75.97,3.3,579.8
2025-08-08 10:00:00,28.87,77.23,3.69,409.95
2025-08-08 11:00:00,28.1,80.73,3.95,242.1
2025-08-08 12:00:00,27.16,85.89,3.64,108.97
2025-08-08 13:00:00,26.12,91.88,2.63,12.3
2025-08-08 14:00:00,25.66,94.18,2.15,0.0
2025-08-08 15:00:00,25.47,94.73,1.86,0.0
2025-08-08 16:00:00,25.26,95.08,1.72,0.0
2025-08-08 17:00:00,25.09,95.12,1.63,0.0
2025-08-08 18:00:00,24.95,95.02,1.53,0.0
2025-08-08 19:00:00,24.87,95.0,1.47,0.0
2025-08-08 20:00:00,24.74,95.43,1.53,0.0
2025-08-08 21:00:00,24.62,95.76,1.54,0.0
2025-08-08 22:00:00,24.52,95.96,1.48,0.0
2025-08-08 23:00:00,24.48,95.79,1.38,0.0
2025-08-09 00:00:00,24.43,95.45,1.29,0.0
2025-08-09 01:00:00,25.35,93.45,1.41,48.7
2025-08-09 02:00:00,26.54,86.48,1.96,187.98
2025-08-09 03:00:00,27.3,83.14,2.1,366.48
2025-08-09 04:00:00,27.72,81.4,2.23,530.7
2025-08-09 05:00:00,28.39,78.28,2.61,653.95
2025-08-09 06:00:00,28.86,76.45,3.1,798.58
2025-08-09 07:00:00,29.02,75.77,3.46,678.38
2025-08-09 08:00:00,28.97,76.02,3.76,780.2
2025-08-09 09:00:00,28.74,76.5,3.91,676.85
2025-08-09 10:00:00,28.39,77.2,3.99,509.7
2025-08-09 11:00:00,27.83,78.93,3.86,313.48
2025-08-09 12:00:00,26.93,83.98,3.19,128.23
2025-08-09 13:00:00,25.87,90.66,2.38,13.98
2025-08-09 14:00:00,25.37,93.58,1.97,0.0
2025-08-09 15:00:00,25.15,94.21,1.77,0.0
2025-08-09 16:00:00,24.97,94.41,1.6,0.0
2025-08-09 17:00:00,24.8,94.4,1.53,0.0
2025-08-09 18:00:00,24.62,94.56,1.53,0.0
2025-08-09 19:00:00,24.44,94.91,1.52,0.0
2025-08-09 20:00:00,24.29,95.14,1.44,0.0
2025-08-09 21:00:00,24.18,95.26,1.38,0.0
2025-08-09 22:00:00,24.14,94.95,1.33,0.0
2025-08-09 23:00:00,24.14,94.55,1.23,0.0
2025-08-10 00:00:00,24.19,94.04,1.13,0.0
2025-08-10 01:00:00,25.13,93.02,1.16,44.92
2025-08-10 02:00:00,26.39,86.27,1.56,150.7
2025-08-10 03:00:00,27.33,82.78,1.83,300.98
2025-08-10 04:00:00,27.94,80.89,2.07,437.02
2025-08-10 05:00:00,28.78,76.83,2.48,550.55
2025-08-10 06:00:00,29.16,74.9,2.92,579.75
2025-08-10 07:00:00,29.3,74.25,3.28,612.35
2025-08-10 08:00:00,29.14,74.47,3.53,560.28
2025-08-10 09:00:00,28.71,75.44,3.76,420.52
2025-08-10 10:00:00,28.22,77.07,3.86,367.35
2025-08-10 11:00:00,27.2,82.23,3.57,218.02
2025-08-10 12:00:00,26.32,87.22,3.18,94.5
2025-08-10 13:00:00,25.63,92.14,2.33,10.4
2025-08-10 14:00:00,25.31,94.25,1.87,0.0
2025-08-10 15:00:00,25.1,95.05,1.64,0.0
2025-08-10 16:00:00,24.96,95.15,1.54,0.0
2025-08-10 17:00:00,24.82,95.25,1.61,0.0
2025-08-10 18:00:00,24.67,95.5,1.79,0.0
2025-08-10 19:00:00,24.54,95.72,1.92,0.0
2025-08-10 20:00:00,24.45,95.87,1.98,0.0
2025-08-10 21:00:00,24.39,96.03,1.96,0.0
2025-08-10 22:00:00,24.33,96.01,1.95,0.0
2025-08-10 23:00:00,24.27,96.15,2.01,0.0
2025-08-11 00:00:00,24.29,96.11,2.07,0.0
2025-08-11 01:00:00,25.38,93.68,2.34,40.62
2025-08-11 02:00:00,26.46,88.68,3.31,125.1
2025-08-11 03:00:00,27.4,84.73,3.87,252.6
2025-08-11 04:00:00,28.13,81.55,4.11,374.5
2025-08-11 05:00:00,28.57,79.61,4.34,479.58
2025-08-11 06:00:00,28.65,79.37,4.59,598.4
2025-08-11 07:00:00,28.58,79.6,4.78,730.2
2025-08-11 08:00:00,28.39,80.18,4.88,645.7
2025-08-11 09:00:00,28.23,80.6,4.92,686.62
2025-08-11 10:00:00,28.01,81.17,4.85,514.03
2025-08-11 11:00:00,27.62,82.45,4.57,303.33
2025-08-11 12:00:00,26.82,86.83,3.64,118.82
2025-08-11 13:00:00,25.93,92.48,2.54,11.7
2025-08-11 14:00:00,25.64,94.13,2.21,0.0
2025-08-11 15:00:00,25.47,94.89,1.97,0.0
2025-08-11 16:00:00,25.28,95.41,1.76,0.0
2025-08-11 17:00:00,25.07,95.82,1.71,0.0
2025-08-11 18:00:00,24.9,96.2,1.79,0.0
2025-08-11 19:00:00,24.72,96.55,1.93,0.0
2025-08-11 20:00:00,24.56,96.69,2.01,0.0
2025-08-11 21:00:00,24.43,96.87,1.97,0.0
2025-08-11 22:00:00,24.32,96.94,1.91,0.0
2025-08-11 23:00:00,24.26,96.85,1.81,0.0
2025-08-12 00:00:00,24.23,96.76,1.8,0.0
2025-08-12 01:00:00,25.11,94.99,1.99,48.92
2025-08-12 02:00:00,25.89,91.08,2.64,174.23
2025-08-12 03:00:00,26.62,87.11,2.93,336.25
2025-08-12 04:00:00,27.4,83.57,3.07,545.75
2025-08-12 05:00:00,28.35,79.7,3.49,695.45
2025-08-12 06:00:00,28.99,76.9,3.99,771.47
2025-08-12 07:00:00,29.14,76.28,4.35,865.75
2025-08-12 08:00:00,29.02,76.14,4.52,765.42
2025-08-12 09:00:00,28.72,76.74,4.44,676.17
2025-08-12 10:00:00,28.36,77.73,4.39,535.55
2025-08-12 11:00:00,27.83,79.41,4.14,298.48
2025-08-12 12:00:00,27.0,84.13,3.34,120.22
2025-08-12 13:00:00,25.87,91.61,2.24,10.1
2025-08-12 14:00:00,25.41,94.07,1.98,0.0
2025-08-12 15:00:00,25.28,94.43,2.05,0.0
2025-08-12 16:00:00,25.1,94.96,2.15,0.0
2025-08-12 17:00:00,24.93,95.51,2.2,0.0
2025-08-12 18:00:00,24.74,96.2,2.25,0.0
2025-08-12 19:00:00,24.63,96.55,2.26,0.0
2025-08-12 20:00:00,24.52,96.86,2.21,0.0
2025-08-12 21:00:00,24.45,96.98,2.12,0.0
2025-08-12 22:00:00,24.42,96.99,2.13,0.0
2025-08-12 23:00:00,24.4,96.84,2.0,0.0
2025-08-13 00:00:00,24.39,96.67,1.95,0.0
2025-08-13 01:00:00,25.08,95.14,2.41,29.0
2025-08-13 02:00:00,25.82,91.71,3.03,98.75
2025-08-13 03:00:00,26.56,88.16,3.3,187.15
2025-08-13 04:00:00,27.41,85.06,3.42,225.98
2025-08-13 05:00:00,28.13,82.31,3.9,286.65
2025-08-13 06:00:00,28.67,80.04,4.23,394.42
2025-08-13 07:00:00,28.81,78.73,4.69,478.77
2025-08-13 08:00:00,28.63,78.99,4.88,298.6
2025-08-13 09:00:00,28.43,79.41,4.71,371.45
2025-08-13 10:00:00,27.9,81.42,4.52,256.17
2025-08-13 11:00:00,27.18,85.1,3.98,158.73
2025-08-13 12:00:00,26.42,89.47,3.14,68.7
2025-08-13 13:00:00,25.79,93.67,2.3,6.57
2025-08-13 14:00:00,25.49,95.25,2.13,0.0
2025-08-13 15:00:00,25.34,95.65,2.24,0.0
2025-08-13 16:00:00,25.23,95.97,2.29,0.0
2025-08-13 17:00:00,25.1,96.32,2.3,0.0
2025-08-13 18:00:00,25.02,96.34,2.36,0.0
2025-08-13 19:00:00,24.95,96.24,2.39,0.0
2025-08-13 20:00:00,24.84,96.22,2.38,0.0
2025-08-13 21:00:00,24.74,96.22,2.21,0.0
2025-08-13 22:00:00,24.64,96.34,2.04,0.0
2025-08-13 23:00:00,24.55,96.48,1.96,0.0
2025-08-14 00:00:00,24.48,96.47,1.84,0.0
2025-08-14 01:00:00,25.32,94.62,1.92,9.7
2025-08-14 02:00:00,26.22,90.23,2.69,32.62
2025-08-14 03:00:00,27.07,86.68,3.56,88.72
2025-08-14 04:00:00,27.75,84.15,4.45,193.52
2025-08-14 05:00:00,28.1,82.8,5.22,216.65
2025-08-14 06:00:00,28.21,82.11,5.75,240.65
2025-08-14 07:00:00,28.19,82.08,6.32,369.77
2025-08-14 08:00:00,28.06,82.57,6.74,483.35
2025-08-14 09:00:00,27.76,83.32,6.71,484.88
2025-08-14 10:00:00,27.51,83.68,6.33,313.88
2025-08-14 11:00:00,27.03,85.33,5.64,180.02
2025-08-14 12:00:00,26.35,89.33,4.33,69.62
2025-08-14 13:00:00,25.58,93.49,3.01,8.32
2025-08-14 14:00:00,25.26,94.68,2.5,0.0
2025-08-14 15:00:00,25.09,95.2,2.22,0.0
2025-08-14 16:00:00,24.96,95.53,2.02,0.0
2025-08-14 17:00:00,24.87,95.7,1.98,0.0
2025-08-14 18:00:00,24.79,95.85,2.04,0.0
2025-08-14 19:00:00,24.73,95.97,2.06,0.0
2025-08-14 20:00:00,24.66,96.13,2.07,0.0
2025-08-14 21:00:00,24.59,96.32,2.01,0.0
2025-08-14 22:00:00,24.49,96.53,1.97,0.0
2025-08-14 23:00:00,24.37,96.73,1.94,0.0
2025-08-15 00:00:00,24.3,96.84,1.88,0.0
2025-08-15 01:00:00,25.33,94.71,1.95,24.73
2025-08-15 02:00:00,26.22,90.43,2.6,99.07
2025-08-15 03:00:00,26.88,87.55,2.9,187.62
2025-08-15 04:00:00,27.42,85.72,3.11,261.35
2025-08-15 05:00:00,27.68,85.03,3.53,322.2
2025-08-15 06:00:00,27.8,84.71,4.13,405.88
2025-08-15 07:00:00,27.69,84.8,4.65,366.7
2025-08-15 08:00:00,27.39,85.83,4.89,273.15
2025-08-15 09:00:00,26.89,87.57,5.04,212.95
2025-08-15 10:00:00,26.42,89.07,5.19,118.25
2025-08-15 11:00:00,26.2,89.42,5.2,57.5
2025-08-15 12:00:00,25.67,91.45,4.57,24.1
2025-08-15 13:00:00,25.06,94.87,3.25,3.2
2025-08-15 14:00:00,24.83,96.08,2.64,0.0
2025-08-15 15:00:00,24.74,96.5,2.34,0.0
2025-08-15 16:00:00,24.66,96.89,2.11,0.0
2025-08-15 17:00:00,24.61,97.08,2.08,0.0
2025-08-15 18:00:00,24.58,97.11,2.22,0.0
2025-08-15 19:00:00,24.55,97.1,2.41,0.0
2025-08-15 20:00:00,24.52,97.1,2.66,0.0
2025-08-15 21:00:00,24.51,96.94,2.74,0.0
2025-08-15 22:00:00,24.48,96.98,2.76,0.0
2025-08-15 23:00:00,24.45,96.95,2.75,0.0
2025-08-16 00:00:00,24.39,96.97,2.62,0.0
2025-08-16 01:00:00,24.96,95.57,3.01,7.1
2025-08-16 02:00:00,25.74,92.72,3.92,20.95
2025-08-16 03:00:00,26.46,89.59,4.67,45.83
2025-08-16 04:00:00,27.1,87.24,5.3,71.75
2025-08-16 05:00:00,27.48,85.87,5.79,96.78
2025-08-16 06:00:00,27.69,85.06,6.05,120.95
2025-08-16 07:00:00,27.82,84.31,6.15,209.55
2025-08-16 08:00:00,27.58,84.72,6.1,152.98
2025-08-16 09:00:00,27.1,86.63,5.81,181.25
2025-08-16 10:00:00,26.6,89.02,5.27,154.12
2025-08-16 11:00:00,26.25,91.25,4.49,104.12
2025-08-16 12:00:00,25.92,93.44,3.6,51.67
2025-08-16 13:00:00,25.39,95.48,2.95,4.35
2025-08-16 14:00:00,25.15,96.05,2.78,0.0
2025-08-16 15:00:00,25.05,96.41,2.47,0.0
2025-08-16 16:00:00,24.98,96.64,2.19,0.0
2025-08-16 17:00:00,24.94,96.81,2.14,0.0
2025-08-16 18:00:00,24.93,96.83,2.26,0.0
2025-08-16 19:00:00,24.88,96.96,2.21,0.0
2025-08-16 20:00:00,24.85,97.02,2.33,0.0
2025-08-16 21:00:00,24.79,97.21,2.29,0.0
2025-08-16 22:00:00,24.78,97.1,2.41,0.0
2025-08-16 23:00:00,24.77,97.11,2.38,0.0
2025-08-17 00:00:00,24.73,97.19,2.15,0.0
2025-08-17 01:00:00,25.37,96.1,2.35,34.53
2025-08-17 02:00:00,26.12,93.77,3.22,116.72
2025-08-17 03:00:00,26.78,91.55,3.93,225.27
2025-08-17 04:00:00,27.24,90.03,4.8,373.92
2025-08-17 05:00:00,27.51,89.22,5.64,437.95
2025-08-17 06:00:00,27.74,88.57,6.2,410.5
2025-08-17 07:00:00,27.89,88.07,6.55,401.55
2025-08-17 08:00:00,27.94,87.93,6.91,306.9
2025-08-17 09:00:00,27.67,88.89,7.28,330.17
2025-08-17 10:00:00,27.22,90.54,7.42,204.68
2025-08-17 11:00:00,26.78,92.2,7.01,119.35
2025-08-17 12:00:00,26.23,94.21,5.93,42.53
2025-08-17 13:00:00,25.78,95.22,5.36,5.25
2025-08-17 14:00:00,25.56,94.72,5.9,0.0
2025-08-17 15:00:00,25.41,94.67,5.64,0.0
2025-08-17 16:00:00,25.31,94.73,5.4,0.0
2025-08-17 17:00:00,25.27,94.67,5.38,0.0
2025-08-17 18:00:00,25.23,94.68,5.19,0.0
2025-08-17 19:00:00,25.17,94.94,5.01,0.0
2025-08-17 20:00:00,25.16,95.0,5.5,0.0
2025-08-17 21:00:00,25.17,94.91,5.85,0.0
2025-08-17 22:00:00,25.16,94.91,5.84,0.0
2025-08-17 23:00:00,25.16,94.69,5.82,0.0
2025-08-18 00:00:00,25.17,94.34,5.79,0.0
2025-08-18 01:00:00,25.35,94.02,5.9,31.65
2025-08-18 02:00:00,25.79,93.72,6.15,116.43
2025-08-18 03:00:00,26.18,93.33,6.72,220.02
2025-08-18 04:00:00,26.41,92.16,7.62,221.82
2025-08-18 05:00:00,26.5,91.8,8.24,200.35
2025-08-18 06:00:00,26.54,91.52,8.74,138.68
2025-08-18 07:00:00,26.6,91.33,9.15,143.75
2025-08-18 08:00:00,26.63,90.97,9.41,89.28
2025-08-18 09:00:00,26.52,91.24,9.23,68.82
2025-08-18 10:00:00,26.3,92.45,8.52,123.5
2025-08-18 11:00:00,25.97,93.39,8.04,60.33
2025-08-18 12:00:00,25.57,93.96,7.95,16.7
2025-08-18 13:00:00,25.27,94.1,7.56,3.8
2025-08-18 14:00:00,25.11,94.33,7.06,0.0
2025-08-18 15:00:00,24.99,94.77,6.42,0.0
2025-08-18 16:00:00,24.94,94.83,6.09,0.0
2025-08-18 17:00:00,24.9,94.94,5.84,0.0
2025-08-18 18:00:00,24.88,95.0,5.77,0.0
2025-08-18 19:00:00,24.85,95.12,5.79,0.0
2025-08-18 20:00:00,24.84,95.21,5.69,0.0
2025-08-18 21:00:00,24.87,94.99,5.58,0.0
2025-08-18 22:00:00,24.92,94.91,5.45,0.0
2025-08-18 23:00:00,24.97,94.95,5.31,0.0
2025-08-19 00:00:00,25.02,95.01,4.95,0.0
2025-08-19 01:00:00,25.41,94.45,4.93,14.57
2025-08-19 02:00:00,26.08,93.66,5.48,46.65
2025-08-19 03:00:00,26.48,92.87,6.42,87.85
2025-08-19 04:00:00,26.71,92.18,7.33,81.45
2025-08-19 05:00:00,26.84,91.41,8.3,51.78
2025-08-19 06:00:00,26.88,91.24,9.06,52.53
2025-08-19 07:00:00,26.81,91.67,9.45,86.47
2025-08-19 08:00:00,26.59,92.48,9.46,56.72
2025-08-19 09:00:00,26.35,93.43,9.15,62.17
2025-08-19 10:00:00,26.11,93.87,8.8,86.47
2025-08-19 11:00:00,25.8,93.71,8.6,57.17
2025-08-19 12:00:00,25.43,93.34,8.33,26.08
2025-08-19 13:00:00,25.1,93.34,8.0,3.25
2025-08-19 14:00:00,24.94,93.44,7.71,0.0
2025-08-19 15:00:00,24.87,93.5,7.55,0.0
2025-08-19 16:00:00,24.8,93.67,7.44,0.0
2025-08-19 17:00:00,24.75,93.65,7.35,0.0
2025-08-19 18:00:00,24.68,93.82,7.04,0.0
2025-08-19 19:00:00,24.62,93.86,6.84,0.0
2025-08-19 20:00:00,24.59,93.86,6.83,0.0
2025-08-19 21:00:00,24.54,94.08,6.84,0.0
2025-08-19 22:00:00,24.52,94.36,6.61,0.0
2025-08-19 23:00:00,24.54,94.31,6.53,0.0
2025-08-20 00:00:00,24.6,94.15,6.53,0.0
2025-08-20 01:00:00,24.85,93.75,6.64,29.52
2025-08-20 02:00:00,25.37,93.32,7.03,91.0
2025-08-20 03:00:00,25.99,92.23,8.09,144.45
2025-08-20 04:00:00,26.45,90.33,9.35,280.23
2025-08-20 05:00:00,26.83,88.93,10.02,300.7
2025-08-20 06:00:00,26.93,88.38,10.27,264.85
2025-08-20 07:00:00,26.9,88.25,10.32,191.02
2025-08-20 08:00:00,26.73,88.51,10.25,268.98
2025-08-20 09:00:00,26.73,87.99,10.09,233.43
2025-08-20 10:00:00,26.59,88.09,9.46,199.32
2025-08-20 11:00:00,26.31,89.57,8.3,117.05
2025-08-20 12:00:00,25.84,91.39,7.23,36.95
2025-08-20 13:00:00,25.3,92.93,6.4,5.72
2025-08-20 14:00:00,25.09,93.78,5.97,0.0
2025-08-20 15:00:00,25.04,94.19,5.74,0.0
2025-08-20 16:00:00,25.02,94.1,6.0,0.0
2025-08-20 17:00:00,24.95,93.97,6.15,0.0
2025-08-20 18:00:00,24.85,93.76,6.21,0.0
2025-08-20 19:00:00,24.78,93.49,6.29,0.0
2025-08-20 20:00:00,24.7,93.79,6.03,0.0
2025-08-20 21:00:00,24.65,94.12,5.58,0.0
2025-08-20 22:00:00,24.62,94.58,5.05,0.0
2025-08-20 23:00:00,24.63,94.76,4.79,0.0
2025-08-21 00:00:00,24.68,94.78,4.67,0.0
2025-08-21 01:00:00,25.16,93.88,5.06,35.28
2025-08-21 02:00:00,26.07,91.79,5.95,129.02
2025-08-21 03:00:00,26.85,88.39,7.41,273.12
2025-08-21 04:00:00,27.38,86.18,8.23,443.77
2025-08-21 05:00:00,27.75,85.34,8.52,527.62
2025-08-21 06:00:00,27.9,85.15,8.69,524.78
2025-08-21 07:00:00,27.95,84.95,8.76,625.55
2025-08-21 08:00:00,27.86,84.86,8.72,534.17
2025-08-21 09:00:00,27.67,84.89,8.42,536.5
2025-08-21 10:00:00,27.36,85.32,7.98,314.3
2025-08-21 11:00:00,26.89,86.84,7.21,187.43
2025-08-21 12:00:00,26.21,90.29,5.79,67.25
2025-08-21 13:00:00,25.52,93.0,4.94,6.25
2025-08-21 14:00:00,25.22,93.61,4.99,0.0
2025-08-21 15:00:00,25.1,93.9,4.93,0.0
2025-08-21 16:00:00,25.04,94.08,4.96,0.0
2025-08-21 17:00:00,24.99,94.3,4.82,0.0
2025-08-21 18:00:00,24.89,94.72,4.66,0.0
2025-08-21 19:00:00,24.83,94.71,4.62,0.0
2025-08-21 20:00:00,24.76,94.69,4.65,0.0
2025-08-21 21:00:00,24.63,94.71,4.6,0.0
2025-08-21 22:00:00,24.52,94.76,4.5,0.0
2025-08-21 23:00:00,24.46,94.75,4.4,0.0
2025-08-22 00:00:00,24.43,94.75,4.32,0.0
2025-08-22 01:00:00,24.98,93.81,4.55,51.72
2025-08-22 02:00:00,26.03,91.04,5.31,176.2
2025-08-22 03:00:00,26.89,87.13,6.6,351.15
2025-08-22 04:00:00,27.49,84.59,7.22,508.5
2025-08-22 05:00:00,27.88,83.38,7.62,655.15
2025-08-22 06:00:00,28.13,82.51,7.91,723.45
2025-08-22 07:00:00,28.19,82.2,8.03,749.0
2025-08-22 08:00:00,28.11,82.19,8.12,732.08
2025-08-22 09:00:00,27.86,82.59,8.09,643.33
2025-08-22 10:00:00,27.51,83.45,7.87,478.42
2025-08-22 11:00:00,26.99,85.33,7.36,259.8
2025-08-22 12:00:00,26.24,89.2,6.03,100.47
2025-08-22 13:00:00,25.4,92.5,4.9,7.12
2025-08-22 14:00:00,25.07,93.32,4.71,0.0
2025-08-22 15:00:00,24.93,93.67,4.52,0.0
2025-08-22 16:00:00,24.88,93.82,4.46,0.0
2025-08-22 17:00:00,24.85,93.58,4.74,0.0
2025-08-22 18:00:00,24.7,94.01,4.79,0.0
2025-08-22 19:00:00,24.6,94.28,4.9,0.0
2025-08-22 20:00:00,24.5,94.61,4.92,0.0
2025-08-22 21:00:00,24.51,94.15,4.97,0.0
2025-08-22 22:00:00,24.49,94.21,4.8,0.0
2025-08-22 23:00:00,24.48,94.35,4.72,0.0
2025-08-23 00:00:00,24.52,93.77,5.12,0.0
2025-08-23 01:00:00,25.02,92.1,5.64,37.17
2025-08-23 02:00:00,26.06,88.92,6.69,158.38
2025-08-23 03:00:00,26.88,85.18,7.53,375.77
2025-08-23 04:00:00,27.35,82.38,7.97,504.2
2025-08-23 05:00:00,27.65,81.45,8.13,569.28
2025-08-23 06:00:00,27.84,81.01,8.35,674.7
2025-08-23 07:00:00,27.89,81.05,8.53,697.15
2025-08-23 08:00:00,27.76,81.45,8.56,568.8
2025-08-23 09:00:00,27.53,82.14,8.47,612.5
2025-08-23 10:00:00,27.12,83.69,8.16,410.27
2025-08-23 11:00:00,26.56,86.34,7.39,241.57
2025-08-23 12:00:00,25.91,89.79,6.18,94.93
2025-08-23 13:00:00,25.22,92.46,5.1,6.15
2025-08-23 14:00:00,24.93,93.17,4.84,0.0
2025-08-23 15:00:00,24.81,93.44,4.63,0.0
2025-08-23 16:00:00,24.74,93.46,4.49,0.0
2025-08-23 17:00:00,24.7,93.22,4.79,0.0
2025-08-23 18:00:00,24.65,93.02,5.22,0.0
2025-08-23 19:00:00,24.58,92.93,5.4,0.0
2025-08-23 20:00:00,24.51,93.02,5.24,0.0
2025-08-23 21:00:00,24.37,93.41,5.07,0.0
2025-08-23 22:00:00,24.29,93.48,4.93,0.0
2025-08-23 23:00:00,24.27,93.5,4.83,0.0
2025-08-24 00:00:00,24.26,93.49,4.8,0.0
2025-08-24 01:00:00,24.76,92.3,5.44,33.6
2025-08-24 02:00:00,25.73,90.03,6.26,160.18
2025-08-24 03:00:00,26.66,86.31,7.25,344.42
2025-08-24 04:00:00,27.43,82.53,8.14,478.8
2025-08-24 05:00:00,27.99,80.32,8.58,718.62
2025-08-24 06:00:00,28.3,79.1,8.75,781.22
2025-08-24 07:00:00,28.39,78.57,8.8,786.17
2025-08-24 08:00:00,28.34,78.39,8.74,658.75
2025-08-24 09:00:00,28.07,78.91,8.45,609.15
2025-08-24 10:00:00,27.51,80.55,8.07,475.35
2025-08-24 11:00:00,26.73,83.7,7.34,245.73
2025-08-24 12:00:00,25.89,88.16,5.89,84.28
2025-08-24 13:00:00,25.12,91.29,5.17,5.55
2025-08-24 14:00:00,24.88,92.1,5.12,0.0
2025-08-24 15:00:00,24.8,92.63,4.79,0.0
2025-08-24 16:00:00,24.76,93.04,4.56,0.0
2025-08-24 17:00:00,24.73,93.21,4.54,0.0
2025-08-24 18:00:00,24.69,92.73,4.93,0.0
2025-08-24 19:00:00,24.6,92.98,4.81,0.0
2025-08-24 20:00:00,24.48,93.23,4.76,0.0
2025-08-24 21:00:00,24.39,93.77,4.63,0.0
2025-08-24 22:00:00,24.39,93.9,4.55,0.0
2025-08-24 23:00:00,24.39,93.9,4.59,0.0
2025-08-25 00:00:00,24.4,93.85,4.58,0.0
2025-08-25 01:00:00,24.65,93.01,4.92,19.95
2025-08-25 02:00:00,25.19,92.02,5.26,72.47
2025-08-25 03:00:00,25.84,90.5,5.96,126.3
2025-08-25 04:00:00,26.47,87.16,7.24,175.18
2025-08-25 05:00:00,26.87,84.76,7.94,205.45
2025-08-25 06:00:00,27.1,84.0,8.22,307.05
2025-08-25 07:00:00,27.28,83.62,8.42,280.83
2025-08-25 08:00:00,27.31,83.92,8.46,296.55
2025-08-25 09:00:00,27.24,84.29,8.31,194.52
2025-08-25 10:00:00,26.99,85.12,7.96,128.15
2025-08-25 11:00:00,26.49,87.3,7.21,68.72
2025-08-25 12:00:00,25.87,90.68,5.85,10.15
2025-08-25 13:00:00,25.14,93.71,4.55,2.22
2025-08-25 14:00:00,24.91,94.42,4.23,0.0
2025-08-25 15:00:00,24.84,94.77,3.93,0.0
2025-08-25 16:00:00,24.79,95.08,3.63,0.0
2025-08-25 17:00:00,24.75,95.3,3.52,0.0
2025-08-25 18:00:00,24.75,95.05,3.8,0.0
2025-08-25 19:00:00,24.69,95.27,3.77,0.0
2025-08-25 20:00:00,24.63,95.55,3.77,0.0
2025-08-25 21:00:00,24.64,95.5,3.86,0.0
2025-08-25 22:00:00,24.62,95.65,3.69,0.0
2025-08-25 23:00:00,24.59,95.69,3.43,0.0
2025-08-26 00:00:00,24.54,95.66,3.31,0.0
2025-08-26 01:00:00,25.14,94.41,3.81,17.1
2025-08-26 02:00:00,26.1,91.62,4.85,82.43
2025-08-26 03:00:00,26.81,88.06,6.0,215.38
2025-08-26 04:00:00,27.2,85.87,6.61,277.92
2025-08-26 05:00:00,27.57,84.61,7.15,341.33
2025-08-26 06:00:00,27.69,84.16,7.49,301.17
2025-08-26 07:00:00,27.59,84.27,7.62,226.8
2025-08-26 08:00:00,27.38,84.79,7.6,181.27
2025-08-26 09:00:00,27.02,85.86,7.39,166.4
2025-08-26 10:00:00,26.57,87.18,7.02,151.93
2025-08-26 11:00:00,26.03,89.27,6.27,84.32
2025-08-26 12:00:00,25.47,92.27,4.86,26.9
2025-08-26 13:00:00,24.89,95.06,3.49,2.45
2025-08-26 14:00:00,24.65,96.03,2.95,0.0
2025-08-26 15:00:00,24.53,96.55,2.57,0.0
2025-08-26 16:00:00,24.43,96.84,2.46,0.0
2025-08-26 17:00:00,24.33,97.03,2.47,0.0
2025-08-26 18:00:00,24.27,97.21,2.56,0.0
2025-08-26 19:00:00,24.26,97.24,2.69,0.0
2025-08-26 20:00:00,24.25,97.28,2.77,0.0
2025-08-26 21:00:00,24.23,97.34,2.75,0.0
2025-08-26 22:00:00,24.17,97.51,2.55,0.0
2025-08-26 23:00:00,24.1,97.58,2.34,0.0
2025-08-27 00:00:00,24.06,97.44,2.25,0.0
2025-08-27 01:00:00,24.92,95.77,2.39,22.58
2025-08-27 02:00:00,26.02,91.82,3.09,85.3
2025-08-27 03:00:00,26.87,88.12,3.36,183.3
2025-08-27 04:00:00,27.4,85.78,3.44,340.85
2025-08-27 05:00:00,27.46,85.4,3.59,447.83
2025-08-27 06:00:00,27.44,85.88,3.79,457.58
2025-08-27 07:00:00,27.48,86.13,3.84,476.23
2025-08-27 08:00:00,27.51,86.17,3.73,455.62
2025-08-27 09:00:00,27.51,86.31,3.61,359.8
2025-08-27 10:00:00,27.4,86.69,3.49,252.12
2025-08-27 11:00:00,26.98,88.55,3.32,136.0
2025-08-27 12:00:00,26.39,91.97,2.91,51.42
2025-08-27 13:00:00,25.67,95.3,2.27,4.1
2025-08-27 14:00:00,25.37,95.91,2.17,0.0
2025-08-27 15:00:00,25.19,96.31,2.06,0.0
2025-08-27 16:00:00,25.05,96.52,2.05,0.0
2025-08-27 17:00:00,24.93,96.71,2.15,0.0
2025-08-27 18:00:00,24.81,96.85,2.29,0.0
2025-08-27 19:00:00,24.72,96.85,2.43,0.0
2025-08-27 20:00:00,24.65,96.83,2.55,0.0
2025-08-27 21:00:00,24.6,96.83,2.67,0.0
2025-08-27 22:00:00,24.59,96.77,2.84,0.0
2025-08-27 23:00:00,24.55,96.88,2.84,0.0
2025-08-28 00:00:00,24.51,96.98,2.7,0.0
2025-08-28 01:00:00,25.21,95.79,3.06,36.4
2025-08-28 02:00:00,26.18,92.97,3.88,120.62
2025-08-28 03:00:00,26.95,89.88,4.36,210.65
2025-08-28 04:00:00,27.54,87.66,4.66,326.33
2025-08-28 05:00:00,28.06,85.69,4.95,370.1
2025-08-28 06:00:00,28.37,84.32,5.07,498.0
2025-08-28 07:00:00,28.45,83.48,5.0,488.15
2025-08-28 08:00:00,28.12,83.85,4.86,329.88
2025-08-28 09:00:00,27.45,86.77,4.58,325.48
2025-08-28 10:00:00,26.79,90.19,4.26,177.43
2025-08-28 11:00:00,26.37,92.64,3.78,100.72
2025-08-28 12:00:00,26.0,94.85,3.11,42.4
2025-08-28 13:00:00,25.52,96.52,2.37,1.92
2025-08-28 14:00:00,25.28,96.89,2.05,0.0
2025-08-28 15:00:00,25.13,97.03,1.9,0.0
2025-08-28 16:00:00,24.98,97.23,1.85,0.0
2025-08-28 17:00:00,24.82,97.39,1.86,0.0
2025-08-28 18:00:00,24.7,97.44,1.88,0.0
2025-08-28 19:00:00,24.57,97.58,1.89,0.0
2025-08-28 20:00:00,24.44,97.61,1.93,0.0
2025-08-28 21:00:00,24.34,97.63,1.99,0.0
2025-08-28 22:00:00,24.28,97.63,2.0,0.0
2025-08-28 23:00:00,24.21,97.63,1.95,0.0
2025-08-29 00:00:00,24.11,97.62,1.85,0.0
2025-08-29 01:00:00,24.95,95.97,1.78,19.35
2025-08-29 02:00:00,25.94,91.72,2.31,83.03
2025-08-29 03:00:00,26.72,88.47,2.65,180.02
2025-08-29 04:00:00,27.4,85.87,2.9,308.38
2025-08-29 05:00:00,28.09,83.11,3.35,376.85
2025-08-29 06:00:00,28.54,81.84,3.81,257.6
2025-08-29 07:00:00,28.73,81.53,4.05,211.65
2025-08-29 08:00:00,28.67,81.81,4.23,246.32
2025-08-29 09:00:00,28.52,81.74,4.15,373.05
2025-08-29 10:00:00,28.29,81.7,3.87,272.3
2025-08-29 11:00:00,27.83,82.89,3.4,139.95
2025-08-29 12:00:00,27.06,87.14,2.62,48.05
2025-08-29 13:00:00,26.01,92.75,1.94,2.78
2025-08-29 14:00:00,25.49,94.99,2.02,0.0
2025-08-29 15:00:00,25.24,95.96,2.35,0.0
2025-08-29 16:00:00,25.09,96.61,2.51,0.0
2025-08-29 17:00:00,24.97,97.12,2.22,0.0
2025-08-29 18:00:00,24.87,97.37,2.34,0.0
2025-08-29 19:00:00,24.81,97.49,2.55,0.0
2025-08-29 20:00:00,24.77,97.42,2.54,0.0
2025-08-29 21:00:00,24.68,97.56,2.47,0.0
2025-08-29 22:00:00,24.62,97.56,2.41,0.0
2025-08-29 23:00:00,24.57,97.52,2.36,0.0
2025-08-30 00:00:00,24.5,97.56,2.28,0.0
2025-08-30 01:00:00,25.1,96.37,2.64,26.0
2025-08-30 02:00:00,25.97,93.35,3.47,91.97
2025-08-30 03:00:00,26.85,90.02,3.91,162.7
2025-08-30 04:00:00,27.82,86.47,4.24,264.38
2025-08-30 05:00:00,28.48,83.72,4.61,327.25
2025-08-30 06:00:00,28.87,82.08,4.92,394.23
2025-08-30 07:00:00,29.06,81.32,5.07,529.42
2025-08-30 08:00:00,29.02,81.23,5.07,537.12
2025-08-30 09:00:00,28.86,81.64,5.02,453.67
2025-08-30 10:00:00,28.41,82.83,4.94,312.1
2025-08-30 11:00:00,27.68,85.44,4.76,187.7
2025-08-30 12:00:00,26.68,90.29,4.19,75.2
2025-08-30 13:00:00,25.77,94.86,3.21,4.32
2025-08-30 14:00:00,25.46,95.99,2.99,0.0
2025-08-30 15:00:00,25.32,96.41,2.81,0.0
2025-08-30 16:00:00,25.2,96.79,2.61,0.0
2025-08-30 17:00:00,25.08,96.94,2.59,0.0
2025-08-30 18:00:00,24.96,96.99,2.73,0.0
2025-08-30 19:00:00,24.86,96.95,3.0,0.0
2025-08-30 20:00:00,24.79,96.9,3.16,0.0
2025-08-30 21:00:00,24.72,96.92,3.09,0.0
2025-08-30 22:00:00,24.65,96.96,2.94,0.0
2025-08-30 23:00:00,24.56,97.16,2.72,0.0
2025-08-31 00:00:00,24.49,97.21,2.57,0.0
2025-08-31 01:00:00,25.17,95.79,3.01,31.02
2025-08-31 02:00:00,26.22,92.26,4.02,116.53
2025-08-31 03:00:00,27.15,88.72,4.58,217.65
2025-08-31 04:00:00,27.93,86.05,5.0,377.17
2025-08-31 05:00:00,28.5,84.03,5.4,510.27
2025-08-31 06:00:00,28.83,82.86,5.79,626.45
2025-08-31 07:00:00,28.99,82.0,6.14,545.58
2025-08-31 08:00:00,28.98,81.48,6.38,372.12
2025-08-31 09:00:00,28.69,81.87,6.37,308.77
2025-08-31 10:00:00,28.16,83.72,6.25,272.9
2025-08-31 11:00:00,27.3,87.44,5.91,137.27
2025-08-31 12:00:00,26.44,91.68,5.05,44.45
2025-08-31 13:00:00,25.7,95.15,3.73,3.47
2025-08-31 14:00:00,25.41,96.08,3.26,0.0
2025-08-31 15:00:00,25.23,96.43,3.02,0.0
2025-08-31 16:00:00,25.09,96.56,3.12,0.0
2025-08-31 17:00:00,24.95,96.59,3.22,0.0
2025-08-31 18:00:00,24.81,96.7,3.28,0.0
2025-08-31 19:00:00,24.72,96.56,3.5,0.0
2025-08-31 20:00:00,24.63,96.52,3.67,0.0
2025-08-31 21:00:00,24.55,96.44,3.49,0.0
2025-08-31 22:00:00,24.45,96.61,3.13,0.0
2025-08-31 23:00:00,24.38,96.68,2.94,0.0
2025-09-01 00:00:00,24.4,96.5,3.02,0.0
2025-09-01 01:00:00,25.08,94.95,3.57,24.2
2025-09-01 02:00:00,26.14,91.97,4.9,98.78
2025-09-01 03:00:00,26.96,88.33,6.16,193.95
2025-09-01 04:00:00,27.61,85.43,7.01,315.8
2025-09-01 05:00:00,28.02,83.71,7.55,349.6
2025-09-01 06:00:00,28.26,82.78,7.9,362.15
2025-09-01 07:00:00,28.28,82.75,7.99,384.33
2025-09-01 08:00:00,28.19,82.8,7.94,329.27
2025-09-01 09:00:00,27.77,83.86,7.87,259.52
2025-09-01 10:00:00,27.26,85.39,7.59,183.35
2025-09-01 11:00:00,26.62,88.18,6.77,95.5
2025-09-01 12:00:00,25.96,91.65,5.64,3.38
2025-09-01 13:00:00,25.41,93.96,4.69,1.7
2025-09-01 14:00:00,25.19,94.96,4.08,0.0
2025-09-01 15:00:00,25.07,95.36,3.81,0.0
2025-09-01 16:00:00,25.02,95.29,3.94,0.0
2025-09-01 17:00:00,24.93,95.39,4.11,0.0
2025-09-01 18:00:00,24.88,95.22,4.29,0.0
2025-09-01 19:00:00,24.84,94.78,4.63,0.0
2025-09-01 20:00:00,24.74,95.19,4.41,0.0
2025-09-01 21:00:00,24.73,95.15,4.39,0.0
2025-09-01 22:00:00,24.7,95.31,4.04,0.0
2025-09-01 23:00:00,24.66,95.76,3.4,0.0
2025-09-02 00:00:00,24.61,96.09,3.05,0.0
2025-09-02 01:00:00,25.17,94.98,3.47,25.83
2025-09-02 02:00:00,26.13,92.32,4.46,104.93
2025-09-02 03:00:00,26.88,88.87,5.27,209.95
2025-09-02 04:00:00,27.56,85.9,5.64,336.2
2025-09-02 05:00:00,27.92,84.44,5.98,466.9
2025-09-02 06:00:00,28.15,83.64,6.36,514.42
2025-09-02 07:00:00,28.25,82.97,6.61,557.0
2025-09-02 08:00:00,28.31,82.58,6.65,538.22
2025-09-02 09:00:00,28.08,82.92,6.53,517.62
2025-09-02 10:00:00,27.49,84.79,6.21,398.98
2025-09-02 11:00:00,26.81,87.15,5.56,208.38
2025-09-02 12:00:00,26.12,90.81,4.41,72.0
2025-09-02 13:00:00,25.31,94.71,3.11,3.17
2025-09-02 14:00:00,24.94,95.5,2.87,0.0
2025-09-02 15:00:00,24.72,96.01,2.59,0.0
2025-09-02 16:00:00,24.57,96.36,2.35,0.0
2025-09-02 17:00:00,24.5,96.51,2.26,0.0
2025-09-02 18:00:00,24.43,96.57,2.29,0.0
2025-09-02 19:00:00,24.37,96.55,2.55,0.0
2025-09-02 20:00:00,24.38,96.57,2.7,0.0
2025-09-02 21:00:00,24.38,96.62,2.85,0.0
2025-09-02 22:00:00,24.42,96.63,3.0,0.0
2025-09-02 23:00:00,24.46,96.72,3.06,0.0
2025-09-03 00:00:00,24.46,96.81,3.1,0.0
2025-09-03 01:00:00,25.02,95.6,3.71,33.67
2025-09-03 02:00:00,26.02,92.96,4.61,143.18
2025-09-03 03:00:00,26.97,88.77,5.28,309.33
2025-09-03 04:00:00,27.72,84.98,5.55,528.6
2025-09-03 05:00:00,28.15,82.92,5.55,672.33
2025-09-03 06:00:00,28.26,81.91,5.61,762.7
2025-09-03 07:00:00,28.16,81.71,5.6,687.0
2025-09-03 08:00:00,27.93,82.67,5.66,586.72
2025-09-03 09:00:00,27.71,83.64,5.71,453.02
2025-09-03 10:00:00,27.45,84.61,5.5,333.48
2025-09-03 11:00:00,26.95,86.62,5.04,183.57
2025-09-03 12:00:00,26.16,90.97,3.98,62.97
2025-09-03 13:00:00,25.4,94.62,3.05,2.7
2025-09-03 14:00:00,25.12,95.24,2.96,0.0
2025-09-03 15:00:00,24.97,95.61,2.73,0.0
2025-09-03 16:00:00,24.78,95.83,2.56,0.0
2025-09-03 17:00:00,24.58,96.03,2.47,0.0
2025-09-03 18:00:00,24.42,96.16,2.43,0.0
2025-09-03 19:00:00,24.26,96.2,2.41,0.0
2025-09-03 20:00:00,24.1,96.5,2.34,0.0
2025-09-03 21:00:00,24.01,96.72,2.35,0.0
2025-09-03 22:00:00,24.02,96.82,2.43,0.0
2025-09-03 23:00:00,24.09,96.59,2.57,0.0
2025-09-04 00:00:00,24.13,96.42,2.71,0.0
2025-09-04 01:00:00,24.58,95.53,3.08,18.4
2025-09-04 02:00:00,25.36,93.48,3.9,69.43
2025-09-04 03:00:00,25.98,90.58,4.44,123.53
2025-09-04 04:00:00,26.53,87.52,4.84,187.68
2025-09-04 05:00:00,27.01,85.5,5.12,192.1
2025-09-04 06:00:00,27.26,84.24,5.44,248.55
2025-09-04 07:00:00,27.26,84.05,5.69,212.38
2025-09-04 08:00:00,27.16,84.14,5.9,258.88
2025-09-04 09:00:00,26.93,84.89,6.05,212.48
2025-09-04 10:00:00,26.62,86.48,5.86,168.05
2025-09-04 11:00:00,26.17,89.33,5.15,87.43
2025-09-04 12:00:00,25.65,92.94,3.91,35.8
2025-09-04 13:00:00,25.03,95.63,2.92,1.85
2025-09-04 14:00:00,24.84,95.92,2.77,0.0
2025-09-04 15:00:00,24.75,95.94,2.58,0.0
2025-09-04 16:00:00,24.7,95.6,2.6,0.0
2025-09-04 17:00:00,24.68,95.16,2.89,0.0
2025-09-04 18:00:00,24.66,94.77,3.21,0.0
2025-09-04 19:00:00,24.64,94.62,3.49,0.0
2025-09-04 20:00:00,24.6,94.69,3.75,0.0
2025-09-04 21:00:00,24.57,94.83,3.79,0.0
2025-09-04 22:00:00,24.57,94.99,3.77,0.0
2025-09-04 23:00:00,24.55,95.28,3.66,0.0
2025-09-05 00:00:00,24.55,95.39,3.57,0.0
2025-09-05 01:00:00,25.06,94.62,3.74,20.58
2025-09-05 02:00:00,26.04,92.31,4.49,87.22
2025-09-05 03:00:00,26.89,88.86,5.62,201.35
2025-09-05 04:00:00,27.54,86.22,6.36,270.27
2025-09-05 05:00:00,28.01,84.65,6.76,337.73
2025-09-05 06:00:00,28.25,83.59,7.01,272.05
2025-09-05 07:00:00,28.29,82.94,7.08,313.0
2025-09-05 08:00:00,28.18,82.77,6.95,244.35
2025-09-05 09:00:00,27.91,83.41,6.68,271.5
2025-09-05 10:00:00,27.51,84.4,6.24,174.9
2025-09-05 11:00:00,26.91,86.87,5.61,109.62
2025-09-05 12:00:00,26.13,90.99,4.49,42.0
2025-09-05 13:00:00,25.38,94.41,3.4,1.83
2025-09-05 14:00:00,25.11,95.23,3.08,0.0
2025-09-05 15:00:00,25.0,95.82,2.76,0.0
2025-09-05 16:00:00,24.94,96.09,2.81,0.0
2025-09-05 17:00:00,24.88,96.32,2.93,0.0
2025-09-05 18:00:00,24.84,96.45,3.02,0.0
2025-09-05 19:00:00,24.81,96.41,3.22,0.0
2025-09-05 20:00:00,24.76,96.33,3.39,0.0
2025-09-05 21:00:00,24.67,96.47,3.22,0.0
2025-09-05 22:00:00,24.6,96.42,3.02,0.0
2025-09-05 23:00:00,24.55,96.44,2.91,0.0
2025-09-06 00:00:00,24.52,96.52,2.88,0.0
2025-09-06 01:00:00,24.76,96.15,3.19,8.23
2025-09-06 02:00:00,25.25,95.3,3.84,39.17
2025-09-06 03:00:00,25.67,94.52,4.63,73.55
2025-09-06 04:00:00,26.03,93.04,5.55,93.25
2025-09-06 05:00:00,26.29,91.88,6.24,115.93
2025-09-06 06:00:00,26.45,90.89,6.78,151.32
2025-09-06 07:00:00,26.51,90.28,7.06,107.7
2025-09-06 08:00:00,26.52,89.89,7.06,113.55
2025-09-06 09:00:00,26.5,90.01,6.83,162.02
2025-09-06 10:00:00,26.33,91.08,6.34,136.6
2025-09-06 11:00:00,26.01,93.07,5.49,79.03
2025-09-06 12:00:00,25.65,95.1,4.52,31.27
2025-09-06 13:00:00,25.3,96.03,4.02,0.0
2025-09-06 14:00:00,25.16,96.06,4.07,0.0
2025-09-06 15:00:00,25.05,96.06,3.99,0.0
2025-09-06 16:00:00,24.93,96.05,4.07,0.0
2025-09-06 17:00:00,24.79,96.0,4.05,0.0
2025-09-06 18:00:00,24.65,96.0,4.08,0.0
2025-09-06 19:00:00,24.55,95.91,4.02,0.0
2025-09-06 20:00:00,24.44,96.08,3.81,0.0
2025-09-06 21:00:00,24.34,96.35,3.52,0.0
2025-09-06 22:00:00,24.24,96.52,3.37,0.0
2025-09-06 23:00:00,24.19,96.58,3.35,0.0
2025-09-07 00:00:00,24.16,96.76,3.26,0.0
2025-09-07 01:00:00,24.67,95.88,3.67,10.27
2025-09-07 02:00:00,25.62,93.91,4.68,37.95
2025-09-07 03:00:00,26.44,91.0,5.66,96.53
2025-09-07 04:00:00,27.15,88.42,6.18,169.32
2025-09-07 05:00:00,27.65,86.52,6.54,299.45
2025-09-07 06:00:00,27.96,85.16,6.77,387.8
2025-09-07 07:00:00,28.18,84.0,6.9,470.33
2025-09-07 08:00:00,28.26,83.26,6.93,472.27
2025-09-07 09:00:00,28.11,83.26,6.82,419.42
2025-09-07 10:00:00,27.73,84.07,6.59,219.45
2025-09-07 11:00:00,27.1,86.63,6.06,116.05
2025-09-07 12:00:00,26.28,90.77,4.92,36.8
2025-09-07 13:00:00,25.4,94.48,3.73,0.0
2025-09-07 14:00:00,25.06,95.15,3.52,0.0
2025-09-07 15:00:00,24.83,95.42,3.21,0.0
2025-09-07 16:00:00,24.59,95.87,2.8,0.0
2025-09-07 17:00:00,24.41,95.93,2.7,0.0
2025-09-07 18:00:00,24.22,96.21,2.66,0.0
2025-09-07 19:00:00,24.06,96.6,2.53,0.0
2025-09-07 20:00:00,23.91,96.89,2.42,0.0
2025-09-07 21:00:00,23.77,97.24,2.39,0.0
2025-09-07 22:00:00,23.68,97.32,2.42,0.0
2025-09-07 23:00:00,23.64,97.31,2.51,0.0
2025-09-08 00:00:00,23.61,97.36,2.64,0.0
2025-09-08 01:00:00,24.3,96.03,3.22,37.0
2025-09-08 02:00:00,25.51,92.96,4.26,155.57
2025-09-08 03:00:00,26.62,88.82,4.81,313.27
2025-09-08 04:00:00,27.35,85.66,5.17,392.17
2025-09-08 05:00:00,27.9,83.56,5.44,523.3
2025-09-08 06:00:00,28.17,82.3,5.67,615.0
2025-09-08 07:00:00,28.3,81.46,5.87,793.5
2025-09-08 08:00:00,28.22,81.05,6.01,650.05
2025-09-08 09:00:00,27.91,81.41,5.94,578.65
2025-09-08 10:00:00,27.46,82.47,5.63,405.67
2025-09-08 11:00:00,26.85,84.7,5.04,233.45
2025-09-08 12:00:00,26.04,89.26,3.83,85.25
2025-09-08 13:00:00,25.05,94.37,2.4,0.0
2025-09-08 14:00:00,24.62,95.48,1.99,0.0
2025-09-08 15:00:00,24.34,95.81,1.76,0.0
2025-09-08 16:00:00,24.07,96.0,1.69,0.0
2025-09-08 17:00:00,23.79,96.45,1.74,0.0
2025-09-08 18:00:00,23.48,97.25,1.88,0.0
2025-09-08 19:00:00,23.22,97.85,1.97,0.0
2025-09-08 20:00:00,22.98,98.39,2.01,0.0
2025-09-08 21:00:00,22.79,98.49,2.04,0.0
2025-09-08 22:00:00,22.65,98.47,2.01,0.0
2025-09-08 23:00:00,22.51,98.54,2.0,0.0
2025-09-09 00:00:00,22.41,98.39,2.0,0.0
2025-09-09 01:00:00,23.34,96.96,1.95,37.72
2025-09-09 02:00:00,25.14,90.99,2.59,167.55
2025-09-09 03:00:00,26.49,85.33,2.84,400.1
2025-09-09 04:00:00,27.5,81.35,2.99,596.7
2025-09-09 05:00:00,28.23,78.88,3.1,742.83
2025-09-09 06:00:00,28.71,77.38,3.23,818.1
2025-09-09 07:00:00,28.96,76.63,3.38,812.92
2025-09-09 08:00:00,29.0,76.43,3.58,803.95
2025-09-09 09:00:00,28.82,76.53,3.74,675.17
2025-09-09 10:00:00,28.31,77.86,3.84,492.65
2025-09-09 11:00:00,27.39,81.54,3.82,274.45
2025-09-09 12:00:00,26.3,87.0,3.3,85.47
2025-09-09 13:00:00,25.13,92.97,2.37,0.0
2025-09-09 14:00:00,24.68,94.31,2.05,0.0
2025-09-09 15:00:00,24.4,94.69,1.84,0.0
2025-09-09 16:00:00,24.22,94.59,1.66,0.0
2025-09-09 17:00:00,24.11,93.94,1.44,0.0
2025-09-09 18:00:00,24.05,93.13,1.23,0.0
2025-09-09 19:00:00,23.97,92.63,1.05,0.0
2025-09-09 20:00:00,23.82,92.72,0.88,0.0
2025-09-09 21:00:00,23.71,92.82,0.7,0.0
2025-09-09 22:00:00,23.63,92.79,0.5,0.0
2025-09-09 23:00:00,23.82,89.95,0.32,0.0
2025-09-10 00:00:00,23.88,88.39,0.31,0.0
2025-09-10 01:00:00,24.11,89.84,0.44,50.1
2025-09-10 02:00:00,25.12,86.0,0.67,228.88
2025-09-10 03:00:00,26.37,79.7,0.99,452.0
2025-09-10 04:00:00,27.6,76.06,1.26,654.62
2025-09-10 05:00:00,28.62,73.65,1.65,795.85
2025-09-10 06:00:00,29.28,72.44,2.18,865.2
2025-09-10 07:00:00,29.61,71.96,2.76,797.38
2025-09-10 08:00:00,29.6,72.21,3.29,808.78
2025-09-10 09:00:00,29.26,73.25,3.76,680.05
2025-09-10 10:00:00,28.59,75.25,4.07,498.6
2025-09-10 11:00:00,27.66,79.03,4.11,254.82
2025-09-10 12:00:00,26.51,84.95,3.52,76.32
2025-09-10 13:00:00,25.17,91.87,2.58,0.0
2025-09-10 14:00:00,24.68,93.45,2.34,0.0
2025-09-10 15:00:00,24.32,94.29,2.15,0.0
2025-09-10 16:00:00,24.01,94.83,1.95,0.0
2025-09-10 17:00:00,23.78,95.03,1.76,0.0
2025-09-10 18:00:00,23.56,95.27,1.65,0.0
2025-09-10 19:00:00,23.32,95.89,1.62,0.0
2025-09-10 20:00:00,23.15,96.36,1.59,0.0
2025-09-10 21:00:00,23.13,95.98,1.49,0.0
2025-09-10 22:00:00,23.21,94.78,1.38,0.0
2025-09-10 23:00:00,23.32,93.63,1.26,0.0
2025-09-11 00:00:00,23.46,92.39,1.08,0.0
2025-09-11 01:00:00,24.11,91.64,0.76,46.03
2025-09-11 02:00:00,25.98,82.98,0.71,205.75
2025-09-11 03:00:00,27.28,76.91,1.02,420.55
2025-09-11 04:00:00,28.21,74.33,1.55,594.72
2025-09-11 05:00:00,28.89,73.01,2.18,745.53
2025-09-11 06:00:00,29.27,72.96,2.84,845.88
2025-09-11 07:00:00,29.35,73.56,3.39,781.97
2025-09-11 08:00:00,29.22,74.19,3.79,731.1
2025-09-11 09:00:00,28.95,74.62,4.14,554.33
2025-09-11 10:00:00,28.45,76.24,4.28,435.88
2025-09-11 11:00:00,27.74,79.47,4.21,233.62
2025-09-11 12:00:00,26.67,85.69,3.73,68.35
2025-09-11 13:00:00,25.43,92.55,2.87,0.0
2025-09-11 14:00:00,25.03,94.24,2.7,0.0
2025-09-11 15:00:00,24.82,94.94,2.48,0.0
2025-09-11 16:00:00,24.66,95.28,2.26,0.0
2025-09-11 17:00:00,24.49,95.57,2.15,0.0
2025-09-11 18:00:00,24.36,95.64,2.1,0.0
2025-09-11 19:00:00,24.19,95.87,2.05,0.0
2025-09-11 20:00:00,24.03,96.03,2.01,0.0
2025-09-11 21:00:00,23.89,96.11,1.92,0.0
2025-09-11 22:00:00,23.76,96.03,1.81,0.0
2025-09-11 23:00:00,23.62,96.07,1.76,0.0
2025-09-12 00:00:00,23.48,96.32,1.79,0.0
2025-09-12 01:00:00,24.17,95.18,1.67,37.22
2025-09-12 02:00:00,25.67,88.16,2.23,174.68
2025-09-12 03:00:00,26.78,83.07,2.5,373.23
2025-09-12 04:00:00,27.57,80.35,2.6,554.2
2025-09-12 05:00:00,28.38,76.96,2.66,640.33
2025-09-12 06:00:00,29.02,74.11,2.86,693.7
2025-09-12 07:00:00,29.24,73.11,3.22,705.58
2025-09-12 08:00:00,29.1,73.21,3.49,536.2
2025-09-12 09:00:00,28.77,74.11,3.71,402.92
2025-09-12 10:00:00,28.3,75.81,3.79,266.08
2025-09-12 11:00:00,27.67,79.37,3.5,142.7
2025-09-12 12:00:00,26.61,85.3,2.95,45.15
2025-09-12 13:00:00,25.59,91.75,2.34,0.0
2025-09-12 14:00:00,25.23,93.41,2.29,0.0
2025-09-12 15:00:00,24.99,94.41,2.17,0.0
2025-09-12 16:00:00,24.81,94.99,1.99,0.0
2025-09-12 17:00:00,24.64,95.34,1.89,0.0
2025-09-12 18:00:00,24.47,95.7,1.84,0.0
2025-09-12 19:00:00,24.32,95.93,1.8,0.0
2025-09-12 20:00:00,24.13,96.25,1.79,0.0
2025-09-12 21:00:00,23.95,96.51,1.78,0.0
2025-09-12 22:00:00,23.8,96.65,1.82,0.0
2025-09-12 23:00:00,23.67,96.72,1.82,0.0
2025-09-13 00:00:00,23.59,96.65,1.76,0.0
2025-09-13 01:00:00,24.26,95.64,1.71,27.98
2025-09-13 02:00:00,25.55,90.89,2.02,121.5
2025-09-13 03:00:00,26.43,85.47,2.34,252.43
2025-09-13 04:00:00,27.04,81.81,2.58,276.92
2025-09-13 05:00:00,27.62,79.54,2.71,319.75
2025-09-13 06:00:00,27.92,78.53,3.03,365.73
2025-09-13 07:00:00,28.18,77.93,3.42,338.17
2025-09-13 08:00:00,28.36,78.1,3.98,340.23
2025-09-13 09:00:00,28.28,78.86,4.38,239.68
2025-09-13 10:00:00,27.69,81.69,4.29,156.73
2025-09-13 11:00:00,26.92,86.07,3.88,84.47
2025-09-13 12:00:00,26.22,90.48,3.16,17.35
2025-09-13 13:00:00,25.45,94.01,2.46,0.0
2025-09-13 14:00:00,25.19,94.79,2.28,0.0
2025-09-13 15:00:00,25.01,95.47,2.07,0.0
2025-09-13 16:00:00,24.82,96.13,1.95,0.0
2025-09-13 17:00:00,24.64,96.7,1.9,0.0
2025-09-13 18:00:00,24.47,97.17,1.9,0.0
2025-09-13 19:00:00,24.34,97.61,1.94,0.0
2025-09-13 20:00:00,24.31,97.67,2.01,0.0
2025-09-13 21:00:00,24.29,97.74,2.07,0.0
2025-09-13 22:00:00,24.25,97.71,2.14,0.0
2025-09-13 23:00:00,24.2,97.78,2.17,0.0
2025-09-14 00:00:00,24.14,97.88,2.12,0.0
2025-09-14 01:00:00,24.49,97.14,2.21,22.65
2025-09-14 02:00:00,25.24,94.85,3.03,89.3
2025-09-14 03:00:00,26.0,90.77,3.09,194.6
2025-09-14 04:00:00,26.92,85.58,3.1,319.02
2025-09-14 05:00:00,27.9,80.61,3.26,312.77
2025-09-14 06:00:00,28.81,76.4,3.35,354.95
2025-09-14 07:00:00,29.46,74.02,3.43,314.92
2025-09-14 08:00:00,29.63,73.68,3.65,289.88
2025-09-14 09:00:00,29.33,75.23,4.03,166.75
2025-09-14 10:00:00,28.72,78.87,4.34,79.05
2025-09-14 11:00:00,27.96,83.25,4.37,52.3
2025-09-14 12:00:00,26.97,88.78,4.01,17.45
2025-09-14 13:00:00,26.05,93.0,3.51,0.0
2025-09-14 14:00:00,25.75,94.16,3.43,0.0
2025-09-14 15:00:00,25.56,94.86,3.25,0.0
2025-09-14 16:00:00,25.39,95.32,3.1,0.0
2025-09-14 17:00:00,25.25,95.71,3.06,0.0
2025-09-14 18:00:00,25.15,95.99,3.1,0.0
2025-09-14 19:00:00,25.1,96.12,3.3,0.0
2025-09-14 20:00:00,25.1,96.14,3.63,0.0
2025-09-14 21:00:00,25.08,96.2,3.8,0.0
2025-09-14 22:00:00,25.05,96.2,3.88,0.0
2025-09-14 23:00:00,25.03,96.08,4.02,0.0
2025-09-15 00:00:00,25.04,95.81,4.22,0.0
2025-09-15 01:00:00,25.19,95.57,4.17,6.6
2025-09-15 02:00:00,25.93,94.27,4.19,26.88
2025-09-15 03:00:00,26.44,92.29,4.31,57.88
2025-09-15 04:00:00,26.67,90.82,4.74,69.75
2025-09-15 05:00:00,26.89,89.7,5.28,99.6
2025-09-15 06:00:00,27.1,88.7,5.75,80.35
2025-09-15 07:00:00,27.22,87.95,6.04,108.85
2025-09-15 08:00:00,27.15,87.98,6.09,83.07
2025-09-15 09:00:00,26.9,88.62,5.82,87.88
2025-09-15 10:00:00,26.62,89.73,5.26,103.57
2025-09-15 11:00:00,26.3,91.85,4.36,62.78
2025-09-15 12:00:00,25.91,94.47,3.25,22.55
2025-09-15 13:00:00,25.4,96.17,2.42,0.0
2025-09-15 14:00:00,25.16,96.47,2.22,0.0
2025-09-15 15:00:00,24.98,96.77,2.01,0.0
2025-09-15 16:00:00,24.79,97.1,1.83,0.0
2025-09-15 17:00:00,24.64,97.31,1.7,0.0
2025-09-15 18:00:00,24.5,97.27,1.58,0.0
2025-09-15 19:00:00,24.36,97.35,1.57,0.0
2025-09-15 20:00:00,24.24,97.48,1.61,0.0
2025-09-15 21:00:00,24.18,97.51,1.65,0.0
2025-09-15 22:00:00,24.14,97.51,1.73,0.0
2025-09-15 23:00:00,24.14,97.38,1.76,0.0
2025-09-16 00:00:00,24.18,96.9,1.61,0.0
2025-09-16 01:00:00,24.76,96.22,1.37,28.15
2025-09-16 02:00:00,25.87,92.56,1.9,131.93
2025-09-16 03:00:00,26.59,88.81,2.29,261.38
2025-09-16 04:00:00,27.34,85.79,2.37,413.67
2025-09-16 05:00:00,27.93,83.82,2.67,538.6
2025-09-16 06:00:00,28.3,82.48,3.06,573.5
2025-09-16 07:00:00,28.5,81.59,3.44,592.9
2025-09-16 08:00:00,28.44,81.45,3.76,484.17
2025-09-16 09:00:00,27.9,83.47,3.88,335.45
2025-09-16 10:00:00,27.21,87.06,3.69,278.5
2025-09-16 11:00:00,26.61,90.16,3.26,152.57
2025-09-16 12:00:00,26.1,92.67,2.59,44.55
2025-09-16 13:00:00,25.5,95.7,1.89,0.0
2025-09-16 14:00:00,25.24,96.34,1.78,0.0
2025-09-16 15:00:00,25.07,96.64,1.63,0.0
2025-09-16 16:00:00,24.94,96.77,1.47,0.0
2025-09-16 17:00:00,24.76,97.11,1.42,0.0
2025-09-16 18:00:00,24.6,97.49,1.49,0.0
2025-09-16 19:00:00,24.48,97.66,1.57,0.0
2025-09-16 20:00:00,24.39,97.64,1.6,0.0
2025-09-16 21:00:00,24.33,97.63,1.61,0.0
2025-09-16 22:00:00,24.29,97.49,1.56,0.0
2025-09-16 23:00:00,24.27,97.14,1.46,0.0
2025-09-17 00:00:00,24.3,96.55,1.32,0.0
2025-09-17 01:00:00,24.8,96.23,1.13,25.62
2025-09-17 02:00:00,26.0,90.84,1.44,114.0
2025-09-17 03:00:00,26.89,86.59,1.36,245.15
2025-09-17 04:00:00,27.74,82.73,1.37,381.55
2025-09-17 05:00:00,28.31,80.77,1.5,491.3
2025-09-17 06:00:00,28.93,79.04,1.69,544.97
2025-09-17 07:00:00,29.35,77.79,1.97,582.75
2025-09-17 08:00:00,29.51,77.34,2.3,524.33
2025-09-17 09:00:00,29.4,78.05,2.77,427.12
2025-09-17 10:00:00,28.8,80.91,3.37,348.65
2025-09-17 11:00:00,27.97,84.97,3.66,188.48
2025-09-17 12:00:00,26.97,90.1,3.27,53.35
2025-09-17 13:00:00,26.13,94.36,2.54,0.0
2025-09-17 14:00:00,25.83,95.57,2.31,0.0
2025-09-17 15:00:00,25.63,96.01,2.14,0.0
2025-09-17 16:00:00,25.43,96.42,2.02,0.0
2025-09-17 17:00:00,25.27,96.56,1.96,0.0
2025-09-17 18:00:00,25.11,96.8,1.95,0.0
2025-09-17 19:00:00,25.0,96.88,1.94,0.0
2025-09-17 20:00:00,24.86,97.01,1.94,0.0
2025-09-17 21:00:00,24.74,97.05,1.93,0.0
2025-09-17 22:00:00,24.64,97.05,1.92,0.0
2025-09-17 23:00:00,24.54,97.0,1.9,0.0
2025-09-18 00:00:00,24.46,96.71,1.86,0.0
2025-09-18 01:00:00,25.04,95.95,1.73,37.88
2025-09-18 02:00:00,26.26,91.34,2.28,155.15
2025-09-18 03:00:00,27.15,86.95,2.49,323.85
2025-09-18 04:00:00,27.85,83.93,2.68,443.83
2025-09-18 05:00:00,28.54,81.24,3.06,477.35
2025-09-18 06:00:00,28.94,79.84,3.52,534.25
2025-09-18 07:00:00,29.04,79.53,3.96,596.22
2025-09-18 08:00:00,28.95,79.68,4.29,596.05
2025-09-18 09:00:00,28.62,80.61,4.47,457.15
2025-09-18 10:00:00,28.19,82.12,4.4,334.4
2025-09-18 11:00:00,27.54,85.44,3.98,165.57
2025-09-18 12:00:00,26.72,89.88,3.15,41.4
2025-09-18 13:00:00,25.88,94.36,2.28,0.0
2025-09-18 14:00:00,25.6,95.24,2.02,0.0
2025-09-18 15:00:00,25.39,95.77,1.85,0.0
2025-09-18 16:00:00,25.21,96.16,1.73,0.0
2025-09-18 17:00:00,25.02,96.51,1.66,0.0
2025-09-18 18:00:00,24.85,96.91,1.64,0.0
2025-09-18 19:00:00,24.72,97.22,1.67,0.0
2025-09-18 20:00:00,24.64,97.48,1.71,0.0
2025-09-18 21:00:00,24.56,97.55,1.75,0.0
2025-09-18 22:00:00,24.49,97.54,1.78,0.0
2025-09-18 23:00:00,24.44,97.5,1.77,0.0
2025-09-19 00:00:00,24.4,97.47,1.74,0.0
2025-09-19 01:00:00,24.85,97.04,1.62,15.82
2025-09-19 02:00:00,25.87,93.76,1.97,83.82
2025-09-19 03:00:00,26.55,89.34,1.9,175.27
2025-09-19 04:00:00,27.13,85.87,1.48,338.73
2025-09-19 05:00:00,27.62,83.04,1.56,521.58
2025-09-19 06:00:00,27.8,82.94,2.39,566.0
2025-09-19 07:00:00,27.77,83.7,3.07,511.65
2025-09-19 08:00:00,27.56,84.7,3.42,395.75
2025-09-19 09:00:00,27.31,85.87,3.58,359.12
2025-09-19 10:00:00,26.97,87.37,3.64,268.1
2025-09-19 11:00:00,26.52,89.75,3.38,141.75
2025-09-19 12:00:00,25.97,92.68,2.66,38.55
2025-09-19 13:00:00,25.36,95.72,1.86,0.0
2025-09-19 14:00:00,25.14,96.28,1.67,0.0
2025-09-19 15:00:00,25.03,96.42,1.49,0.0
2025-09-19 16:00:00,24.93,96.34,1.4,0.0
2025-09-19 17:00:00,24.78,96.49,1.42,0.0
2025-09-19 18:00:00,24.63,96.61,1.5,0.0
2025-09-19 19:00:00,24.45,96.81,1.61,0.0
2025-09-19 20:00:00,24.25,96.95,1.69,0.0
2025-09-19 21:00:00,24.0,97.15,1.73,0.0
2025-09-19 22:00:00,23.88,96.98,1.7,0.0
2025-09-19 23:00:00,23.83,96.74,1.66,0.0
2025-09-20 00:00:00,23.78,96.72,1.64,0.0
2025-09-20 01:00:00,24.32,96.43,1.55,36.0
2025-09-20 02:00:00,25.62,92.37,1.98,173.95
2025-09-20 03:00:00,26.39,88.4,2.25,350.9
2025-09-20 04:00:00,27.04,85.74,2.44,523.5
2025-09-20 05:00:00,27.48,84.33,2.72,702.35
2025-09-20 06:00:00,27.63,84.09,3.01,740.6
2025-09-20 07:00:00,27.71,84.01,3.37,616.28
2025-09-20 08:00:00,27.63,83.97,3.67,657.5
2025-09-20 09:00:00,27.53,84.13,3.88,557.72
2025-09-20 10:00:00,27.25,85.13,3.94,420.77
2025-09-20 11:00:00,26.79,87.3,3.73,219.48
2025-09-20 12:00:00,26.1,91.29,2.98,53.58
2025-09-20 13:00:00,25.37,95.28,1.98,0.0
2025-09-20 14:00:00,25.1,96.0,1.77,0.0
2025-09-20 15:00:00,24.89,96.27,1.62,0.0
2025-09-20 16:00:00,24.79,96.07,1.52,0.0
2025-09-20 17:00:00,24.65,96.25,1.51,0.0
2025-09-20 18:00:00,24.53,96.38,1.55,0.0
2025-09-20 19:00:00,24.42,96.64,1.59,0.0
2025-09-20 20:00:00,24.36,96.7,1.57,0.0
2025-09-20 21:00:00,24.37,96.38,1.47,0.0
2025-09-20 22:00:00,24.37,96.06,1.38,0.0
2025-09-20 23:00:00,24.38,95.67,1.33,0.0
2025-09-21 00:00:00,24.44,95.13,1.26,0.0
2025-09-21 01:00:00,24.72,95.24,1.08,12.85
2025-09-21 02:00:00,25.83,92.38,1.2,50.8
2025-09-21 03:00:00,26.64,87.47,1.43,92.03
2025-09-21 04:00:00,27.63,83.97,1.82,265.77
2025-09-21 05:00:00,28.54,81.35,2.49,367.9
2025-09-21 06:00:00,29.04,80.34,3.23,514.45
2025-09-21 07:00:00,29.17,80.43,3.89,456.67
2025-09-21 08:00:00,29.09,80.98,4.37,377.73
2025-09-21 09:00:00,28.85,81.72,4.77,302.83
2025-09-21 10:00:00,28.27,84.12,5.11,190.88
2025-09-21 11:00:00,27.43,88.13,4.98,98.55
2025-09-21 12:00:00,26.55,92.46,4.18,23.62
2025-09-21 13:00:00,25.83,95.43,3.05,0.0
2025-09-21 14:00:00,25.55,96.04,2.71,0.0
2025-09-21 15:00:00,25.36,96.42,2.29,0.0
2025-09-21 16:00:00,25.2,96.58,1.97,0.0
2025-09-21 17:00:00,25.04,96.69,1.78,0.0
2025-09-21 18:00:00,24.88,96.88,1.73,0.0
2025-09-21 19:00:00,24.75,96.96,1.82,0.0
2025-09-21 20:00:00,24.67,96.99,1.97,0.0
2025-09-21 21:00:00,24.6,96.89,1.94,0.0
2025-09-21 22:00:00,24.53,96.64,1.8,0.0
2025-09-21 23:00:00,24.48,96.32,1.63,0.0
2025-09-22 00:00:00,24.48,95.62,1.46,0.0
2025-09-22 01:00:00,24.85,95.95,1.42,23.88
2025-09-22 02:00:00,25.81,93.38,2.07,97.93
2025-09-22 03:00:00,26.37,90.43,2.82,129.4
2025-09-22 04:00:00,26.91,87.92,3.45,247.2
2025-09-22 05:00:00,27.51,85.71,3.9,298.1
2025-09-22 06:00:00,27.76,84.55,4.47,270.52
2025-09-22 07:00:00,27.79,84.25,5.1,168.88
2025-09-22 08:00:00,27.53,84.73,5.6,252.82
2025-09-22 09:00:00,27.08,86.32,5.74,203.6
2025-09-22 10:00:00,26.59,88.49,5.47,179.98
2025-09-22 11:00:00,26.15,91.15,4.73,96.5
2025-09-22 12:00:00,25.69,93.75,3.73,25.6
2025-09-22 13:00:00,25.21,95.2,3.18,0.0
2025-09-22 14:00:00,25.04,95.46,3.06,0.0
2025-09-22 15:00:00,24.9,95.83,2.79,0.0
2025-09-22 16:00:00,24.74,96.22,2.58,0.0
2025-09-22 17:00:00,24.57,96.65,2.35,0.0
2025-09-22 18:00:00,24.4,96.98,2.22,0.0
2025-09-22 19:00:00,24.25,97.18,2.17,0.0
2025-09-22 20:00:00,24.09,97.32,2.16,0.0
2025-09-22 21:00:00,23.93,97.42,2.16,0.0
2025-09-22 22:00:00,23.79,97.46,2.12,0.0
2025-09-22 23:00:00,23.64,97.45,2.01,0.0
2025-09-23 00:00:00,23.48,97.13,1.91,0.0
2025-09-23 01:00:00,23.95,96.49,1.61,23.92
2025-09-23 02:00:00,25.44,91.07,1.79,112.43
2025-09-23 03:00:00,26.3,85.78,2.08,230.48
2025-09-23 04:00:00,26.92,83.52,2.29,256.17
2025-09-23 05:00:00,27.5,81.56,2.69,387.02
2025-09-23 06:00:00,27.9,80.39,3.16,488.65
2025-09-23 07:00:00,28.01,80.18,3.59,530.05
2025-09-23 08:00:00,27.95,80.61,3.97,492.35
2025-09-23 09:00:00,27.75,80.95,4.26,461.83
2025-09-23 10:00:00,27.35,81.98,4.39,349.45
2025-09-23 11:00:00,26.72,84.0,4.27,176.43
2025-09-23 12:00:00,25.74,89.11,3.47,45.1
2025-09-23 13:00:00,24.81,93.73,2.52,0.0
2025-09-23 14:00:00,24.53,94.45,2.28,0.0
2025-09-23 15:00:00,24.31,95.1,2.09,0.0
2025-09-23 16:00:00,24.12,95.64,1.95,0.0
2025-09-23 17:00:00,23.92,96.0,1.92,0.0
2025-09-23 18:00:00,23.75,96.25,1.98,0.0
2025-09-23 19:00:00,23.6,96.46,1.99,0.0
2025-09-23 20:00:00,23.45,96.76,2.01,0.0
2025-09-23 21:00:00,23.37,96.73,2.06,0.0
2025-09-23 22:00:00,23.33,96.51,2.02,0.0
2025-09-23 23:00:00,23.29,96.27,1.92,0.0
2025-09-24 00:00:00,23.31,95.69,1.8,0.0
2025-09-24 01:00:00,23.93,95.36,1.58,30.15
2025-09-24 02:00:00,25.71,89.99,1.93,142.2
2025-09-24 03:00:00,26.73,84.69,2.3,320.4
2025-09-24 04:00:00,27.73,80.64,2.27,438.08
2025-09-24 05:00:00,28.54,77.18,2.36,558.62
2025-09-24 06:00:00,29.03,75.43,2.73,679.28
2025-09-24 07:00:00,29.27,74.61,3.28,747.2
2025-09-24 08:00:00,29.2,75.06,3.79,532.1
2025-09-24 09:00:00,28.9,76.21,4.18,570.2
2025-09-24 10:00:00,28.34,77.98,4.33,400.45
2025-09-24 11:00:00,27.53,81.43,4.16,191.82
2025-09-24 12:00:00,26.41,87.67,3.35,44.0
2025-09-24 13:00:00,25.23,93.34,2.45,0.0
2025-09-24 14:00:00,24.92,94.01,2.27,0.0
2025-09-24 15:00:00,24.72,94.23,2.08,0.0
2025-09-24 16:00:00,24.54,94.2,1.99,0.0
2025-09-24 17:00:00,24.41,94.0,1.94,0.0
2025-09-24 18:00:00,24.31,93.6,1.91,0.0
2025-09-24 19:00:00,24.19,93.34,1.88,0.0
2025-09-24 20:00:00,24.09,93.11,1.84,0.0
2025-09-24 21:00:00,24.01,92.89,1.8,0.0
2025-09-24 22:00:00,23.95,92.52,1.75,0.0
2025-09-24 23:00:00,23.93,91.86,1.67,0.0
2025-09-25 00:00:00,23.93,91.27,1.56,0.0
2025-09-25 01:00:00,24.35,92.26,1.36,36.75
2025-09-25 02:00:00,25.87,87.26,1.59,187.05
2025-09-25 03:00:00,26.85,80.68,1.84,398.75
2025-09-25 04:00:00,27.65,77.85,1.92,569.42
2025-09-25 05:00:00,28.3,75.89,2.03,736.53
2025-09-25 06:00:00,28.74,74.68,2.23,806.12
2025-09-25 07:00:00,28.92,74.6,2.53,840.1
2025-09-25 08:00:00,28.83,75.31,2.8,797.4
2025-09-25 09:00:00,28.59,76.2,3.07,658.65
2025-09-25 10:00:00,28.18,77.49,3.21,489.52
2025-09-25 11:00:00,27.51,79.94,3.18,256.5
2025-09-25 12:00:00,26.46,85.72,2.68,56.65
2025-09-25 13:00:00,25.22,92.61,2.05,0.0
2025-09-25 14:00:00,24.83,93.65,1.93,0.0
2025-09-25 15:00:00,24.67,93.56,1.78,0.0
2025-09-25 16:00:00,24.52,93.26,1.7,0.0
2025-09-25 17:00:00,24.36,93.18,1.72,0.0
2025-09-25 18:00:00,24.23,93.36,1.79,0.0
2025-09-25 19:00:00,24.14,93.65,1.81,0.0
2025-09-25 20:00:00,24.02,94.26,1.77,0.0
2025-09-25 21:00:00,23.9,94.57,1.74,0.0
2025-09-25 22:00:00,23.86,94.21,1.65,0.0
2025-09-25 23:00:00,23.95,93.26,1.49,0.0
2025-09-26 00:00:00,24.08,92.39,1.35,0.0
2025-09-26 01:00:00,24.45,93.3,1.26,37.72
2025-09-26 02:00:00,25.97,88.51,1.78,177.45
2025-09-26 03:00:00,26.96,82.35,2.3,339.85
2025-09-26 04:00:00,27.77,79.09,2.45,467.73
2025-09-26 05:00:00,28.39,76.7,2.55,540.75
2025-09-26 06:00:00,28.74,75.69,2.7,606.38
2025-09-26 07:00:00,28.94,75.26,2.93,612.33
2025-09-26 08:00:00,28.92,75.63,3.2,552.5
2025-09-26 09:00:00,28.71,76.19,3.28,374.0
2025-09-26 10:00:00,28.38,77.33,3.25,225.85
2025-09-26 11:00:00,27.72,81.39,2.96,113.22
2025-09-26 12:00:00,26.76,85.91,2.75,22.85
2025-09-26 13:00:00,25.72,92.22,2.19,0.0
2025-09-26 14:00:00,25.37,93.59,2.08,0.0
2025-09-26 15:00:00,25.12,94.42,2.0,0.0
2025-09-26 16:00:00,24.83,94.95,1.96,0.0
2025-09-26 17:00:00,24.62,95.12,1.97,0.0
2025-09-26 18:00:00,24.53,95.34,2.0,0.0
2025-09-26 19:00:00,24.47,95.57,2.03,0.0
2025-09-26 20:00:00,24.44,95.67,2.05,0.0
2025-09-26 21:00:00,24.39,95.75,2.11,0.0
2025-09-26 22:00:00,24.36,95.76,2.25,0.0
2025-09-26 23:00:00,24.42,95.61,2.46,0.0
2025-09-27 00:00:00,24.52,95.46,2.52,0.0
2025-09-27 01:00:00,24.85,95.22,2.46,15.45
2025-09-27 02:00:00,25.85,93.11,3.15,59.4
2025-09-27 03:00:00,26.55,91.22,3.98,85.2
2025-09-27 04:00:00,27.22,88.48,4.65,304.83
2025-09-27 05:00:00,27.85,85.67,5.06,439.5
2025-09-27 06:00:00,28.21,84.39,5.3,509.85
2025-09-27 07:00:00,28.41,83.78,5.53,599.42
2025-09-27 08:00:00,28.32,84.42,5.7,622.47
2025-09-27 09:00:00,27.89,86.51,5.48,512.4
2025-09-27 10:00:00,27.45,88.98,5.0,276.17
2025-09-27 11:00:00,27.03,91.83,4.5,144.18
2025-09-27 12:00:00,26.47,94.23,4.03,32.67
2025-09-27 13:00:00,25.95,95.06,4.22,0.0
2025-09-27 14:00:00,25.75,95.16,4.54,0.0
2025-09-27 15:00:00,25.62,95.52,4.45,0.0
2025-09-27 16:00:00,25.53,95.89,4.34,0.0
2025-09-27 17:00:00,25.45,96.32,4.27,0.0
2025-09-27 18:00:00,25.4,96.5,4.31,0.0
2025-09-27 19:00:00,25.37,96.54,4.45,0.0
2025-09-27 20:00:00,25.33,96.55,4.5,0.0
2025-09-27 21:00:00,25.31,96.5,4.64,0.0
2025-09-27 22:00:00,25.33,96.7,4.69,0.0
2025-09-27 23:00:00,25.41,96.69,4.82,0.0
2025-09-28 00:00:00,25.54,96.4,5.71,0.0
2025-09-28 01:00:00,25.67,96.43,6.07,5.9
2025-09-28 02:00:00,26.0,95.9,6.39,20.15
2025-09-28 03:00:00,26.19,94.67,7.12,34.17
2025-09-28 04:00:00,26.02,92.77,7.79,54.75
2025-09-28 05:00:00,26.04,93.04,7.66,56.65
2025-09-28 06:00:00,25.99,92.43,8.11,61.72
2025-09-28 07:00:00,25.88,91.84,8.42,62.5
2025-09-28 08:00:00,25.76,91.81,8.35,58.05
2025-09-28 09:00:00,25.6,92.41,7.82,54.92
2025-09-28 10:00:00,25.39,92.94,7.26,35.38
2025-09-28 11:00:00,25.14,93.44,6.72,20.45
2025-09-28 12:00:00,24.89,93.93,6.36,5.22
2025-09-28 13:00:00,24.76,93.94,6.36,0.0
2025-09-28 14:00:00,24.79,93.76,6.96,0.0
2025-09-28 15:00:00,24.74,94.12,7.12,0.0
2025-09-28 16:00:00,24.68,94.21,7.48,0.0
2025-09-28 17:00:00,24.57,94.4,7.61,0.0
2025-09-28 18:00:00,24.46,94.99,7.45,0.0
2025-09-28 19:00:00,24.4,95.53,7.31,0.0
2025-09-28 20:00:00,24.34,95.74,7.55,0.0
2025-09-28 21:00:00,24.28,95.71,7.77,0.0
2025-09-28 22:00:00,24.26,95.66,7.77,0.0
2025-09-28 23:00:00,24.28,95.63,7.95,0.0
2025-09-29 00:00:00,24.3,95.49,8.26,0.0
2025-09-29 01:00:00,24.33,95.3,8.39,15.2
2025-09-29 02:00:00,24.59,94.88,8.39,57.78
2025-09-29 03:00:00,25.08,94.19,8.34,102.82
2025-09-29 04:00:00,25.53,92.42,9.05,196.38
2025-09-29 05:00:00,25.8,90.72,9.54,280.8
2025-09-29 06:00:00,26.0,89.39,9.57,436.6
2025-09-29 07:00:00,26.07,88.33,9.46,482.8
2025-09-29 08:00:00,26.03,87.95,9.05,388.3
2025-09-29 09:00:00,25.93,88.25,8.23,324.42
2025-09-29 10:00:00,25.82,88.59,7.28,233.68
2025-09-29 11:00:00,25.62,89.43,6.22,117.32
2025-09-29 12:00:00,25.05,91.4,4.92,23.62
2025-09-29 13:00:00,24.26,93.07,4.07,0.0
2025-09-29 14:00:00,24.02,93.11,3.86,0.0
2025-09-29 15:00:00,23.85,93.28,3.81,0.0
2025-09-29 16:00:00,23.71,93.51,3.83,0.0
2025-09-29 17:00:00,23.62,93.64,3.98,0.0
2025-09-29 18:00:00,23.52,93.96,4.06,0.0
2025-09-29 19:00:00,23.45,94.36,4.09,0.0
2025-09-29 20:00:00,23.4,94.68,4.16,0.0
2025-09-29 21:00:00,23.37,94.85,4.13,0.0
2025-09-29 22:00:00,23.33,95.11,3.97,0.0
2025-09-29 23:00:00,23.26,95.52,3.94,0.0
2025-09-30 00:00:00,23.22,95.79,3.78,0.0
2025-09-30 01:00:00,23.57,95.58,3.98,33.38
2025-09-30 02:00:00,24.86,93.86,4.91,173.52
2025-09-30 03:00:00,26.15,89.75,5.7,385.85
2025-09-30 04:00:00,27.13,85.51,6.55,535.0
2025-09-30 05:00:00,27.71,82.94,7.03,656.58
2025-09-30 06:00:00,28.02,81.71,7.29,677.42
2025-09-30 07:00:00,28.08,81.38,7.41,707.17
2025-09-30 08:00:00,27.99,81.34,7.38,629.7
2025-09-30 09:00:00,27.72,81.51,7.23,507.25
2025-09-30 10:00:00,27.32,82.43,6.89,353.55
2025-09-30 11:00:00,26.8,85.14,5.98,150.88
2025-09-30 12:00:00,25.94,90.08,4.43,29.2
2025-09-30 13:00:00,24.94,93.43,3.5,0.0
2025-09-30 14:00:00,24.64,94.33,3.36,0.0
2025-09-30 15:00:00,24.41,94.98,3.33,0.0
2025-09-30 16:00:00,24.26,95.12,3.53,0.0
2025-09-30 17:00:00,24.16,94.98,3.87,0.0
2025-09-30 18:00:00,24.07,95.22,4.05,0.0
2025-09-30 19:00:00,23.94,95.82,3.97,0.0
2025-09-30 20:00:00,23.87,96.04,3.91,0.0
2025-09-30 21:00:00,23.85,95.88,3.94,0.0
2025-09-30 22:00:00,23.84,96.03,3.94,0.0
2025-09-30 23:00:00,23.83,96.24,3.91,0.0
2025-10-01 00:00:00,23.82,96.37,3.77,0.0
2025-10-01 01:00:00,24.05,96.15,3.84,31.98
2025-10-01 02:00:00,25.14,94.19,4.72,174.6
2025-10-01 03:00:00,26.26,89.5,5.67,362.62
2025-10-01 04:00:00,27.17,85.1,6.24,516.5
2025-10-01 05:00:00,27.79,82.43,6.6,678.53
2025-10-01 06:00:00,28.18,80.93,6.79,739.67
2025-10-01 07:00:00,28.37,80.4,6.84,813.67
2025-10-01 08:00:00,28.36,80.45,6.85,735.38
2025-10-01 09:00:00,28.13,81.17,6.71,526.28
2025-10-01 10:00:00,27.73,82.51,6.38,269.92
2025-10-01 11:00:00,27.13,85.31,5.61,123.43
2025-10-01 12:00:00,26.25,90.39,4.16,20.92
2025-10-01 13:00:00,25.29,94.39,3.15,0.0
2025-10-01 14:00:00,25.06,95.12,3.22,0.0
2025-10-01 15:00:00,24.95,95.51,3.62,0.0
2025-10-01 16:00:00,24.86,95.95,3.91,0.0
2025-10-01 17:00:00,24.74,96.46,4.05,0.0
2025-10-01 18:00:00,24.63,96.79,3.96,0.0
2025-10-01 19:00:00,24.46,97.14,3.6,0.0
2025-10-01 20:00:00,24.37,97.16,3.58,0.0
2025-10-01 21:00:00,24.3,97.24,3.44,0.0
2025-10-01 22:00:00,24.17,97.45,3.08,0.0
2025-10-01 23:00:00,24.07,97.56,2.89,0.0
2025-10-02 00:00:00,23.98,97.64,2.81,0.0
2025-10-02 01:00:00,24.35,97.11,3.2,17.58
2025-10-02 02:00:00,25.55,94.33,4.39,87.4
2025-10-02 03:00:00,26.54,89.28,5.08,151.93
2025-10-02 04:00:00,27.41,85.33,5.5,278.92
2025-10-02 05:00:00,28.04,82.41,5.75,379.45
2025-10-02 06:00:00,28.4,81.15,5.9,461.02
2025-10-02 07:00:00,28.59,80.42,5.94,585.75
2025-10-02 08:00:00,28.58,80.11,5.93,574.88
2025-10-02 09:00:00,28.33,80.81,5.84,439.88
2025-10-02 10:00:00,27.93,82.14,5.63,340.9
2025-10-02 11:00:00,27.31,84.85,5.13,161.0
2025-10-02 12:00:00,26.32,90.43,3.98,27.23
2025-10-02 13:00:00,25.36,94.47,3.18,0.0
2025-10-02 14:00:00,25.11,95.26,3.3,0.0
2025-10-02 15:00:00,24.96,95.73,3.37,0.0
2025-10-02 16:00:00,24.81,96.13,3.27,0.0
2025-10-02 17:00:00,24.7,96.21,3.29,0.0
2025-10-02 18:00:00,24.53,96.51,3.12,0.0
2025-10-02 19:00:00,24.37,96.84,2.94,0.0
2025-10-02 20:00:00,24.2,97.11,2.65,0.0
2025-10-02 21:00:00,24.02,97.39,2.41,0.0
2025-10-02 22:00:00,23.85,97.58,2.28,0.0
2025-10-02 23:00:00,23.73,97.66,2.25,0.0
2025-10-03 00:00:00,23.63,97.71,2.27,0.0
2025-10-03 01:00:00,24.05,97.17,2.4,36.47
2025-10-03 02:00:00,25.45,94.27,3.28,191.6
2025-10-03 03:00:00,26.8,87.99,3.38,380.52
2025-10-03 04:00:00,27.89,83.01,3.53,581.88
2025-10-03 05:00:00,28.72,79.5,3.58,677.83
2025-10-03 06:00:00,29.25,77.56,3.68,755.15
2025-10-03 07:00:00,29.49,76.82,3.83,773.12
2025-10-03 08:00:00,29.48,76.81,3.98,672.67
2025-10-03 09:00:00,29.22,77.49,4.1,510.7
2025-10-03 10:00:00,28.76,78.82,4.1,351.33
2025-10-03 11:00:00,28.04,81.72,3.83,173.15
2025-10-03 12:00:00,26.91,88.0,3.01,32.55
2025-10-03 13:00:00,25.63,94.15,2.14,0.0
2025-10-03 14:00:00,25.22,95.27,2.0,0.0
2025-10-03 15:00:00,25.05,95.66,1.81,0.0
2025-10-03 16:00:00,24.91,95.74,1.61,0.0
2025-10-03 17:00:00,24.81,95.25,1.44,0.0
2025-10-03 18:00:00,24.69,95.06,1.32,0.0
2025-10-03 19:00:00,24.5,95.34,1.29,0.0
2025-10-03 20:00:00,24.27,95.9,1.31,0.0
2025-10-03 21:00:00,24.01,96.52,1.39,0.0
2025-10-03 22:00:00,23.74,97.06,1.54,0.0
2025-10-03 23:00:00,23.5,97.41,1.71,0.0
2025-10-04 00:00:00,23.33,97.58,1.83,0.0
2025-10-04 01:00:00,23.81,97.28,1.83,36.83
2025-10-04 02:00:00,25.59,92.23,2.52,211.38
2025-10-04 03:00:00,26.72,86.57,2.61,444.45
2025-10-04 04:00:00,27.79,81.49,2.5,637.92
2025-10-04 05:00:00,28.62,77.54,2.51,761.1
2025-10-04 06:00:00,29.05,76.23,2.61,834.17
2025-10-04 07:00:00,29.24,76.01,2.84,796.97
2025-10-04 08:00:00,29.19,76.42,3.18,726.62
2025-10-04 09:00:00,28.91,77.33,3.5,580.42
2025-10-04 10:00:00,28.26,79.93,3.78,389.73
2025-10-04 11:00:00,27.22,84.44,3.87,191.6
2025-10-04 12:00:00,26.13,89.98,3.35,31.88
2025-10-04 13:00:00,25.26,94.52,2.54,0.0
2025-10-04 14:00:00,24.98,95.63,2.27,0.0
2025-10-04 15:00:00,24.74,96.32,2.01,0.0
2025-10-04 16:00:00,24.57,96.52,1.87,0.0
2025-10-04 17:00:00,24.41,96.72,1.8,0.0
2025-10-04 18:00:00,24.25,96.84,1.77,0.0
2025-10-04 19:00:00,24.09,97.16,1.77,0.0
2025-10-04 20:00:00,23.96,97.24,1.78,0.0
2025-10-04 21:00:00,23.82,97.37,1.77,0.0
2025-10-04 22:00:00,23.7,97.32,1.75,0.0
2025-10-04 23:00:00,23.58,97.12,1.7,0.0
2025-10-05 00:00:00,23.51,96.76,1.64,0.0
2025-10-05 01:00:00,23.92,96.36,1.5,31.38
2025-10-05 02:00:00,25.5,91.3,1.9,167.3
2025-10-05 03:00:00,26.48,86.12,2.18,344.25
2025-10-05 04:00:00,27.47,82.05,2.32,495.23
2025-10-05 05:00:00,28.34,78.8,2.65,623.5
2025-10-05 06:00:00,28.92,77.04,3.08,718.15
2025-10-05 07:00:00,29.19,75.7,3.51,778.58
2025-10-05 08:00:00,29.19,75.44,3.9,667.58
2025-10-05 09:00:00,28.83,76.47,4.2,533.97
2025-10-05 10:00:00,28.22,78.59,4.37,375.05
2025-10-05 11:00:00,27.33,82.88,4.18,181.98
2025-10-05 12:00:00,26.15,89.52,3.35,29.65
2025-10-05 13:00:00,25.09,94.5,2.48,0.0
2025-10-05 14:00:00,24.89,95.05,2.27,0.0
2025-10-05 15:00:00,24.75,95.27,2.08,0.0
2025-10-05 16:00:00,24.55,95.63,1.95,0.0
2025-10-05 17:00:00,24.38,95.89,1.89,0.0
2025-10-05 18:00:00,24.15,96.21,1.88,0.0
2025-10-05 19:00:00,23.94,96.28,1.87,0.0
2025-10-05 20:00:00,23.67,96.53,1.89,0.0
2025-10-05 21:00:00,23.37,96.51,1.88,0.0
2025-10-05 22:00:00,23.24,96.43,1.83,0.0
2025-10-05 23:00:00,23.19,96.31,1.77,0.0
2025-10-06 00:00:00,23.13,96.04,1.7,0.0
2025-10-06 01:00:00,23.52,95.82,1.56,44.0
2025-10-06 02:00:00,25.24,90.46,1.9,231.43
2025-10-06 03:00:00,26.18,83.76,2.33,447.42
2025-10-06 04:00:00,27.12,80.1,2.56,644.03
2025-10-06 05:00:00,27.84,77.57,2.8,787.33
2025-10-06 06:00:00,28.21,76.59,3.14,864.05
2025-10-06 07:00:00,28.29,76.86,3.47,855.7
2025-10-06 08:00:00,28.22,77.23,3.7,792.5
2025-10-06 09:00:00,28.01,77.89,3.8,647.97
2025-10-06 10:00:00,27.67,78.93,3.74,454.7
2025-10-06 11:00:00,27.11,81.15,3.49,233.38
2025-10-06 12:00:00,26.09,87.39,2.65,38.5
2025-10-06 13:00:00,24.95,93.33,2.0,0.0
2025-10-06 14:00:00,24.7,93.99,1.94,0.0
2025-10-06 15:00:00,24.49,94.55,1.81,0.0
2025-10-06 16:00:00,24.29,94.83,1.63,0.0
2025-10-06 17:00:00,24.15,94.61,1.49,0.0
2025-10-06 18:00:00,24.03,94.41,1.38,0.0
2025-10-06 19:00:00,23.88,94.52,1.33,0.0
2025-10-06 20:00:00,23.73,94.74,1.3,0.0
2025-10-06 21:00:00,23.6,94.91,1.26,0.0
2025-10-06 22:00:00,23.55,94.92,1.14,0.0
2025-10-06 23:00:00,23.53,94.83,0.97,0.0
2025-10-07 00:00:00,23.57,94.55,0.82,0.0
2025-10-07 01:00:00,23.88,94.67,0.79,37.47
2025-10-07 02:00:00,25.49,89.71,0.84,200.25
2025-10-07 03:00:00,26.73,83.1,0.92,400.42
2025-10-07 04:00:00,27.66,79.47,1.19,553.62
2025-10-07 05:00:00,28.55,76.55,1.74,675.58
2025-10-07 06:00:00,29.06,74.77,2.39,736.65
2025-10-07 07:00:00,29.29,74.21,3.01,594.42
2025-10-07 08:00:00,29.31,74.1,3.54,652.67
2025-10-07 09:00:00,29.05,74.52,4.01,484.9
2025-10-07 10:00:00,28.53,76.27,4.28,401.45
2025-10-07 11:00:00,27.58,81.19,4.22,184.6
2025-10-07 12:00:00,26.35,88.15,3.49,29.38
2025-10-07 13:00:00,25.11,93.94,2.63,0.0
2025-10-07 14:00:00,24.74,95.05,2.44,0.0
2025-10-07 15:00:00,24.46,95.74,2.19,0.0
2025-10-07 16:00:00,24.19,96.11,2.02,0.0
2025-10-07 17:00:00,23.93,96.38,1.91,0.0
2025-10-07 18:00:00,23.7,96.49,1.83,0.0
2025-10-07 19:00:00,23.47,96.81,1.79,0.0
2025-10-07 20:00:00,23.21,97.35,1.81,0.0
2025-10-07 21:00:00,22.92,98.25,1.83,0.0
2025-10-07 22:00:00,22.7,98.66,1.86,0.0
2025-10-07 23:00:00,22.55,98.56,1.92,0.0
2025-10-08 00:00:00,22.4,98.48,2.01,0.0
2025-10-08 01:00:00,22.81,97.55,2.07,38.6
2025-10-08 02:00:00,24.4,93.19,2.81,217.15
2025-10-08 03:00:00,26.0,86.16,2.7,434.62
2025-10-08 04:00:00,27.45,79.49,2.54,632.42
2025-10-08 05:00:00,28.76,73.52,2.08,778.97
2025-10-08 06:00:00,29.9,68.84,1.73,852.22
2025-10-08 07:00:00,30.56,66.75,2.06,840.88
2025-10-08 08:00:00,30.72,66.97,2.81,773.9
2025-10-08 09:00:00,30.47,68.36,3.52,632.25
2025-10-08 10:00:00,29.81,71.67,3.96,452.65
2025-10-08 11:00:00,28.85,77.28,3.86,224.77
2025-10-08 12:00:00,27.38,84.7,3.34,30.27
2025-10-08 13:00:00,25.97,90.88,2.93,0.0
2025-10-08 14:00:00,25.46,92.4,2.93,0.0
2025-10-08 15:00:00,25.02,93.58,2.87,0.0
2025-10-08 16:00:00,24.56,94.39,2.78,0.0
2025-10-08 17:00:00,24.08,95.15,2.66,0.0
2025-10-08 18:00:00,23.63,95.31,2.53,0.0
2025-10-08 19:00:00,23.25,95.15,2.55,0.0
2025-10-08 20:00:00,22.93,94.75,2.69,0.0
2025-10-08 21:00:00,22.62,94.45,2.85,0.0
2025-10-08 22:00:00,22.33,94.13,2.96,0.0
2025-10-08 23:00:00,22.02,94.15,3.09,0.0
2025-10-09 00:00:00,21.73,94.12,3.2,0.0
2025-10-09 01:00:00,21.85,93.26,3.55,39.45
2025-10-09 02:00:00,23.24,89.05,4.34,220.45
2025-10-09 03:00:00,24.94,84.77,3.69,450.2
2025-10-09 04:00:00,27.37,72.16,3.11,635.08
2025-10-09 05:00:00,29.24,64.47,2.13,782.38
2025-10-09 06:00:00,30.6,59.67,0.79,851.55
2025-10-09 07:00:00,31.29,57.93,0.82,838.38
2025-10-09 08:00:00,31.21,59.49,1.85,755.83
2025-10-09 09:00:00,30.84,61.42,2.54,618.6
2025-10-09 10:00:00,30.39,63.66,2.8,422.4
2025-10-09 11:00:00,29.82,65.08,2.75,204.35
2025-10-09 12:00:00,27.91,75.06,2.6,30.17
2025-10-09 13:00:00,25.79,84.26,2.61,0.0
2025-10-09 14:00:00,24.99,85.78,2.74,0.0
2025-10-09 15:00:00,24.34,87.15,2.78,0.0
2025-10-09 16:00:00,23.74,88.48,2.79,0.0
2025-10-09 17:00:00,23.24,89.35,2.81,0.0
2025-10-09 18:00:00,22.82,89.8,2.86,0.0
2025-10-09 19:00:00,22.45,89.87,2.98,0.0
2025-10-09 20:00:00,22.12,89.79,3.17,0.0
2025-10-09 21:00:00,21.78,89.98,3.33,0.0
2025-10-09 22:00:00,21.43,90.43,3.48,0.0
2025-10-09 23:00:00,21.13,90.8,3.63,0.0
2025-10-10 00:00:00,20.93,90.83,3.76,0.0
2025-10-10 01:00:00,21.1,90.08,4.06,37.83
2025-10-10 02:00:00,22.47,85.97,4.78,220.93
2025-10-10 03:00:00,24.23,83.51,4.0,378.38
2025-10-10 04:00:00,26.95,73.78,3.56,598.12
2025-10-10 05:00:00,29.23,64.04,2.95,784.53
2025-10-10 06:00:00,30.66,58.86,1.65,857.47
2025-10-10 07:00:00,31.57,55.25,0.38,847.6
2025-10-10 08:00:00,31.72,55.74,1.09,784.12
2025-10-10 09:00:00,31.26,58.59,2.03,620.83
2025-10-10 10:00:00,30.79,61.34,2.55,437.17
2025-10-10 11:00:00,30.24,62.03,2.81,209.6
2025-10-10 12:00:00,27.95,75.04,2.72,25.05
2025-10-10 13:00:00,25.86,83.09,2.81,0.0
2025-10-10 14:00:00,25.09,84.62,2.92,0.0
2025-10-10 15:00:00,24.47,86.12,2.89,0.0
2025-10-10 16:00:00,23.9,87.38,2.81,0.0
2025-10-10 17:00:00,23.42,87.97,2.77,0.0
2025-10-10 18:00:00,22.98,88.07,2.81,0.0
2025-10-10 19:00:00,22.6,87.84,2.92,0.0
2025-10-10 20:00:00,22.22,87.55,3.15,0.0
2025-10-10 21:00:00,21.82,87.45,3.45,0.0
2025-10-10 22:00:00,21.4,87.56,3.78,0.0
2025-10-10 23:00:00,21.01,87.63,4.1,0.0
2025-10-11 00:00:00,20.68,87.68,4.34,0.0
2025-10-11 01:00:00,20.69,86.79,4.67,37.97
2025-10-11 02:00:00,22.08,82.26,5.34,216.95
2025-10-11 03:00:00,23.92,79.86,4.61,442.6
2025-10-11 04:00:00,26.56,74.93,3.75,641.12
2025-10-11 05:00:00,29.22,61.18,3.16,781.22
2025-10-11 06:00:00,30.75,54.71,1.46,857.6
2025-10-11 07:00:00,31.45,52.63,0.91,836.17
2025-10-11 08:00:00,31.38,54.85,1.72,774.33
2025-10-11 09:00:00,31.01,57.84,2.35,630.75
2025-10-11 10:00:00,30.77,59.7,2.47,433.55
2025-10-11 11:00:00,30.37,60.3,2.48,210.65
2025-10-11 12:00:00,28.09,73.81,2.39,25.2
2025-10-11 13:00:00,25.87,82.14,2.62,0.0
2025-10-11 14:00:00,25.08,83.76,2.73,0.0
2025-10-11 15:00:00,24.45,85.16,2.74,0.0
2025-10-11 16:00:00,23.85,86.37,2.71,0.0
2025-10-11 17:00:00,23.28,87.44,2.7,0.0
2025-10-11 18:00:00,22.78,88.05,2.71,0.0
2025-10-11 19:00:00,22.38,88.19,2.83,0.0
2025-10-11 20:00:00,22.03,88.08,3.03,0.0
2025-10-11 21:00:00,21.65,88.05,3.32,0.0
2025-10-11 22:00:00,21.24,88.05,3.75,0.0
2025-10-11 23:00:00,20.83,87.97,4.29,0.0
2025-10-12 00:00:00,20.45,87.81,4.82,0.0
2025-10-12 01:00:00,20.27,87.19,5.22,39.38
2025-10-12 02:00:00,21.47,82.81,5.68,228.43
2025-10-12 03:00:00,23.45,79.24,5.1,413.88
2025-10-12 04:00:00,26.21,71.75,4.83,649.67
2025-10-12 05:00:00,28.43,62.49,4.46,791.85
2025-10-12 06:00:00,29.87,58.61,3.41,866.08
2025-10-12 07:00:00,30.84,56.53,2.43,857.55
2025-10-12 08:00:00,31.25,56.05,2.03,785.9
2025-10-12 09:00:00,31.22,56.77,2.08,639.62
2025-10-12 10:00:00,31.05,58.39,2.17,452.8
2025-10-12 11:00:00,30.73,57.99,2.31,219.52
2025-10-12 12:00:00,28.38,73.28,2.17,26.38
2025-10-12 13:00:00,26.21,79.24,2.45,0.0
2025-10-12 14:00:00,25.43,81.26,2.55,0.0
2025-10-12 15:00:00,24.76,82.76,2.54,0.0
2025-10-12 16:00:00,24.12,83.68,2.58,0.0
2025-10-12 17:00:00,23.44,84.4,2.76,0.0
2025-10-12 18:00:00,22.82,84.55,2.99,0.0
2025-10-12 19:00:00,22.28,84.35,3.22,0.0
2025-10-12 20:00:00,21.75,84.41,3.45,0.0
2025-10-12 21:00:00,21.25,84.57,3.67,0.0
2025-10-12 22:00:00,20.76,84.95,3.91,0.0
2025-10-12 23:00:00,20.32,85.25,4.15,0.0
2025-10-13 00:00:00,19.94,85.57,4.38,0.0
2025-10-13 01:00:00,19.95,84.77,4.7,41.05
2025-10-13 02:00:00,21.56,79.6,5.51,238.27
2025-10-13 03:00:00,23.55,77.27,4.93,468.15
2025-10-13 04:00:00,26.28,73.02,4.21,664.95
2025-10-13 05:00:00,28.84,61.26,3.92,807.42
2025-10-13 06:00:00,30.16,57.2,3.43,878.25
2025-10-13 07:00:00,30.84,55.93,3.29,870.28
2025-10-13 08:00:00,31.05,56.23,3.44,791.97
2025-10-13 09:00:00,31.14,56.05,3.42,658.15
2025-10-13 10:00:00,31.23,53.85,3.16,456.9
2025-10-13 11:00:00,30.5,52.75,3.15,221.98
2025-10-13 12:00:00,27.6,71.09,2.62,27.95
2025-10-13 13:00:00,25.33,74.69,2.81,0.0
2025-10-13 14:00:00,24.4,76.1,2.83,0.0
2025-10-13 15:00:00,23.53,77.17,2.85,0.0
2025-10-13 16:00:00,22.67,78.19,2.96,0.0
2025-10-13 17:00:00,21.84,78.95,3.15,0.0
2025-10-13 18:00:00,21.14,79.22,3.38,0.0
2025-10-13 19:00:00,20.54,79.27,3.6,0.0
2025-10-13 20:00:00,20.07,79.0,3.77,0.0
2025-10-13 21:00:00,19.6,79.02,3.87,0.0
2025-10-13 22:00:00,19.18,79.63,3.99,0.0
2025-10-13 23:00:00,18.88,80.8,4.15,0.0
2025-10-14 00:00:00,18.7,82.49,4.36,0.0
2025-10-14 01:00:00,18.94,83.27,4.7,39.67
2025-10-14 02:00:00,20.98,78.46,5.63,232.9
2025-10-14 03:00:00,23.06,75.87,5.14,460.5
2025-10-14 04:00:00,25.7,73.57,4.36,655.05
2025-10-14 05:00:00,28.59,61.08,4.06,797.5
2025-10-14 06:00:00,30.17,54.09,3.08,868.62
2025-10-14 07:00:00,30.96,51.38,2.19,865.6
2025-10-14 08:00:00,31.2,51.02,1.83,794.9
2025-10-14 09:00:00,31.07,51.61,1.81,634.1
2025-10-14 10:00:00,31.12,52.28,1.83,449.0
2025-10-14 11:00:00,30.67,49.62,2.04,215.2
2025-10-14 12:00:00,28.0,68.54,1.93,24.3
2025-10-14 13:00:00,25.81,72.56,2.33,0.0
2025-10-14 14:00:00,24.82,76.01,2.51,0.0
2025-10-14 15:00:00,24.02,78.73,2.61,0.0
2025-10-14 16:00:00,23.3,80.85,2.7,0.0
2025-10-14 17:00:00,22.64,82.35,2.81,0.0
2025-10-14 18:00:00,22.07,83.14,2.93,0.0
2025-10-14 19:00:00,21.59,83.23,3.05,0.0
2025-10-14 20:00:00,21.17,83.15,3.17,0.0
2025-10-14 21:00:00,20.82,82.61,3.3,0.0
2025-10-14 22:00:00,20.45,81.94,3.48,0.0
2025-10-14 23:00:00,20.07,81.42,3.71,0.0
2025-10-15 00:00:00,19.72,80.85,3.98,0.0
2025-10-15 01:00:00,19.78,80.33,4.29,33.45
2025-10-15 02:00:00,21.79,75.27,5.19,200.82
2025-10-15 03:00:00,23.7,74.66,4.84,412.05
2025-10-15 04:00:00,26.53,74.35,4.09,605.45
2025-10-15 05:00:00,29.51,66.07,4.22,770.92
2025-10-15 06:00:00,30.75,64.34,3.2,814.95
2025-10-15 07:00:00,31.48,62.88,1.93,791.58
2025-10-15 08:00:00,31.95,60.98,0.94,648.4
2025-10-15 09:00:00,31.78,62.03,1.26,463.33
2025-10-15 10:00:00,31.19,65.97,1.92,292.9
2025-10-15 11:00:00,30.46,68.83,2.27,131.35
2025-10-15 12:00:00,28.61,80.17,2.17,18.38
2025-10-15 13:00:00,27.02,85.13,2.38,0.0
2025-10-15 14:00:00,26.43,86.04,2.51,0.0
2025-10-15 15:00:00,25.96,87.58,2.5,0.0
2025-10-15 16:00:00,25.55,89.02,2.46,0.0
2025-10-15 17:00:00,25.2,90.22,2.5,0.0
2025-10-15 18:00:00,24.89,91.11,2.65,0.0
2025-10-15 19:00:00,24.56,91.89,2.82,0.0
2025-10-15 20:00:00,24.28,92.56,2.99,0.0
2025-10-15 21:00:00,24.03,93.09,3.1,0.0
2025-10-15 22:00:00,23.82,93.42,3.16,0.0
2025-10-15 23:00:00,23.62,93.79,3.19,0.0
2025-10-16 00:00:00,23.49,93.89,3.21,0.0
2025-10-16 01:00:00,23.73,93.2,3.43,31.92
2025-10-16 02:00:00,25.26,89.12,4.34,195.2
2025-10-16 03:00:00,27.16,84.06,4.21,401.6
2025-10-16 04:00:00,29.53,74.51,4.56,617.03
2025-10-16 05:00:00,30.9,69.31,4.16,751.72
2025-10-16 06:00:00,31.74,66.39,3.35,836.7
2025-10-16 07:00:00,32.32,64.25,2.43,816.05
2025-10-16 08:00:00,32.61,62.37,1.53,734.83
2025-10-16 09:00:00,32.6,61.21,0.67,577.0
2025-10-16 10:00:00,32.02,64.1,1.11,362.23
2025-10-16 11:00:00,31.29,68.76,1.8,158.88
2025-10-16 12:00:00,29.43,79.31,2.04,18.52
2025-10-16 13:00:00,27.8,86.89,2.26,0.0
2025-10-16 14:00:00,27.16,88.11,2.48,0.0
2025-10-16 15:00:00,26.66,89.68,2.43,0.0
2025-10-16 16:00:00,26.21,90.91,2.32,0.0
2025-10-16 17:00:00,25.78,91.49,2.31,0.0
2025-10-16 18:00:00,25.4,91.41,2.4,0.0
2025-10-16 19:00:00,24.99,91.15,2.63,0.0
2025-10-16 20:00:00,24.6,90.67,2.95,0.0
2025-10-16 21:00:00,24.24,90.45,3.21,0.0
2025-10-16 22:00:00,23.95,90.46,3.44,0.0
2025-10-16 23:00:00,23.71,90.69,3.67,0.0
2025-10-17 00:00:00,23.53,90.87,3.9,0.0
2025-10-17 01:00:00,23.58,90.5,4.26,28.58
2025-10-17 02:00:00,24.71,87.39,5.07,181.52
2025-10-17 03:00:00,26.33,84.28,4.75,397.92
2025-10-17 04:00:00,28.82,76.59,4.75,610.2
2025-10-17 05:00:00,30.68,68.69,4.97,771.45
2025-10-17 06:00:00,31.6,64.89,4.58,829.78
2025-10-17 07:00:00,32.21,61.95,4.07,817.58
2025-10-17 08:00:00,32.54,59.81,3.62,719.38
2025-10-17 09:00:00,32.53,58.88,3.18,574.97
2025-10-17 10:00:00,32.74,57.48,2.79,382.1
2025-10-17 11:00:00,31.78,58.7,2.95,167.7
2025-10-17 12:00:00,29.38,75.78,2.37,19.33
2025-10-17 13:00:00,27.69,80.42,2.45,0.0
2025-10-17 14:00:00,26.99,81.65,2.65,0.0
2025-10-17 15:00:00,26.34,82.61,2.84,0.0
2025-10-17 16:00:00,25.73,83.48,3.01,0.0
2025-10-17 17:00:00,25.14,84.23,3.14,0.0
2025-10-17 18:00:00,24.6,84.81,3.22,0.0
2025-10-17 19:00:00,24.09,85.29,3.29,0.0
2025-10-17 20:00:00,23.61,85.78,3.42,0.0
2025-10-17 21:00:00,23.24,86.03,3.62,0.0
2025-10-17 22:00:00,22.97,86.27,3.91,0.0
2025-10-17 23:00:00,22.74,86.54,4.18,0.0
2025-10-18 00:00:00,22.54,87.09,4.32,0.0
2025-10-18 01:00:00,22.55,87.28,4.46,29.75
2025-10-18 02:00:00,23.87,83.42,5.07,176.93
2025-10-18 03:00:00,25.56,80.4,4.61,364.25
2025-10-18 04:00:00,27.97,75.08,4.12,566.78
2025-10-18 05:00:00,30.22,66.52,4.07,719.35
2025-10-18 06:00:00,31.38,62.61,3.36,815.17
2025-10-18 07:00:00,32.06,60.19,2.52,742.65
2025-10-18 08:00:00,32.47,58.18,1.72,660.17
2025-10-18 09:00:00,32.58,56.99,0.94,518.38
2025-10-18 10:00:00,32.35,59.26,1.07,331.58
2025-10-18 11:00:00,31.96,58.57,1.59,141.38
2025-10-18 12:00:00,29.45,76.25,1.91,16.38
2025-10-18 13:00:00,27.42,83.95,2.45,0.0
2025-10-18 14:00:00,26.68,85.99,2.68,0.0
2025-10-18 15:00:00,26.12,88.24,2.63,0.0
2025-10-18 16:00:00,25.73,89.65,2.5,0.0
2025-10-18 17:00:00,25.37,90.15,2.44,0.0
2025-10-18 18:00:00,25.0,89.89,2.51,0.0
2025-10-18 19:00:00,24.57,89.37,2.67,0.0
2025-10-18 20:00:00,24.11,88.63,2.86,0.0
2025-10-18 21:00:00,23.65,87.91,3.08,0.0
2025-10-18 22:00:00,23.24,87.52,3.34,0.0
2025-10-18 23:00:00,22.9,87.66,3.65,0.0
2025-10-19 00:00:00,22.63,88.0,4.01,0.0
2025-10-19 01:00:00,22.64,88.02,4.47,29.23
2025-10-19 02:00:00,23.8,85.18,5.26,175.6
2025-10-19 03:00:00,25.43,82.1,4.99,358.83
2025-10-19 04:00:00,27.75,75.56,5.13,554.1
2025-10-19 05:00:00,29.56,69.41,5.43,692.08
2025-10-19 06:00:00,30.7,65.38,5.05,716.35
2025-10-19 07:00:00,31.47,62.3,4.38,733.53
2025-10-19 08:00:00,31.93,60.32,3.69,596.28
2025-10-19 09:00:00,32.12,59.12,2.8,517.47
2025-10-19 10:00:00,32.6,56.09,2.08,331.77
2025-10-19 11:00:00,31.93,55.62,1.86,133.93
2025-10-19 12:00:00,30.28,68.09,1.23,14.4
2025-10-19 13:00:00,28.5,73.84,1.61,0.0
2025-10-19 14:00:00,27.14,81.21,2.1,0.0
2025-10-19 15:00:00,26.4,83.91,2.3,0.0
2025-10-19 16:00:00,25.8,85.76,2.4,0.0
2025-10-19 17:00:00,25.22,87.19,2.57,0.0
2025-10-19 18:00:00,24.67,87.95,2.74,0.0
2025-10-19 19:00:00,24.17,88.4,2.88,0.0
2025-10-19 20:00:00,23.69,89.03,3.02,0.0
2025-10-19 21:00:00,23.3,89.37,3.16,0.0
2025-10-19 22:00:00,22.98,89.49,3.37,0.0
2025-10-19 23:00:00,22.74,89.17,3.69,0.0
2025-10-20 00:00:00,22.55,88.75,4.01,0.0
2025-10-20 01:00:00,22.55,88.0,4.4,26.75
2025-10-20 02:00:00,23.57,84.3,5.11,168.05
2025-10-20 03:00:00,24.91,81.28,5.04,360.77
2025-10-20 04:00:00,26.72,77.65,4.93,506.62
2025-10-20 05:00:00,28.46,70.86,5.72,574.72
2025-10-20 06:00:00,29.45,66.79,5.72,770.35
2025-10-20 07:00:00,30.14,63.21,5.33,752.53
2025-10-20 08:00:00,30.53,60.87,4.72,680.5
2025-10-20 09:00:00,30.72,60.06,3.95,509.08
2025-10-20 10:00:00,30.62,59.21,3.67,333.83
2025-10-20 11:00:00,29.41,65.25,3.33,138.0
2025-10-20 12:00:00,27.42,80.13,2.43,10.7
2025-10-20 13:00:00,26.05,82.44,2.68,0.0
2025-10-20 14:00:00,25.53,83.79,2.88,0.0
2025-10-20 15:00:00,25.08,84.64,3.1,0.0
2025-10-20 16:00:00,24.62,85.24,3.3,0.0
2025-10-20 17:00:00,24.08,85.79,3.49,0.0
2025-10-20 18:00:00,23.49,86.27,3.72,0.0
2025-10-20 19:00:00,23.0,86.87,3.93,0.0
2025-10-20 20:00:00,22.62,87.54,4.06,0.0
2025-10-20 21:00:00,22.36,88.16,4.17,0.0
2025-10-20 22:00:00,22.22,88.39,4.35,0.0
2025-10-20 23:00:00,22.16,88.44,4.45,0.0
2025-10-21 00:00:00,22.2,88.28,4.53,0.0
2025-10-21 01:00:00,22.48,87.6,4.67,27.25
2025-10-21 02:00:00,23.89,83.9,5.16,169.75
2025-10-21 03:00:00,25.58,81.06,5.22,366.7
2025-10-21 04:00:00,27.54,77.41,5.04,529.4
2025-10-21 05:00:00,29.27,72.6,4.71,673.78
2025-10-21 06:00:00,30.31,69.82,3.9,755.42
2025-10-21 07:00:00,30.92,67.85,3.06,749.53
2025-10-21 08:00:00,31.22,66.04,2.34,653.28
2025-10-21 09:00:00,31.4,64.75,1.64,530.58
2025-10-21 10:00:00,31.82,62.56,1.34,335.92
2025-10-21 11:00:00,31.14,63.03,1.6,139.73
2025-10-21 12:00:00,29.45,75.55,1.48,14.27
2025-10-21 13:00:00,27.84,82.35,1.8,0.0
2025-10-21 14:00:00,26.92,85.36,2.25,0.0
2025-10-21 15:00:00,26.2,86.99,2.63,0.0
2025-10-21 16:00:00,25.57,88.33,3.0,0.0
2025-10-21 17:00:00,25.03,89.18,3.47,0.0
2025-10-21 18:00:00,24.56,89.86,3.87,0.0
2025-10-21 19:00:00,24.16,90.71,3.97,0.0
2025-10-21 20:00:00,23.83,91.37,3.98,0.0
2025-10-21 21:00:00,23.59,91.87,3.83,0.0
2025-10-21 22:00:00,23.4,92.33,3.64,0.0
2025-10-21 23:00:00,23.27,92.53,3.59,0.0
2025-10-22 00:00:00,23.14,92.81,3.52,0.0
2025-10-22 01:00:00,23.2,92.61,3.53,29.62
2025-10-22 02:00:00,24.6,88.35,4.29,185.77
2025-10-22 03:00:00,26.37,84.56,3.99,381.38
2025-10-22 04:00:00,28.9,75.93,4.44,589.58
2025-10-22 05:00:00,30.55,70.14,4.22,731.95
2025-10-22 06:00:00,31.57,66.8,3.51,794.53
2025-10-22 07:00:00,32.21,64.49,2.73,765.33
2025-10-22 08:00:00,32.59,62.76,2.17,675.03
2025-10-22 09:00:00,32.63,62.07,1.84,521.1
2025-10-22 10:00:00,32.52,63.17,1.73,345.2
2025-10-22 11:00:00,31.86,63.36,2.01,151.35
2025-10-22 12:00:00,29.84,77.66,1.86,16.33
2025-10-22 13:00:00,28.2,84.12,2.1,0.0
2025-10-22 14:00:00,27.51,85.37,2.32,0.0
2025-10-22 15:00:00,26.92,86.35,2.45,0.0
2025-10-22 16:00:00,26.35,87.44,2.59,0.0
2025-10-22 17:00:00,25.8,88.24,2.76,0.0
2025-10-22 18:00:00,25.25,89.04,2.97,0.0
2025-10-22 19:00:00,24.75,89.82,3.2,0.0
2025-10-22 20:00:00,24.31,90.67,3.39,0.0
2025-10-22 21:00:00,23.96,91.18,3.53,0.0
2025-10-22 22:00:00,23.65,91.88,3.63,0.0
2025-10-22 23:00:00,23.43,92.33,3.76,0.0
2025-10-23 00:00:00,23.23,92.63,3.87,0.0
2025-10-23 01:00:00,23.27,92.2,4.11,31.1
2025-10-23 02:00:00,24.58,87.97,4.91,199.68
2025-10-23 03:00:00,26.49,82.05,5.02,420.45
2025-10-23 04:00:00,28.61,73.68,6.02,616.25
2025-10-23 05:00:00,29.97,68.75,6.45,751.3
2025-10-23 06:00:00,30.93,65.43,6.28,819.65
2025-10-23 07:00:00,31.68,63.8,5.66,785.12
2025-10-23 08:00:00,32.16,63.28,4.93,694.67
2025-10-23 09:00:00,32.22,64.0,4.02,564.55
2025-10-23 10:00:00,32.39,64.15,3.24,370.3
2025-10-23 11:00:00,31.45,67.33,3.12,165.05
2025-10-23 12:00:00,29.62,80.62,2.29,15.73
2025-10-23 13:00:00,28.2,84.81,2.32,0.0
2025-10-23 14:00:00,27.58,86.46,2.55,0.0
2025-10-23 15:00:00,27.05,87.41,2.8,0.0
2025-10-23 16:00:00,26.5,88.45,3.09,0.0
2025-10-23 17:00:00,25.95,89.43,3.41,0.0
2025-10-23 18:00:00,25.43,90.23,3.62,0.0
2025-10-23 19:00:00,24.94,90.88,3.66,0.0
2025-10-23 20:00:00,24.55,91.36,3.59,0.0
2025-10-23 21:00:00,24.26,91.81,3.32,0.0
2025-10-23 22:00:00,24.06,92.14,3.01,0.0
2025-10-23 23:00:00,24.03,92.03,2.89,0.0
2025-10-24 00:00:00,24.03,91.87,2.95,0.0
2025-10-24 01:00:00,24.16,91.36,3.16,26.17
2025-10-24 02:00:00,25.13,88.28,3.97,165.73
2025-10-24 03:00:00,26.24,85.54,4.55,352.17
2025-10-24 04:00:00,27.97,80.02,5.4,561.42
2025-10-24 05:00:00,29.62,74.27,5.76,685.22
2025-10-24 06:00:00,30.74,70.58,5.43,731.45
2025-10-24 07:00:00,31.49,68.44,4.84,733.45
2025-10-24 08:00:00,31.85,67.04,4.16,582.35
2025-10-24 09:00:00,31.88,67.25,3.2,473.92
2025-10-24 10:00:00,31.79,66.88,2.57,297.9
2025-10-24 11:00:00,30.82,70.3,2.35,121.95
2025-10-24 12:00:00,29.33,81.57,1.72,13.32
2025-10-24 13:00:00,28.3,83.87,1.74,0.0
2025-10-24 14:00:00,27.55,86.69,2.1,0.0
2025-10-24 15:00:00,26.87,88.68,2.4,0.0
2025-10-24 16:00:00,26.27,90.41,2.59,0.0
2025-10-24 17:00:00,25.75,91.81,2.72,0.0
2025-10-24 18:00:00,25.31,92.71,2.85,0.0
2025-10-24 19:00:00,24.95,93.4,2.85,0.0
2025-10-24 20:00:00,24.62,93.89,2.76,0.0
2025-10-24 21:00:00,24.35,94.2,2.69,0.0
2025-10-24 22:00:00,24.15,94.14,2.73,0.0
2025-10-24 23:00:00,23.98,94.07,2.81,0.0
2025-10-25 00:00:00,23.84,94.11,2.89,0.0
2025-10-25 01:00:00,23.88,93.8,3.03,22.1
2025-10-25 02:00:00,24.83,90.92,3.85,123.32
2025-10-25 03:00:00,25.81,88.1,4.35,253.65
2025-10-25 04:00:00,27.08,82.25,4.96,431.8
2025-10-25 05:00:00,28.32,76.47,5.02,603.35
2025-10-25 06:00:00,29.31,72.5,4.73,595.05
2025-10-25 07:00:00,29.79,70.91,4.45,535.17
2025-10-25 08:00:00,29.73,71.71,4.22,452.27
2025-10-25 09:00:00,29.29,74.63,3.94,341.9
2025-10-25 10:00:00,28.58,79.24,3.45,202.4
2025-10-25 11:00:00,27.72,84.01,3.01,88.9
2025-10-25 12:00:00,26.56,91.05,2.1,9.48
2025-10-25 13:00:00,25.82,94.61,1.61,0.0
2025-10-25 14:00:00,25.61,95.23,1.37,0.0
2025-10-25 15:00:00,25.51,94.89,1.25,0.0
2025-10-25 16:00:00,25.46,93.98,1.31,0.0
2025-10-25 17:00:00,25.24,94.42,1.5,0.0
2025-10-25 18:00:00,24.96,95.12,1.69,0.0
2025-10-25 19:00:00,24.74,95.41,1.86,0.0
2025-10-25 20:00:00,24.59,95.44,2.09,0.0
2025-10-25 21:00:00,24.45,95.02,2.43,0.0
2025-10-25 22:00:00,24.28,94.28,2.75,0.0
2025-10-25 23:00:00,24.05,93.57,3.18,0.0
2025-10-26 00:00:00,23.77,93.07,3.87,0.0
2025-10-26 01:00:00,23.58,92.6,4.51,11.95
2025-10-26 02:00:00,24.1,91.12,4.91,82.22
2025-10-26 03:00:00,25.52,87.08,4.99,162.3
2025-10-26 04:00:00,27.54,78.51,5.7,390.23
2025-10-26 05:00:00,29.04,73.26,5.92,407.08
2025-10-26 06:00:00,30.05,70.36,5.76,369.9
2025-10-26 07:00:00,30.58,69.59,5.51,206.57
2025-10-26 08:00:00,30.57,70.96,5.19,203.68
2025-10-26 09:00:00,29.9,75.22,4.75,97.82
2025-10-26 10:00:00,29.09,80.08,4.55,63.47
2025-10-26 11:00:00,28.15,84.96,4.16,26.08
2025-10-26 12:00:00,26.92,91.47,2.97,3.35
2025-10-26 13:00:00,25.99,94.58,2.37,0.0
2025-10-26 14:00:00,25.62,94.87,2.46,0.0
2025-10-26 15:00:00,25.32,94.79,2.61,0.0
2025-10-26 16:00:00,25.14,94.51,2.75,0.0
2025-10-26 17:00:00,24.97,94.17,2.93,0.0
2025-10-26 18:00:00,24.79,93.99,3.07,0.0
2025-10-26 19:00:00,24.59,93.91,3.2,0.0
2025-10-26 20:00:00,24.33,94.12,3.08,0.0
2025-10-26 21:00:00,24.1,93.96,3.03,0.0
2025-10-26 22:00:00,23.9,93.61,3.23,0.0
2025-10-26 23:00:00,23.73,93.46,3.61,0.0
2025-10-27 00:00:00,23.62,93.17,4.08,0.0
2025-10-27 01:00:00,23.68,91.98,4.58,15.62
2025-10-27 02:00:00,24.56,89.64,5.41,104.28
2025-10-27 03:00:00,25.79,86.57,5.7,194.15
2025-10-27 04:00:00,27.28,79.88,6.34,299.55
2025-10-27 05:00:00,28.25,75.96,6.29,448.02
2025-10-27 06:00:00,28.94,74.18,5.69,530.88
2025-10-27 07:00:00,29.4,74.22,4.68,557.08
2025-10-27 08:00:00,29.51,75.39,3.85,467.88
2025-10-27 09:00:00,29.32,77.5,4.07,303.95
2025-10-27 10:00:00,28.35,83.32,4.33,210.9
2025-10-27 11:00:00,27.27,90.33,4.17,104.97
2025-10-27 12:00:00,26.6,94.85,3.5,7.5
2025-10-27 13:00:00,26.24,96.45,3.0,0.0
2025-10-27 14:00:00,26.09,96.71,2.76,0.0
2025-10-27 15:00:00,25.89,97.03,2.42,0.0
2025-10-27 16:00:00,25.68,97.28,2.23,0.0
2025-10-27 17:00:00,25.55,97.29,2.25,0.0
2025-10-27 18:00:00,25.44,97.2,2.35,0.0
2025-10-27 19:00:00,25.25,97.12,2.56,0.0
2025-10-27 20:00:00,25.06,96.92,2.82,0.0
2025-10-27 21:00:00,24.88,96.72,2.95,0.0
2025-10-27 22:00:00,24.63,96.4,3.13,0.0
2025-10-27 23:00:00,24.36,95.84,3.3,0.0
2025-10-28 00:00:00,24.08,95.2,3.41,0.0
2025-10-28 01:00:00,23.96,94.37,3.62,24.35
2025-10-28 02:00:00,25.1,91.21,4.48,163.02
2025-10-28 03:00:00,26.48,85.91,5.01,352.58
2025-10-28 04:00:00,28.07,77.83,5.78,569.78
2025-10-28 05:00:00,29.22,72.47,6.1,710.97
2025-10-28 06:00:00,29.93,69.44,6.11,771.53
2025-10-28 07:00:00,30.37,67.53,5.96,681.75
2025-10-28 08:00:00,30.56,66.7,5.67,588.72
2025-10-28 09:00:00,30.5,67.32,5.15,384.88
2025-10-28 10:00:00,30.26,68.83,4.52,237.98
2025-10-28 11:00:00,29.52,73.39,3.71,92.8
2025-10-28 12:00:00,27.72,83.8,2.68,7.78
2025-10-28 13:00:00,26.33,89.59,2.42,0.0
2025-10-28 14:00:00,25.81,91.67,2.28,0.0
2025-10-28 15:00:00,25.36,92.99,2.18,0.0
2025-10-28 16:00:00,24.95,94.0,2.13,0.0
2025-10-28 17:00:00,24.64,94.36,2.19,0.0
2025-10-28 18:00:00,24.41,94.45,2.28,0.0
2025-10-28 19:00:00,24.23,94.45,2.32,0.0
2025-10-28 20:00:00,24.12,94.24,2.33,0.0
2025-10-28 21:00:00,24.08,93.86,2.32,0.0
2025-10-28 22:00:00,24.05,93.55,2.32,0.0
2025-10-28 23:00:00,23.99,93.33,2.35,0.0
2025-10-29 00:00:00,23.94,93.22,2.39,0.0
2025-10-29 01:00:00,24.01,93.09,2.44,26.62
2025-10-29 02:00:00,24.96,90.62,3.06,161.52
2025-10-29 03:00:00,25.69,88.67,3.52,342.73
2025-10-29 04:00:00,26.87,85.09,3.66,539.35
2025-10-29 05:00:00,28.28,79.61,3.7,679.35
2025-10-29 06:00:00,29.25,76.24,3.69,724.55
2025-10-29 07:00:00,29.63,75.64,3.66,634.8
2025-10-29 08:00:00,29.34,77.89,3.6,579.08
2025-10-29 09:00:00,28.92,80.66,3.62,451.6
2025-10-29 10:00:00,28.34,83.9,3.46,284.1
2025-10-29 11:00:00,27.68,87.89,3.04,118.18
2025-10-29 12:00:00,26.81,92.52,2.45,10.15
2025-10-29 13:00:00,26.16,94.9,2.23,0.0
2025-10-29 14:00:00,25.92,95.61,2.21,0.0
2025-10-29 15:00:00,25.73,96.22,2.13,0.0
2025-10-29 16:00:00,25.54,96.88,2.11,0.0
2025-10-29 17:00:00,25.4,97.04,2.26,0.0
2025-10-29 18:00:00,25.31,96.96,2.5,0.0
2025-10-29 19:00:00,25.2,97.02,2.52,0.0
2025-10-29 20:00:00,25.08,97.02,2.56,0.0
2025-10-29 21:00:00,25.09,96.78,2.71,0.0
2025-10-29 22:00:00,25.08,96.59,2.66,0.0
2025-10-29 23:00:00,25.01,96.59,2.56,0.0
2025-10-30 00:00:00,24.92,96.89,2.45,0.0
2025-10-30 01:00:00,24.94,96.9,2.44,6.3
2025-10-30 02:00:00,25.98,94.86,3.54,59.47
2025-10-30 03:00:00,26.82,91.24,4.52,130.9
2025-10-30 04:00:00,27.59,85.27,5.61,200.98
2025-10-30 05:00:00,28.22,81.16,6.42,251.98
2025-10-30 06:00:00,28.64,78.4,7.18,281.62
2025-10-30 07:00:00,28.74,76.78,7.73,353.88
2025-10-30 08:00:00,28.65,76.22,7.86,402.7
2025-10-30 09:00:00,28.39,76.41,7.47,338.88
2025-10-30 10:00:00,27.84,78.5,6.57,217.02
2025-10-30 11:00:00,27.14,82.38,5.33,92.05
2025-10-30 12:00:00,26.05,88.19,3.98,9.32
2025-10-30 13:00:00,25.14,92.13,3.3,0.0
2025-10-30 14:00:00,24.84,93.11,3.25,0.0
2025-10-30 15:00:00,24.65,93.47,3.49,0.0
2025-10-30 16:00:00,24.49,93.83,3.72,0.0
2025-10-30 17:00:00,24.34,94.41,3.71,0.0
2025-10-30 18:00:00,24.2,94.92,3.71,0.0
2025-10-30 19:00:00,24.08,95.26,3.71,0.0
2025-10-30 20:00:00,23.96,95.54,3.69,0.0
2025-10-30 21:00:00,23.89,95.74,3.84,0.0
2025-10-30 22:00:00,23.88,95.73,3.95,0.0
2025-10-30 23:00:00,23.88,94.95,4.1,0.0
2025-10-31 00:00:00,23.92,93.87,4.48,0.0
2025-10-31 01:00:00,24.04,93.0,4.81,5.4
2025-10-31 02:00:00,25.02,90.19,5.68,41.97
2025-10-31 03:00:00,26.15,86.84,6.31,86.22
2025-10-31 04:00:00,27.11,82.62,6.95,173.43
2025-10-31 05:00:00,27.73,79.57,7.27,339.05
2025-10-31 06:00:00,28.17,78.32,7.3,405.5
2025-10-31 07:00:00,28.55,77.9,7.29,417.38
2025-10-31 08:00:00,28.82,77.49,7.34,375.1
2025-10-31 09:00:00,28.7,77.95,7.06,320.38
2025-10-31 10:00:00,28.21,80.0,6.41,194.88
2025-10-31 11:00:00,27.41,84.03,5.33,67.65
2025-10-31 12:00:00,26.23,90.21,3.65,8.18
2025-10-31 13:00:00,25.23,93.88,2.89,0.0
2025-10-31 14:00:00,24.92,94.39,2.87,0.0
2025-10-31 15:00:00,24.69,94.52,3.01,0.0
2025-10-31 16:00:00,24.54,94.22,3.37,0.0
2025-10-31 17:00:00,24.47,93.28,3.87,0.0
2025-10-31 18:00:00,24.31,93.33,3.95,0.0
2025-10-31 19:00:00,24.14,93.37,3.98,0.0
2025-10-31 20:00:00,23.98,93.34,3.96,0.0
2025-10-31 21:00:00,23.76,93.92,3.63,0.0
2025-10-31 22:00:00,23.63,93.96,3.47,0.0
2025-10-31 23:00:00,23.55,93.91,3.36,0.0
2025-11-01 00:00:00,23.49,93.93,3.31,0.0
2025-11-01 01:00:00,23.6,93.77,3.37,20.67
2025-11-01 02:00:00,24.82,91.29,4.18,146.2
2025-11-01 03:00:00,26.12,89.88,4.44,313.55
2025-11-01 04:00:00,27.56,86.17,5.03,494.83
2025-11-01 05:00:00,28.66,81.55,5.51,616.25
2025-11-01 06:00:00,29.15,79.05,5.74,693.05
2025-11-01 07:00:00,29.28,78.23,5.89,733.0
2025-11-01 08:00:00,29.17,78.25,5.95,640.2
2025-11-01 09:00:00,28.83,79.27,5.95,525.17
2025-11-01 10:00:00,28.27,81.01,5.7,335.0
2025-11-01 11:00:00,27.52,83.94,4.94,135.82
2025-11-01 12:00:00,26.31,90.5,3.32,11.32
2025-11-01 13:00:00,25.42,93.92,2.66,0.0
2025-11-01 14:00:00,25.15,94.78,2.49,0.0
2025-11-01 15:00:00,24.92,95.35,2.44,0.0
2025-11-01 16:00:00,24.71,95.76,2.41,0.0
2025-11-01 17:00:00,24.51,96.18,2.4,0.0
2025-11-01 18:00:00,24.34,96.46,2.38,0.0
2025-11-01 19:00:00,24.18,96.77,2.33,0.0
2025-11-01 20:00:00,24.04,96.95,2.28,0.0
2025-11-01 21:00:00,23.91,97.2,2.23,0.0
2025-11-01 22:00:00,23.8,97.3,2.25,0.0
2025-11-01 23:00:00,23.71,97.43,2.28,0.0
2025-11-02 00:00:00,23.62,97.64,2.33,0.0
2025-11-02 01:00:00,23.77,97.45,2.46,15.57
2025-11-02 02:00:00,25.23,94.67,3.7,114.88
2025-11-02 03:00:00,26.51,89.81,4.2,256.15
2025-11-02 04:00:00,27.79,83.67,4.66,446.12
2025-11-02 05:00:00,28.6,79.96,4.98,556.3
2025-11-02 06:00:00,29.07,78.07,5.27,615.03
2025-11-02 07:00:00,29.25,77.12,5.48,592.7
2025-11-02 08:00:00,29.2,77.22,5.57,588.3
2025-11-02 09:00:00,28.9,78.04,5.45,474.75
2025-11-02 10:00:00,28.37,79.71,5.12,294.4
2025-11-02 11:00:00,27.56,83.03,4.39,116.18
2025-11-02 12:00:00,26.25,90.44,2.83,8.75
2025-11-02 13:00:00,25.21,94.28,2.29,0.0
2025-11-02 14:00:00,24.91,95.1,2.16,0.0
2025-11-02 15:00:00,24.65,95.62,2.14,0.0
2025-11-02 16:00:00,24.43,95.92,2.18,0.0
2025-11-02 17:00:00,24.25,96.26,2.18,0.0
2025-11-02 18:00:00,24.08,96.51,2.11,0.0
2025-11-02 19:00:00,23.91,96.65,2.0,0.0
2025-11-02 20:00:00,23.78,96.65,1.88,0.0
2025-11-02 21:00:00,23.69,96.46,1.73,0.0
2025-11-02 22:00:00,23.66,96.12,1.59,0.0
2025-11-02 23:00:00,23.67,95.65,1.51,0.0
2025-11-03 00:00:00,23.56,95.86,1.56,0.0
2025-11-03 01:00:00,23.54,96.38,1.67,23.1
2025-11-03 02:00:00,25.4,93.39,1.97,166.57
2025-11-03 03:00:00,26.77,86.22,2.31,345.77
2025-11-03 04:00:00,27.78,81.57,2.73,546.95
2025-11-03 05:00:00,28.57,78.35,3.14,685.03
2025-11-03 06:00:00,28.99,76.57,3.57,759.25
2025-11-03 07:00:00,29.14,75.76,3.94,753.45
2025-11-03 08:00:00,29.04,75.67,4.21,656.28
2025-11-03 09:00:00,28.72,76.65,4.35,505.38
2025-11-03 10:00:00,28.24,78.1,4.29,303.15
2025-11-03 11:00:00,27.48,81.66,3.87,129.45
2025-11-03 12:00:00,26.19,89.57,2.73,10.7
2025-11-03 13:00:00,25.11,93.78,2.31,0.0
2025-11-03 14:00:00,24.78,94.4,2.21,0.0
2025-11-03 15:00:00,24.54,94.75,2.1,0.0
2025-11-03 16:00:00,24.31,94.78,2.0,0.0
2025-11-03 17:00:00,24.06,94.77,1.94,0.0
2025-11-03 18:00:00,23.84,94.71,1.91,0.0
2025-11-03 19:00:00,23.67,94.57,1.88,0.0
2025-11-03 20:00:00,23.56,94.28,1.85,0.0
2025-11-03 21:00:00,23.49,94.03,1.84,0.0
2025-11-03 22:00:00,23.53,93.68,1.79,0.0
2025-11-03 23:00:00,23.53,93.31,1.76,0.0
2025-11-04 00:00:00,23.56,92.7,1.7,0.0
2025-11-04 01:00:00,23.71,92.2,1.6,21.52
2025-11-04 02:00:00,25.57,89.38,1.8,161.35
2025-11-04 03:00:00,27.15,80.37,2.41,331.02
2025-11-04 04:00:00,28.04,74.31,2.88,526.03
2025-11-04 05:00:00,28.74,71.61,3.23,668.47
2025-11-04 06:00:00,28.9,70.73,3.6,732.2
2025-11-04 07:00:00,29.17,70.12,4.0,712.38
2025-11-04 08:00:00,29.18,70.41,4.3,624.62
2025-11-04 09:00:00,28.74,71.84,4.41,496.75
2025-11-04 10:00:00,28.16,74.19,4.35,299.1
2025-11-04 11:00:00,27.17,79.67,3.8,128.18
2025-11-04 12:00:00,25.67,88.4,2.66,10.25
2025-11-04 13:00:00,24.6,92.9,2.19,0.0
2025-11-04 14:00:00,24.35,93.67,2.01,0.0
2025-11-04 15:00:00,24.1,93.82,1.81,0.0
2025-11-04 16:00:00,23.95,93.21,1.61,0.0
2025-11-04 17:00:00,23.81,92.48,1.49,0.0
2025-11-04 18:00:00,23.61,92.04,1.38,0.0
2025-11-04 19:00:00,23.51,91.58,1.19,0.0
2025-11-04 20:00:00,23.54,90.51,0.88,0.0
2025-11-04 21:00:00,23.51,89.83,0.68,0.0
2025-11-04 22:00:00,23.28,90.25,0.66,0.0
2025-11-04 23:00:00,22.83,91.85,0.76,0.0
2025-11-05 00:00:00,22.3,93.84,0.96,0.0
2025-11-05 01:00:00,22.01,95.28,1.2,25.7
2025-11-05 02:00:00,23.55,91.19,1.44,197.3
2025-11-05 03:00:00,25.24,78.33,1.06,411.9
2025-11-05 04:00:00,26.27,71.95,0.73,602.92
2025-11-05 05:00:00,27.22,67.8,0.35,742.2
2025-11-05 06:00:00,27.93,64.83,0.55,808.6
2025-11-05 07:00:00,28.4,62.7,1.19,805.72
2025-11-05 08:00:00,28.56,62.07,1.85,725.0
2025-11-05 09:00:00,28.32,62.59,2.39,577.75
2025-11-05 10:00:00,27.68,64.65,2.66,377.05
2025-11-05 11:00:00,26.95,68.51,2.39,159.7
2025-11-05 12:00:00,25.31,78.05,2.18,11.43
2025-11-05 13:00:00,23.97,85.09,2.27,0.0
2025-11-05 14:00:00,23.41,86.04,2.31,0.0
2025-11-05 15:00:00,22.81,85.9,2.25,0.0
2025-11-05 16:00:00,22.56,84.87,2.05,0.0
2025-11-05 17:00:00,22.43,83.72,1.82,0.0
2025-11-05 18:00:00,22.28,83.22,1.62,0.0
2025-11-05 19:00:00,21.92,84.37,1.53,0.0
2025-11-05 20:00:00,21.44,86.67,1.58,0.0
2025-11-05 21:00:00,20.88,89.55,1.78,0.0
2025-11-05 22:00:00,20.29,92.81,2.03,0.0
2025-11-05 23:00:00,19.86,95.13,2.22,0.0
2025-11-06 00:00:00,19.62,96.18,2.33,0.0
2025-11-06 01:00:00,19.68,95.75,2.32,25.9
2025-11-06 02:00:00,21.66,88.05,2.9,199.57
2025-11-06 03:00:00,23.41,80.2,2.44,407.35
2025-11-06 04:00:00,25.53,71.15,2.0,408.08
2025-11-06 05:00:00,26.95,65.99,1.66,570.35
2025-11-06 06:00:00,27.95,62.65,1.21,738.17
2025-11-06 07:00:00,28.64,60.37,0.76,759.88
2025-11-06 08:00:00,29.02,59.44,0.75,699.78
2025-11-06 09:00:00,28.82,60.74,1.3,561.2
2025-11-06 10:00:00,28.2,64.92,1.92,354.7
2025-11-06 11:00:00,27.47,69.17,2.25,143.27
2025-11-06 12:00:00,25.71,80.95,2.21,9.62
2025-11-06 13:00:00,24.41,86.64,2.46,0.0
2025-11-06 14:00:00,23.85,88.51,2.55,0.0
2025-11-06 15:00:00,23.33,90.11,2.49,0.0
2025-11-06 16:00:00,22.95,91.09,2.34,0.0
2025-11-06 17:00:00,22.57,91.63,2.2,0.0
2025-11-06 18:00:00,22.16,92.25,2.17,0.0
2025-11-06 19:00:00,21.78,92.8,2.33,0.0
2025-11-06 20:00:00,21.41,93.15,2.61,0.0
2025-11-06 21:00:00,21.05,92.49,2.93,0.0
2025-11-06 22:00:00,20.69,91.14,3.31,0.0
2025-11-06 23:00:00,20.29,90.0,3.77,0.0
2025-11-07 00:00:00,19.92,88.94,4.21,0.0
2025-11-07 01:00:00,19.61,88.16,4.59,18.98
2025-11-07 02:00:00,20.72,83.34,5.47,149.73
2025-11-07 03:00:00,22.5,79.73,4.94,333.7
2025-11-07 04:00:00,25.2,72.06,4.18,529.45
2025-11-07 05:00:00,27.65,60.47,3.69,708.0
2025-11-07 06:00:00,29.12,55.04,2.75,768.62
2025-11-07 07:00:00,30.07,51.81,1.65,789.38
2025-11-07 08:00:00,30.54,50.64,0.72,717.03
2025-11-07 09:00:00,30.46,51.53,0.75,556.67
2025-11-07 10:00:00,30.09,54.48,1.43,368.88
2025-11-07 11:00:00,29.48,53.79,1.95,152.18
2025-11-07 12:00:00,26.62,71.95,2.09,10.27
2025-11-07 13:00:00,24.78,76.91,2.33,0.0
2025-11-07 14:00:00,24.04,78.16,2.34,0.0
2025-11-07 15:00:00,23.38,78.74,2.34,0.0
2025-11-07 16:00:00,22.59,79.21,2.51,0.0
2025-11-07 17:00:00,21.67,79.36,2.82,0.0
2025-11-07 18:00:00,20.73,78.66,3.18,0.0
2025-11-07 19:00:00,19.81,77.25,3.57,0.0
2025-11-07 20:00:00,18.98,75.81,3.94,0.0
2025-11-07 21:00:00,18.26,75.11,4.21,0.0
2025-11-07 22:00:00,17.65,75.22,4.45,0.0
2025-11-07 23:00:00,17.18,75.56,4.59,0.0
2025-11-08 00:00:00,16.81,75.98,4.65,0.0
2025-11-08 01:00:00,16.67,75.7,4.67,22.8
2025-11-08 02:00:00,18.67,69.14,5.34,186.55
2025-11-08 03:00:00,20.89,64.86,5.61,399.2
2025-11-08 04:00:00,23.38,65.55,4.73,455.98
2025-11-08 05:00:00,26.36,59.85,3.89,660.4
2025-11-08 06:00:00,29.04,47.37,3.24,801.05
2025-11-08 07:00:00,30.31,43.36,2.89,820.3
2025-11-08 08:00:00,30.52,44.41,2.9,726.8
2025-11-08 09:00:00,30.23,46.67,2.88,505.44
2025-11-08 10:00:00,30.32,45.36,2.7,399.23
2025-11-08 11:00:00,28.91,48.41,2.79,164.8
2025-11-08 12:00:00,25.68,68.68,2.42,10.75
2025-11-08 13:00:00,23.92,71.16,2.53,0.0
2025-11-08 14:00:00,22.99,73.12,2.62,0.0
2025-11-08 15:00:00,22.04,75.48,2.76,0.0
2025-11-08 16:00:00,21.16,77.72,2.91,0.0
2025-11-08 17:00:00,20.42,79.15,3.02,0.0
2025-11-08 18:00:00,19.76,80.29,3.1,0.0
2025-11-08 19:00:00,19.16,81.1,3.15,0.0
2025-11-08 20:00:00,18.58,81.68,3.21,0.0
2025-11-08 21:00:00,18.02,82.04,3.25,0.0
2025-11-08 22:00:00,17.52,81.79,3.26,0.0
2025-11-08 23:00:00,17.07,81.47,3.2,0.0
2025-11-09 00:00:00,16.7,81.02,3.13,0.0
2025-11-09 01:00:00,16.53,80.51,3.08,24.95
2025-11-09 02:00:00,19.17,75.61,2.86,207.55
2025-11-09 03:00:00,21.13,65.29,3.43,432.25
2025-11-09 04:00:00,23.23,64.22,2.76,510.33
2025-11-09 05:00:00,26.54,49.66,1.67,697.42
2025-11-09 06:00:00,28.18,44.86,1.77,816.6
2025-11-09 07:00:00,28.54,45.23,1.89,828.62
2025-11-09 08:00:00,28.61,45.93,1.94,754.88
2025-11-09 09:00:00,28.32,47.59,2.03,587.92
2025-11-09 10:00:00,28.05,48.54,2.11,390.52
2025-11-09 11:00:00,27.2,49.17,2.26,163.8
2025-11-09 12:00:00,23.92,68.55,2.38,10.65
2025-11-09 13:00:00,21.77,74.55,2.77,0.0
2025-11-09 14:00:00,21.04,76.04,2.8,0.0
2025-11-09 15:00:00,20.73,75.14,2.55,0.0
2025-11-09 16:00:00,20.79,71.97,2.15,0.0
2025-11-09 17:00:00,20.74,69.91,1.77,0.0
2025-11-09 18:00:00,20.47,69.53,1.56,0.0
2025-11-09 19:00:00,19.91,71.07,1.6,0.0
2025-11-09 20:00:00,19.12,74.04,1.86,0.0
2025-11-09 21:00:00,18.32,76.91,2.18,0.0
2025-11-09 22:00:00,17.53,79.63,2.51,0.0
2025-11-09 23:00:00,16.84,81.72,2.85,0.0
2025-11-10 00:00:00,16.32,82.81,3.15,0.0
2025-11-10 01:00:00,16.08,83.38,3.34,22.83
2025-11-10 02:00:00,18.58,77.2,3.71,195.93
2025-11-10 03:00:00,20.51,70.48,4.4,415.25
2025-11-10 04:00:00,22.92,66.59,3.59,587.65
2025-11-10 05:00:00,25.62,54.59,2.85,680.8
2025-11-10 06:00:00,27.25,49.02,2.03,807.3
2025-11-10 07:00:00,28.25,45.95,1.28,810.9
2025-11-10 08:00:00,28.75,44.51,0.76,727.1
2025-11-10 09:00:00,28.8,44.47,0.59,564.95
2025-11-10 10:00:00,28.55,46.62,0.86,369.17
2025-11-10 11:00:00,28.21,44.57,0.99,149.25
2025-11-10 12:00:00,25.75,57.17,1.34,9.52
2025-11-10 13:00:00,23.88,62.78,1.82,0.0
2025-11-10 14:00:00,22.98,66.38,1.98,0.0
2025-11-10 15:00:00,22.57,67.16,1.86,0.0
2025-11-10 16:00:00,22.29,67.25,1.66,0.0
2025-11-10 17:00:00,21.79,68.6,1.6,0.0
2025-11-10 18:00:00,21.21,70.43,1.66,0.0
2025-11-10 19:00:00,20.6,72.12,1.74,0.0
2025-11-10 20:00:00,19.87,74.13,1.88,0.0
2025-11-10 21:00:00,19.06,76.38,2.1,0.0
2025-11-10 22:00:00,18.37,77.59,2.29,0.0
2025-11-10 23:00:00,17.71,78.71,2.51,0.0
2025-11-11 00:00:00,17.1,79.65,2.73,0.0
2025-11-11 01:00:00,16.72,80.31,2.91,21.35
2025-11-11 02:00:00,19.04,76.89,2.88,188.38
2025-11-11 03:00:00,20.97,66.53,3.7,404.62
2025-11-11 04:00:00,23.32,62.73,2.89,568.95
2025-11-11 05:00:00,26.16,51.99,1.84,674.55
2025-11-11 06:00:00,27.59,48.01,1.22,791.17
2025-11-11 07:00:00,28.4,45.75,0.79,790.75
2025-11-11 08:00:00,28.76,45.0,0.46,709.67
2025-11-11 09:00:00,28.72,45.24,0.44,544.03
2025-11-11 10:00:00,28.53,47.44,0.91,356.92
2025-11-11 11:00:00,27.99,45.98,1.34,142.35
2025-11-11 12:00:00,25.1,63.25,1.75,9.12
2025-11-11 13:00:00,23.11,69.07,2.25,0.0
2025-11-11 14:00:00,22.08,72.99,2.47,0.0
2025-11-11 15:00:00,21.36,75.13,2.52,0.0
2025-11-11 16:00:00,20.66,77.13,2.6,0.0
2025-11-11 17:00:00,19.89,79.31,2.76,0.0
2025-11-11 18:00:00,19.16,80.81,2.96,0.0
2025-11-11 19:00:00,18.51,81.37,3.23,0.0
2025-11-11 20:00:00,17.93,81.18,3.47,0.0
2025-11-11 21:00:00,17.42,80.54,3.66,0.0
2025-11-11 22:00:00,16.98,80.02,3.88,0.0
2025-11-11 23:00:00,16.59,80.11,4.08,0.0
2025-11-12 00:00:00,16.27,80.69,4.29,0.0
2025-11-12 01:00:00,16.11,81.3,4.4,20.38
2025-11-12 02:00:00,18.0,76.34,4.82,182.95
2025-11-12 03:00:00,20.07,71.8,5.05,398.45
2025-11-12 04:00:00,22.54,71.57,3.98,368.75
2025-11-12 05:00:00,25.74,59.49,3.5,599.7
2025-11-12 06:00:00,27.77,51.02,2.87,740.62
2025-11-12 07:00:00,28.88,46.79,2.24,758.45
2025-11-12 08:00:00,29.25,45.65,1.9,692.47
2025-11-12 09:00:00,29.28,45.63,1.74,520.3
2025-11-12 10:00:00,29.41,44.55,1.71,351.55
2025-11-12 11:00:00,28.08,47.91,1.93,139.38
2025-11-12 12:00:00,25.28,64.83,1.93,8.8
2025-11-12 13:00:00,23.51,66.27,2.37,0.0
2025-11-12 14:00:00,22.14,71.51,2.74,0.0
2025-11-12 15:00:00,21.06,74.66,3.07,0.0
2025-11-12 16:00:00,20.16,76.3,3.35,0.0
2025-11-12 17:00:00,19.36,77.05,3.61,0.0
2025-11-12 18:00:00,18.65,77.25,3.84,0.0
2025-11-12 19:00:00,18.04,77.39,4.08,0.0
2025-11-12 20:00:00,17.48,78.15,4.27,0.0
2025-11-12 21:00:00,17.0,79.15,4.39,0.0
2025-11-12 22:00:00,16.64,79.89,4.54,0.0
2025-11-12 23:00:00,16.39,80.44,4.69,0.0
2025-11-13 00:00:00,16.19,80.67,4.82,0.0
2025-11-13 01:00:00,16.09,80.56,4.93,19.45
2025-11-13 02:00:00,17.76,75.35,5.59,180.18
2025-11-13 03:00:00,19.87,71.45,5.66,395.88
2025-11-13 04:00:00,22.42,70.63,4.7,408.5
2025-11-13 05:00:00,25.43,62.97,4.18,638.58
2025-11-13 06:00:00,27.99,49.31,3.33,771.0
2025-11-13 07:00:00,29.27,44.4,2.53,762.35
2025-11-13 08:00:00,29.45,45.21,2.31,701.78
2025-11-13 09:00:00,29.41,45.86,2.27,539.58
2025-11-13 10:00:00,29.35,46.21,2.16,341.8
2025-11-13 11:00:00,27.97,49.01,2.36,133.65
2025-11-13 12:00:00,24.81,68.19,2.16,8.4
2025-11-13 13:00:00,23.09,67.59,2.52,0.0
2025-11-13 14:00:00,21.87,71.27,2.79,0.0
2025-11-13 15:00:00,20.76,74.11,3.11,0.0
2025-11-13 16:00:00,19.77,75.67,3.5,0.0
2025-11-13 17:00:00,18.92,76.62,3.85,0.0
2025-11-13 18:00:00,18.25,77.21,4.27,0.0
2025-11-13 19:00:00,17.72,78.06,4.8,0.0
2025-11-13 20:00:00,17.24,79.29,5.2,0.0
2025-11-13 21:00:00,16.78,81.13,5.4,0.0
2025-11-13 22:00:00,16.47,82.42,5.5,0.0
2025-11-13 23:00:00,16.24,82.98,5.56,0.0
2025-11-14 00:00:00,16.09,82.97,5.6,0.0
2025-11-14 01:00:00,16.03,82.47,5.63,17.88
2025-11-14 02:00:00,17.55,77.24,6.25,168.3
2025-11-14 03:00:00,19.85,72.63,6.02,378.6
2025-11-14 04:00:00,22.74,69.54,5.28,472.02
2025-11-14 05:00:00,25.65,58.62,4.85,668.95
2025-11-14 06:00:00,27.43,49.86,3.9,778.53
2025-11-14 07:00:00,28.4,45.93,2.92,787.3
2025-11-14 08:00:00,28.74,45.15,2.54,706.03
2025-11-14 09:00:00,28.74,44.68,2.41,556.58
2025-11-14 10:00:00,28.76,44.01,2.24,361.4
2025-11-14 11:00:00,27.39,46.59,2.36,129.1
2025-11-14 12:00:00,24.42,63.87,2.05,8.0
2025-11-14 13:00:00,23.02,60.95,2.27,0.0
2025-11-14 14:00:00,21.82,64.4,2.52,0.0
2025-11-14 15:00:00,20.45,69.49,2.92,0.0
2025-11-14 16:00:00,19.23,73.6,3.36,0.0
2025-11-14 17:00:00,18.24,75.94,3.76,0.0
2025-11-14 18:00:00,17.51,76.62,4.16,0.0
2025-11-14 19:00:00,16.99,76.85,4.62,0.0
2025-11-14 20:00:00,16.55,77.73,4.93,0.0
2025-11-14 21:00:00,16.17,79.28,5.19,0.0
2025-11-14 22:00:00,15.82,81.35,5.3,0.0
2025-11-14 23:00:00,15.5,83.54,5.36,0.0
2025-11-15 00:00:00,15.23,85.34,5.46,0.0
2025-11-15 01:00:00,15.02,86.38,5.59,16.67
2025-11-15 02:00:00,16.27,82.37,6.21,162.77
2025-11-15 03:00:00,18.62,75.86,5.66,371.8
2025-11-15 04:00:00,21.79,67.62,5.0,535.05
2025-11-15 05:00:00,24.62,56.19,4.81,657.05
2025-11-15 06:00:00,26.57,48.04,3.88,772.5
2025-11-15 07:00:00,28.11,41.43,2.81,787.58
2025-11-15 08:00:00,28.62,39.78,2.25,708.17
2025-11-15 09:00:00,28.8,39.3,1.98,541.15
2025-11-15 10:00:00,28.87,38.61,1.8,348.5
2025-11-15 11:00:00,27.63,40.18,1.89,136.6
2025-11-15 12:00:00,24.76,56.13,1.76,8.15
2025-11-15 13:00:00,22.79,56.82,2.25,0.0
2025-11-15 14:00:00,20.81,65.42,2.87,0.0
2025-11-15 15:00:00,19.21,71.77,3.49,0.0
2025-11-15 16:00:00,18.18,74.27,4.02,0.0
2025-11-15 17:00:00,17.5,75.43,4.63,0.0
2025-11-15 18:00:00,17.03,76.69,5.33,0.0
2025-11-15 19:00:00,16.58,78.89,5.7,0.0
2025-11-15 20:00:00,16.12,81.11,5.68,0.0
2025-11-15 21:00:00,15.75,82.5,5.49,0.0
2025-11-15 22:00:00,15.48,82.95,5.4,0.0
2025-11-15 23:00:00,15.29,82.72,5.46,0.0
2025-11-16 00:00:00,15.15,82.24,5.57,0.0
2025-11-16 01:00:00,15.08,81.84,5.72,17.08
2025-11-16 02:00:00,16.62,76.84,6.34,170.1
2025-11-16 03:00:00,18.98,72.17,6.04,383.52
2025-11-16 04:00:00,22.23,66.59,5.68,471.7
2025-11-16 05:00:00,25.04,55.8,5.64,669.6
2025-11-16 06:00:00,26.55,49.01,5.02,788.1
2025-11-16 07:00:00,27.57,45.68,4.27,791.5
2025-11-16 08:00:00,28.26,44.38,3.61,714.22
2025-11-16 09:00:00,28.43,44.04,3.03,548.0
2025-11-16 10:00:00,28.79,40.63,2.72,351.95
2025-11-16 11:00:00,26.87,49.14,2.66,134.57
2025-11-16 12:00:00,23.5,66.78,2.43,7.95
2025-11-16 13:00:00,21.6,67.4,2.83,0.0
2025-11-16 14:00:00,20.25,72.47,3.23,0.0
2025-11-16 15:00:00,19.23,75.66,3.59,0.0
2025-11-16 16:00:00,18.42,77.63,3.88,0.0
2025-11-16 17:00:00,17.78,78.69,4.2,0.0
2025-11-16 18:00:00,17.24,79.2,4.63,0.0
2025-11-16 19:00:00,16.77,79.9,5.02,0.0
2025-11-16 20:00:00,16.33,81.2,5.17,0.0
2025-11-16 21:00:00,15.94,82.78,5.2,0.0
2025-11-16 22:00:00,15.63,84.17,5.24,0.0
2025-11-16 23:00:00,15.34,85.3,5.25,0.0
2025-11-17 00:00:00,15.07,86.55,5.29,0.0
2025-11-17 01:00:00,14.89,87.34,5.4,15.98
2025-11-17 02:00:00,16.31,82.63,6.05,162.52
2025-11-17 03:00:00,18.6,77.05,5.56,371.77
2025-11-17 04:00:00,21.65,69.91,5.11,444.83
2025-11-17 05:00:00,24.34,55.61,5.91,644.22
2025-11-17 06:00:00,25.77,50.06,5.13,764.85
2025-11-17 07:00:00,26.81,46.63,4.15,779.17
2025-11-17 08:00:00,27.42,45.87,3.22,691.3
2025-11-17 09:00:00,27.78,44.16,2.35,534.42
2025-11-17 10:00:00,28.06,43.06,1.87,335.92
2025-11-17 11:00:00,26.67,47.49,2.06,128.15
2025-11-17 12:00:00,23.35,65.88,2.21,7.65
2025-11-17 13:00:00,21.37,67.03,2.71,0.0
2025-11-17 14:00:00,20.12,71.03,3.02,0.0
2025-11-17 15:00:00,19.05,73.55,3.33,0.0
2025-11-17 16:00:00,18.05,75.54,3.71,0.0
2025-11-17 17:00:00,17.21,76.46,4.07,0.0
2025-11-17 18:00:00,16.51,77.26,4.59,0.0
2025-11-17 19:00:00,15.94,78.23,5.14,0.0
2025-11-17 20:00:00,15.44,80.02,5.43,0.0
2025-11-17 21:00:00,14.91,82.4,5.39,0.0
2025-11-17 22:00:00,14.48,83.95,5.39,0.0
2025-11-17 23:00:00,14.14,84.76,5.47,0.0
2025-11-18 00:00:00,13.86,85.75,5.65,0.0
2025-11-18 01:00:00,13.66,86.72,5.87,15.55
2025-11-18 02:00:00,14.81,83.09,6.43,159.55
2025-11-18 03:00:00,17.15,76.79,5.88,368.75
2025-11-18 04:00:00,20.31,68.24,5.59,444.2
2025-11-18 05:00:00,23.12,56.76,5.61,645.2
2025-11-18 06:00:00,24.99,50.89,4.5,770.47
2025-11-18 07:00:00,26.32,46.99,3.39,761.65
2025-11-18 08:00:00,27.23,44.41,2.44,710.38
2025-11-18 09:00:00,27.61,43.06,1.86,545.62
2025-11-18 10:00:00,28.0,40.18,1.79,335.73
2025-11-18 11:00:00,26.58,46.37,1.89,127.88
2025-11-18 12:00:00,23.79,58.37,1.87,7.7
2025-11-18 13:00:00,21.97,58.35,2.29,0.0
2025-11-18 14:00:00,20.3,65.09,2.73,0.0
2025-11-18 15:00:00,18.75,71.12,3.25,0.0
2025-11-18 16:00:00,17.68,74.49,3.73,0.0
2025-11-18 17:00:00,16.93,76.27,4.05,0.0
2025-11-18 18:00:00,16.35,77.48,4.35,0.0
2025-11-18 19:00:00,15.86,78.94,4.7,0.0
2025-11-18 20:00:00,15.47,80.55,5.06,0.0
2025-11-18 21:00:00,15.12,82.46,5.3,0.0
2025-11-18 22:00:00,14.8,84.19,5.47,0.0
2025-11-18 23:00:00,14.51,85.63,5.66,0.0
2025-11-19 00:00:00,14.23,86.97,5.83,0.0
2025-11-19 01:00:00,14.0,88.16,5.94,14.62
2025-11-19 02:00:00,15.4,83.71,6.47,152.57
2025-11-19 03:00:00,18.09,76.74,5.67,357.62
2025-11-19 04:00:00,21.72,66.93,4.97,442.4
2025-11-19 05:00:00,24.83,55.94,4.29,643.83
2025-11-19 06:00:00,27.17,45.35,2.61,768.53
2025-11-19 07:00:00,28.74,37.35,1.1,788.0
2025-11-19 08:00:00,29.22,37.11,0.98,714.08
2025-11-19 09:00:00,29.06,39.14,1.43,564.08
2025-11-19 10:00:00,29.2,36.78,1.86,365.33
2025-11-19 11:00:00,27.36,44.6,2.08,127.85
2025-11-19 12:00:00,24.04,60.12,2.2,7.45
2025-11-19 13:00:00,22.33,58.99,2.49,0.0
2025-11-19 14:00:00,21.06,63.23,2.68,0.0
2025-11-19 15:00:00,19.89,67.23,2.9,0.0
2025-11-19 16:00:00,18.81,70.81,3.19,0.0
2025-11-19 17:00:00,17.92,73.08,3.47,0.0
2025-11-19 18:00:00,17.17,74.73,3.74,0.0
2025-11-19 19:00:00,16.51,76.05,3.98,0.0
2025-11-19 20:00:00,15.97,77.3,4.27,0.0
2025-11-19 21:00:00,15.58,78.7,4.6,0.0
2025-11-19 22:00:00,15.3,80.4,5.0,0.0
2025-11-19 23:00:00,15.14,81.99,5.42,0.0
2025-11-20 00:00:00,14.99,83.49,5.67,0.0
2025-11-20 01:00:00,14.88,84.52,5.86,13.62
2025-11-20 02:00:00,16.3,80.49,6.51,144.75
2025-11-20 03:00:00,18.68,75.44,6.09,344.15
2025-11-20 04:00:00,21.73,71.12,5.08,432.7
2025-11-20 05:00:00,24.89,59.45,5.0,632.5
2025-11-20 06:00:00,26.91,50.61,4.03,758.6
2025-11-20 07:00:00,28.19,44.13,2.77,775.83
2025-11-20 08:00:00,28.72,42.96,2.07,699.4
2025-11-20 09:00:00,28.75,43.5,1.9,539.67
2025-11-20 10:00:00,28.92,41.75,1.92,343.62
2025-11-20 11:00:00,27.31,49.74,1.97,120.28
2025-11-20 12:00:00,24.54,60.27,1.97,7.15
2025-11-20 13:00:00,22.95,59.66,2.28,0.0
2025-11-20 14:00:00,21.38,66.19,2.68,0.0
2025-11-20 15:00:00,19.89,72.32,3.17,0.0
2025-11-20 16:00:00,18.78,75.67,3.65,0.0
2025-11-20 17:00:00,17.93,77.1,4.05,0.0
2025-11-20 18:00:00,17.28,77.97,4.6,0.0
2025-11-20 19:00:00,16.82,79.02,5.25,0.0
2025-11-20 20:00:00,16.41,81.18,5.62,0.0
2025-11-20 21:00:00,16.02,83.65,5.62,0.0
2025-11-20 22:00:00,15.77,85.27,5.61,0.0
2025-11-20 23:00:00,15.6,86.14,5.64,0.0
2025-11-21 00:00:00,15.46,86.69,5.65,0.0
2025-11-21 01:00:00,15.38,86.82,5.7,13.2
2025-11-21 02:00:00,16.79,82.24,6.24,148.3
2025-11-21 03:00:00,19.19,77.21,5.84,349.88
2025-11-21 04:00:00,22.32,72.32,5.09,466.88
2025-11-21 05:00:00,25.5,63.13,5.04,549.47
2025-11-21 06:00:00,27.57,55.37,4.03,703.35
2025-11-21 07:00:00,28.78,49.94,2.86,727.38
2025-11-21 08:00:00,29.4,48.1,2.01,664.97
2025-11-21 09:00:00,29.61,46.18,1.17,485.92
2025-11-21 10:00:00,29.8,46.17,0.48,305.08
2025-11-21 11:00:00,28.91,48.09,0.55,122.25
2025-11-21 12:00:00,26.58,57.68,1.29,6.82
2025-11-21 13:00:00,24.22,64.57,2.17,0.0
2025-11-21 14:00:00,22.68,71.26,2.66,0.0
2025-11-21 15:00:00,21.72,74.66,2.88,0.0
2025-11-21 16:00:00,20.98,76.84,3.03,0.0
2025-11-21 17:00:00,20.38,78.31,3.2,0.0
2025-11-21 18:00:00,19.94,78.99,3.38,0.0
2025-11-21 19:00:00,19.5,79.39,3.59,0.0
2025-11-21 20:00:00,19.08,79.95,3.83,0.0
2025-11-21 21:00:00,18.77,80.97,4.2,0.0
2025-11-21 22:00:00,18.59,82.76,4.66,0.0
2025-11-21 23:00:00,18.47,85.19,5.07,0.0
2025-11-22 00:00:00,18.35,87.88,5.3,0.0
2025-11-22 01:00:00,18.29,90.0,5.37,11.93
2025-11-22 02:00:00,19.55,87.02,5.9,141.07
2025-11-22 03:00:00,21.77,81.96,5.28,338.25
2025-11-22 04:00:00,24.67,76.93,4.26,309.75
2025-11-22 05:00:00,27.68,66.97,4.01,493.15
2025-11-22 06:00:00,29.36,61.36,3.16,727.2
2025-11-22 07:00:00,30.25,57.74,2.64,714.7
2025-11-22 08:00:00,30.53,56.59,2.41,635.45
2025-11-22 09:00:00,30.43,56.57,2.12,469.65
2025-11-22 10:00:00,30.01,58.64,1.74,297.9
2025-11-22 11:00:00,29.22,60.18,1.59,99.28
2025-11-22 12:00:00,26.28,76.61,1.81,6.25
2025-11-22 13:00:00,24.47,81.88,2.24,0.0
2025-11-22 14:00:00,23.75,84.21,2.26,0.0
2025-11-22 15:00:00,23.52,84.07,2.03,0.0
2025-11-22 16:00:00,23.45,82.01,1.77,0.0
2025-11-22 17:00:00,23.1,81.5,1.74,0.0
2025-11-22 18:00:00,22.37,82.51,1.99,0.0
2025-11-22 19:00:00,21.58,84.39,2.34,0.0
2025-11-22 20:00:00,20.92,85.21,2.68,0.0
2025-11-22 21:00:00,20.46,84.4,2.93,0.0
2025-11-22 22:00:00,20.07,82.61,3.13,0.0
2025-11-22 23:00:00,19.71,80.98,3.32,0.0
2025-11-23 00:00:00,19.35,79.84,3.49,0.0
2025-11-23 01:00:00,19.09,78.76,3.65,12.18
2025-11-23 02:00:00,20.86,74.88,3.77,133.5
2025-11-23 03:00:00,22.98,67.18,4.51,313.52
2025-11-23 04:00:00,24.66,66.67,3.92,486.12
2025-11-23 05:00:00,26.81,66.35,2.9,626.7
2025-11-23 06:00:00,30.01,50.0,1.77,687.15
2025-11-23 07:00:00,31.78,42.01,0.91,630.05
2025-11-23 08:00:00,32.25,41.33,0.33,556.78
2025-11-23 09:00:00,32.05,43.34,0.38,440.8
2025-11-23 10:00:00,31.96,43.59,0.67,273.58
2025-11-23 11:00:00,30.81,44.95,0.97,105.3
2025-11-23 12:00:00,27.75,63.93,1.54,7.0
2025-11-23 13:00:00,25.68,68.72,2.02,0.0
2025-11-23 14:00:00,24.65,71.73,2.13,0.0
2025-11-23 15:00:00,24.07,72.72,2.05,0.0
2025-11-23 16:00:00,23.62,73.69,1.93,0.0
2025-11-23 17:00:00,23.07,75.1,1.95,0.0
2025-11-23 18:00:00,22.31,77.79,2.23,0.0
2025-11-23 19:00:00,21.62,80.25,2.58,0.0
2025-11-23 20:00:00,21.14,81.54,2.88,0.0
2025-11-23 21:00:00,20.81,82.41,3.08,0.0
2025-11-23 22:00:00,20.52,83.17,3.22,0.0
2025-11-23 23:00:00,20.24,83.84,3.33,0.0
2025-11-24 00:00:00,19.99,84.5,3.44,0.0
2025-11-24 01:00:00,19.86,85.02,3.52,11.35
2025-11-24 02:00:00,21.34,81.03,4.0,138.02
2025-11-24 03:00:00,23.1,75.53,4.5,322.17
2025-11-24 04:00:00,24.96,74.64,3.53,494.9
2025-11-24 05:00:00,27.43,67.17,2.9,641.78
2025-11-24 06:00:00,29.14,60.76,2.42,697.55
2025-11-24 07:00:00,30.14,56.53,2.01,654.6
2025-11-24 08:00:00,30.85,52.92,1.65,595.7
2025-11-24 09:00:00,31.07,51.78,1.13,463.5
2025-11-24 10:00:00,31.14,52.13,0.56,293.25
2025-11-24 11:00:00,30.24,53.91,0.35,110.9
2025-11-24 12:00:00,28.24,63.43,0.98,6.78
2025-11-24 13:00:00,26.08,74.24,1.81,0.0
2025-11-24 14:00:00,24.85,79.51,2.18,0.0
2025-11-24 15:00:00,24.11,81.36,2.25,0.0
2025-11-24 16:00:00,23.43,82.35,2.26,0.0
2025-11-24 17:00:00,22.83,83.11,2.39,0.0
2025-11-24 18:00:00,22.22,83.92,2.64,0.0
2025-11-24 19:00:00,21.64,84.16,2.91,0.0
2025-11-24 20:00:00,21.07,84.21,3.17,0.0
2025-11-24 21:00:00,20.59,83.83,3.47,0.0
2025-11-24 22:00:00,20.2,83.39,3.83,0.0
2025-11-24 23:00:00,19.86,82.85,4.22,0.0
2025-11-25 00:00:00,19.54,82.66,4.55,0.0
2025-11-25 01:00:00,19.29,82.87,4.79,11.05
2025-11-25 02:00:00,20.46,79.16,5.48,138.48
2025-11-25 03:00:00,22.29,75.99,5.36,330.9
2025-11-25 04:00:00,24.79,73.53,4.5,490.8
2025-11-25 05:00:00,27.8,63.19,4.41,642.0
2025-11-25 06:00:00,29.48,56.13,3.71,711.75
2025-11-25 07:00:00,30.13,54.86,2.98,683.12
2025-11-25 08:00:00,30.45,54.47,2.34,612.85
2025-11-25 09:00:00,30.47,54.23,1.62,466.75
2025-11-25 10:00:00,30.59,52.96,0.96,292.33
2025-11-25 11:00:00,30.09,52.58,0.59,110.32
2025-11-25 12:00:00,27.99,62.54,0.87,6.47
2025-11-25 13:00:00,26.03,71.56,1.52,0.0
2025-11-25 14:00:00,24.86,76.61,1.79,0.0
2025-11-25 15:00:00,24.13,78.7,1.82,0.0
2025-11-25 16:00:00,23.56,79.6,1.85,0.0
2025-11-25 17:00:00,22.78,81.66,2.13,0.0
2025-11-25 18:00:00,22.0,83.0,2.51,0.0
2025-11-25 19:00:00,21.35,82.6,2.8,0.0
2025-11-25 20:00:00,20.73,82.08,3.02,0.0
2025-11-25 21:00:00,20.14,81.94,3.23,0.0
2025-11-25 22:00:00,19.66,82.25,3.5,0.0
2025-11-25 23:00:00,19.37,82.92,3.86,0.0
2025-11-26 00:00:00,19.17,84.01,4.25,0.0
2025-11-26 01:00:00,19.11,85.24,4.69,9.1
2025-11-26 02:00:00,20.41,81.81,5.61,117.22
2025-11-26 03:00:00,22.19,78.5,5.42,299.75
2025-11-26 04:00:00,24.5,75.51,4.69,488.57
2025-11-26 05:00:00,27.31,64.57,4.77,614.59
2025-11-26 06:00:00,28.85,57.32,4.45,647.55
2025-11-26 07:00:00,29.47,55.07,3.77,653.8
2025-11-26 08:00:00,29.61,54.33,3.06,603.67
2025-11-26 09:00:00,29.83,54.0,2.07,460.55
2025-11-26 10:00:00,30.19,49.03,1.55,277.42
2025-11-26 11:00:00,29.42,49.95,1.03,104.22
2025-11-26 12:00:00,27.96,56.1,0.52,6.15
2025-11-26 13:00:00,25.75,66.07,1.51,0.0
2025-11-26 14:00:00,24.05,75.54,2.1,0.0
2025-11-26 15:00:00,23.12,80.1,2.24,0.0
2025-11-26 16:00:00,22.61,82.01,2.19,0.0
2025-11-26 17:00:00,22.02,83.63,2.34,0.0
2025-11-26 18:00:00,21.25,85.07,2.77,0.0
2025-11-26 19:00:00,20.57,84.93,3.11,0.0
2025-11-26 20:00:00,19.94,84.45,3.34,0.0
2025-11-26 21:00:00,19.49,84.63,3.56,0.0
2025-11-26 22:00:00,19.22,85.11,3.88,0.0
2025-11-26 23:00:00,19.08,85.42,4.33,0.0
2025-11-27 00:00:00,19.03,86.03,4.81,0.0
2025-11-27 01:00:00,19.0,86.97,5.18,8.73
2025-11-27 02:00:00,20.24,83.74,5.82,115.05
2025-11-27 03:00:00,22.25,79.59,5.39,292.52
2025-11-27 04:00:00,25.0,74.23,4.79,403.27
2025-11-27 05:00:00,27.67,64.55,4.88,499.1
2025-11-27 06:00:00,29.04,58.78,4.07,652.62
2025-11-27 07:00:00,29.69,56.41,3.07,688.9
2025-11-27 08:00:00,29.99,54.72,2.3,611.9
2025-11-27 09:00:00,30.13,53.4,1.66,464.23
2025-11-27 10:00:00,30.29,52.28,1.29,271.88
2025-11-27 11:00:00,29.66,52.01,1.2,98.68
2025-11-27 12:00:00,27.99,59.7,0.81,5.8
2025-11-27 13:00:00,25.88,66.95,1.63,0.0
2025-11-27 14:00:00,24.24,75.23,2.21,0.0
2025-11-27 15:00:00,23.23,79.42,2.43,0.0
2025-11-27 16:00:00,22.45,82.11,2.64,0.0
2025-11-27 17:00:00,21.69,84.1,3.02,0.0
2025-11-27 18:00:00,21.07,84.74,3.38,0.0
2025-11-27 19:00:00,20.55,85.5,3.77,0.0
2025-11-27 20:00:00,20.15,87.19,4.07,0.0
2025-11-27 21:00:00,19.88,89.04,4.19,0.0
2025-11-27 22:00:00,19.68,90.21,4.28,0.0
2025-11-27 23:00:00,19.55,90.68,4.47,0.0
2025-11-28 00:00:00,19.44,90.93,4.57,0.0
2025-11-28 01:00:00,19.34,91.0,4.64,7.22
2025-11-28 02:00:00,20.47,86.37,5.34,95.93
2025-11-28 03:00:00,22.26,80.76,5.13,256.27
2025-11-28 04:00:00,24.61,75.85,4.29,378.4
2025-11-28 05:00:00,27.35,63.12,4.61,490.7
2025-11-28 06:00:00,28.77,55.16,4.21,615.12
2025-11-28 07:00:00,29.4,52.69,3.44,626.0
2025-11-28 08:00:00,29.7,51.84,2.66,559.05
2025-11-28 09:00:00,29.81,51.28,1.92,440.77
2025-11-28 10:00:00,29.88,50.99,1.59,268.08
2025-11-28 11:00:00,28.61,56.13,1.82,97.5
2025-11-28 12:00:00,25.82,71.02,1.97,5.85
2025-11-28 13:00:00,24.15,72.98,2.5,0.0
2025-11-28 14:00:00,23.13,76.99,2.79,0.0
2025-11-28 15:00:00,22.44,79.95,2.84,0.0
2025-11-28 16:00:00,21.86,82.41,2.85,0.0
2025-11-28 17:00:00,21.29,84.18,2.97,0.0
2025-11-28 18:00:00,20.75,85.1,3.15,0.0
2025-11-28 19:00:00,20.21,85.87,3.36,0.0
2025-11-28 20:00:00,19.72,86.14,3.64,0.0
2025-11-28 21:00:00,19.29,85.84,3.98,0.0
2025-11-28 22:00:00,18.88,85.16,4.29,0.0
2025-11-28 23:00:00,18.49,84.61,4.49,0.0
2025-11-29 00:00:00,18.15,84.12,4.67,0.0
2025-11-29 01:00:00,17.89,83.56,4.89,9.32
2025-11-29 02:00:00,19.04,78.37,5.66,125.2
2025-11-29 03:00:00,20.88,73.06,5.42,304.58
2025-11-29 04:00:00,23.44,68.03,4.7,476.05
2025-11-29 05:00:00,26.22,54.95,5.25,617.97
2025-11-29 06:00:00,27.82,47.01,5.1,690.25
2025-11-29 07:00:00,28.67,43.37,4.61,641.47
2025-11-29 08:00:00,29.05,41.8,4.07,635.22
2025-11-29 09:00:00,29.17,42.39,3.5,486.95
2025-11-29 10:00:00,29.02,40.38,3.39,304.48
2025-11-29 11:00:00,26.88,54.92,2.77,116.7
2025-11-29 12:00:00,24.11,65.34,2.41,7.05
2025-11-29 13:00:00,22.81,63.69,2.61,0.0
2025-11-29 14:00:00,21.42,69.18,3.06,0.0
2025-11-29 15:00:00,20.21,73.48,3.57,0.0
2025-11-29 16:00:00,19.33,74.84,3.97,0.0
2025-11-29 17:00:00,18.58,75.14,4.39,0.0
2025-11-29 18:00:00,17.84,75.65,4.71,0.0
2025-11-29 19:00:00,17.14,77.1,4.84,0.0
2025-11-29 20:00:00,16.58,78.94,4.88,0.0
2025-11-29 21:00:00,16.17,80.75,4.83,0.0
2025-11-29 22:00:00,15.9,82.33,4.75,0.0
2025-11-29 23:00:00,15.69,83.48,4.68,0.0
2025-11-30 00:00:00,15.5,84.19,4.67,0.0
2025-11-30 01:00:00,15.42,84.22,4.73,8.73
2025-11-30 02:00:00,17.43,77.43,5.42,130.4
2025-11-30 03:00:00,19.93,70.77,5.49,330.38
2025-11-30 04:00:00,22.62,67.84,4.44,497.08
2025-11-30 05:00:00,25.88,57.58,4.46,666.88
2025-11-30 06:00:00,27.81,49.25,3.61,758.12
2025-11-30 07:00:00,28.54,46.95,2.76,723.42
2025-11-30 08:00:00,28.8,46.21,2.27,638.08
2025-11-30 09:00:00,28.74,46.55,2.08,500.4
2025-11-30 10:00:00,28.64,47.1,2.06,314.73
2025-11-30 11:00:00,27.05,54.34,2.25,118.35
2025-11-30 12:00:00,24.19,68.09,2.15,7.12
2025-11-30 13:00:00,22.76,66.94,2.44,0.0
2025-11-30 14:00:00,21.46,69.58,2.8,0.0
2025-11-30 15:00:00,20.2,71.73,3.21,0.0
2025-11-30 16:00:00,19.08,73.01,3.67,0.0
2025-11-30 17:00:00,18.19,72.83,4.09,0.0
2025-11-30 18:00:00,17.51,72.09,4.59,0.0
2025-11-30 19:00:00,16.96,72.8,5.04,0.0
2025-11-30 20:00:00,16.49,75.58,5.28,0.0
2025-11-30 21:00:00,16.19,79.09,5.33,0.0
2025-11-30 22:00:00,16.04,82.03,5.32,0.0
2025-11-30 23:00:00,15.94,84.33,5.24,0.0
2025-12-01 00:00:00,15.87,86.08,5.12,0.0
2025-12-01 01:00:00,15.85,87.59,5.01,8.15
2025-12-01 02:00:00,17.44,82.9,5.59,125.97
2025-12-01 03:00:00,19.88,76.6,5.25,321.77
2025-12-01 04:00:00,22.82,70.99,4.25,444.85
2025-12-01 05:00:00,26.16,59.92,3.41,620.1
2025-12-01 06:00:00,28.63,47.84,2.19,728.1
2025-12-01 07:00:00,29.58,45.08,1.61,722.8
2025-12-01 08:00:00,29.86,43.87,1.69,633.25
2025-12-01 09:00:00,30.0,43.54,1.79,501.55
2025-12-01 10:00:00,29.72,42.39,1.9,318.17
2025-12-01 11:00:00,27.93,53.3,1.89,122.3
2025-12-01 12:00:00,24.88,66.5,2.12,7.0
2025-12-01 13:00:00,23.44,65.09,2.33,0.0
2025-12-01 14:00:00,22.64,66.81,2.27,0.0
2025-12-01 15:00:00,22.03,67.34,2.19,0.0
2025-12-01 16:00:00,21.3,67.92,2.22,0.0
2025-12-01 17:00:00,20.08,71.45,2.62,0.0
2025-12-01 18:00:00,18.88,75.06,3.13,0.0
2025-12-01 19:00:00,18.21,76.96,3.47,0.0
2025-12-01 20:00:00,17.76,78.14,3.57,0.0
2025-12-01 21:00:00,17.39,79.24,3.57,0.0
2025-12-01 22:00:00,17.07,80.28,3.59,0.0
2025-12-01 23:00:00,16.84,81.06,3.62,0.0
2025-12-02 00:00:00,16.7,81.56,3.69,0.0
2025-12-02 01:00:00,16.66,81.82,3.75,8.0
2025-12-02 02:00:00,18.49,78.25,3.84,119.45
2025-12-02 03:00:00,20.79,70.27,4.72,303.48
2025-12-02 04:00:00,22.78,69.57,3.95,483.55
2025-12-02 05:00:00,25.72,60.03,2.85,625.1
2025-12-02 06:00:00,28.34,46.53,1.63,696.12
2025-12-02 07:00:00,29.23,44.07,1.1,676.55
2025-12-02 08:00:00,29.38,44.11,1.3,600.97
2025-12-02 09:00:00,29.27,45.06,1.45,449.67
2025-12-02 10:00:00,29.22,42.62,1.5,282.1
2025-12-02 11:00:00,27.65,53.4,1.48,103.45
2025-12-02 12:00:00,25.1,63.24,1.81,7.03
2025-12-02 13:00:00,23.46,64.95,2.22,0.0
2025-12-02 14:00:00,22.45,68.97,2.36,0.0
2025-12-02 15:00:00,21.7,71.36,2.4,0.0
2025-12-02 16:00:00,21.01,73.11,2.48,0.0
2025-12-02 17:00:00,20.28,75.2,2.65,0.0
2025-12-02 18:00:00,19.56,77.35,2.91,0.0
2025-12-02 19:00:00,18.91,79.5,3.22,0.0
2025-12-02 20:00:00,18.36,81.36,3.55,0.0
2025-12-02 21:00:00,17.94,83.67,3.83,0.0
2025-12-02 22:00:00,17.51,86.78,3.94,0.0
2025-12-02 23:00:00,17.14,89.7,3.86,0.0
2025-12-03 00:00:00,16.97,91.49,3.81,0.0
2025-12-03 01:00:00,17.0,92.24,3.89,6.78
2025-12-03 02:00:00,18.52,87.03,4.98,105.72
2025-12-03 03:00:00,20.52,80.72,5.07,281.85
2025-12-03 04:00:00,23.33,72.39,4.74,360.4
2025-12-03 05:00:00,26.17,61.29,4.84,540.25
2025-12-03 06:00:00,28.01,55.17,4.64,664.88
2025-12-03 07:00:00,29.05,51.95,4.08,698.95
2025-12-03 08:00:00,29.54,50.45,3.4,611.22
2025-12-03 09:00:00,29.63,50.0,2.73,480.7
2025-12-03 10:00:00,29.62,50.52,2.08,296.05
2025-12-03 11:00:00,28.34,56.48,1.88,111.07
2025-12-03 12:00:00,25.79,66.21,1.79,6.72
2025-12-03 13:00:00,24.03,68.19,2.33,0.0
2025-12-03 14:00:00,22.54,73.16,2.86,0.0
2025-12-03 15:00:00,21.44,75.66,3.28,0.0
2025-12-03 16:00:00,20.61,76.15,3.68,0.0
2025-12-03 17:00:00,19.93,76.4,4.11,0.0
2025-12-03 18:00:00,19.39,77.42,4.65,0.0
2025-12-03 19:00:00,18.99,79.92,5.17,0.0
2025-12-03 20:00:00,18.65,82.63,5.55,0.0
2025-12-03 21:00:00,18.32,84.4,5.75,0.0
2025-12-03 22:00:00,18.07,85.12,5.86,0.0
2025-12-03 23:00:00,17.88,85.18,5.96,0.0
2025-12-04 00:00:00,17.72,84.86,6.09,0.0
2025-12-04 01:00:00,17.62,84.23,6.25,6.3
2025-12-04 02:00:00,18.55,80.26,6.69,102.9
2025-12-04 03:00:00,20.75,73.77,6.44,277.52
2025-12-04 04:00:00,23.67,67.63,5.72,362.35
2025-12-04 05:00:00,26.91,58.58,4.91,447.27
2025-12-04 06:00:00,28.83,53.81,3.69,604.2
2025-12-04 07:00:00,29.76,51.83,2.58,646.7
2025-12-04 08:00:00,30.29,50.16,1.75,580.9
2025-12-04 09:00:00,30.43,49.15,1.23,438.2
2025-12-04 10:00:00,30.51,48.89,1.07,280.1
2025-12-04 11:00:00,29.35,53.55,1.3,104.53
2025-12-04 12:00:00,26.28,69.45,1.87,6.53
2025-12-04 13:00:00,24.14,74.46,2.6,0.0
2025-12-04 14:00:00,22.99,78.12,3.0,0.0
2025-12-04 15:00:00,22.21,80.11,3.06,0.0
2025-12-04 16:00:00,21.56,80.83,3.04,0.0
2025-12-04 17:00:00,20.98,80.79,3.16,0.0
2025-12-04 18:00:00,20.49,80.79,3.39,0.0
2025-12-04 19:00:00,20.11,81.26,3.76,0.0
2025-12-04 20:00:00,19.89,82.41,4.36,0.0
2025-12-04 21:00:00,19.75,84.76,4.98,0.0
2025-12-04 22:00:00,19.62,87.6,5.51,0.0
2025-12-04 23:00:00,19.43,90.15,5.72,0.0
2025-12-05 00:00:00,19.31,91.38,5.82,0.0
2025-12-05 01:00:00,19.29,91.01,6.06,6.15
2025-12-05 02:00:00,20.27,85.64,6.73,106.07
2025-12-05 03:00:00,22.39,77.35,6.49,288.52
2025-12-05 04:00:00,25.15,68.21,5.91,399.38
2025-12-05 05:00:00,27.66,60.26,5.47,595.67
2025-12-05 06:00:00,29.22,56.91,4.5,674.25
2025-12-05 07:00:00,30.08,54.74,3.4,650.08
2025-12-05 08:00:00,30.5,52.82,2.62,582.65
2025-12-05 09:00:00,30.49,52.38,2.28,482.55
2025-12-05 10:00:00,30.35,53.06,2.13,303.05
2025-12-05 11:00:00,29.02,58.2,2.25,105.05
2025-12-05 12:00:00,26.15,72.79,2.17,6.68
2025-12-05 13:00:00,24.76,72.93,2.49,0.0
2025-12-05 14:00:00,23.79,75.3,2.75,0.0
2025-12-05 15:00:00,22.96,76.37,2.97,0.0
2025-12-05 16:00:00,22.2,77.02,3.2,0.0
2025-12-05 17:00:00,21.44,77.67,3.56,0.0
2025-12-05 18:00:00,20.79,78.07,4.05,0.0
2025-12-05 19:00:00,20.32,78.87,4.74,0.0
2025-12-05 20:00:00,19.94,80.52,5.19,0.0
2025-12-05 21:00:00,19.63,82.0,5.4,0.0
2025-12-05 22:00:00,19.37,82.42,5.44,0.0
2025-12-05 23:00:00,19.18,82.14,5.43,0.0
2025-12-06 00:00:00,19.02,81.56,5.44,0.0
2025-12-06 01:00:00,18.86,81.2,5.55,6.32
2025-12-06 02:00:00,19.61,77.83,6.18,93.05
2025-12-06 03:00:00,21.24,72.82,6.32,245.55
2025-12-06 04:00:00,23.66,66.69,6.28,396.85
2025-12-06 05:00:00,26.33,58.29,6.01,510.5
2025-12-06 06:00:00,28.04,53.28,5.28,605.58
2025-12-06 07:00:00,28.98,51.01,4.29,605.25
2025-12-06 08:00:00,29.37,50.01,3.46,564.1
2025-12-06 09:00:00,29.24,51.38,2.69,459.02
2025-12-06 10:00:00,29.06,49.58,2.4,288.55
2025-12-06 11:00:00,27.23,64.01,1.99,109.38
2025-12-06 12:00:00,25.38,67.51,1.89,7.35
2025-12-06 13:00:00,24.61,64.57,1.92,0.0
2025-12-06 14:00:00,23.79,66.2,2.05,0.0
2025-12-06 15:00:00,22.9,69.2,2.24,0.0
2025-12-06 16:00:00,21.97,72.75,2.51,0.0
2025-12-06 17:00:00,20.84,77.88,2.97,0.0
2025-12-06 18:00:00,20.03,79.66,3.51,0.0
2025-12-06 19:00:00,19.58,77.97,4.26,0.0
2025-12-06 20:00:00,19.22,76.62,4.85,0.0
2025-12-06 21:00:00,18.78,77.47,4.91,0.0
2025-12-06 22:00:00,18.39,78.78,4.9,0.0
2025-12-06 23:00:00,18.15,79.92,4.92,0.0
2025-12-07 00:00:00,18.2,79.95,5.15,0.0
2025-12-07 01:00:00,18.17,80.61,5.3,5.88
2025-12-07 02:00:00,18.53,79.83,5.65,103.78
2025-12-07 03:00:00,19.51,77.26,5.7,289.42
2025-12-07 04:00:00,21.12,73.85,5.24,475.77
2025-12-07 05:00:00,22.98,70.69,4.94,545.28
2025-12-07 06:00:00,24.96,63.38,4.86,686.2
2025-12-07 07:00:00,26.54,57.25,4.15,720.95
2025-12-07 08:00:00,27.71,52.92,3.35,666.17
2025-12-07 09:00:00,28.38,50.86,2.69,498.17
2025-12-07 10:00:00,28.71,50.4,2.12,344.6
2025-12-07 11:00:00,27.78,54.9,1.88,140.45
2025-12-07 12:00:00,26.18,56.35,1.27,8.48
2025-12-07 13:00:00,25.74,50.28,1.11,0.0
2025-12-07 14:00:00,24.17,55.37,1.27,0.0
2025-12-07 15:00:00,22.71,61.09,1.86,0.0
2025-12-07 16:00:00,20.6,70.64,2.67,0.0
2025-12-07 17:00:00,18.99,76.6,3.29,0.0
2025-12-07 18:00:00,17.92,78.25,3.58,0.0
2025-12-07 19:00:00,17.13,78.65,3.76,0.0
2025-12-07 20:00:00,16.58,78.55,4.07,0.0
2025-12-07 21:00:00,16.25,77.59,4.57,0.0
2025-12-07 22:00:00,16.0,76.81,5.09,0.0
2025-12-07 23:00:00,15.77,76.89,5.49,0.0
2025-12-08 00:00:00,15.54,78.06,5.73,0.0
2025-12-08 01:00:00,15.36,79.67,5.87,5.85
2025-12-08 02:00:00,16.64,75.99,6.55,117.07
2025-12-08 03:00:00,18.97,70.9,6.09,312.42
2025-12-08 04:00:00,22.03,67.21,4.86,445.58
2025-12-08 05:00:00,25.49,57.98,4.55,550.7
2025-12-08 06:00:00,28.0,48.97,3.85,691.08
2025-12-08 07:00:00,29.18,46.85,2.9,721.22
2025-12-08 08:00:00,29.75,44.87,2.2,631.34
2025-12-08 09:00:00,29.93,43.33,1.51,482.73
2025-12-08 10:00:00,30.14,41.58,1.14,308.88
2025-12-08 11:00:00,28.91,46.55,1.34,148.77
2025-12-08 12:00:00,25.72,58.92,1.84,9.07
2025-12-08 13:00:00,23.54,62.23,2.45,0.0
2025-12-08 14:00:00,22.09,66.92,2.75,0.0
2025-12-08 15:00:00,21.1,68.9,2.84,0.0
2025-12-08 16:00:00,19.96,70.37,3.16,0.0
2025-12-08 17:00:00,18.67,71.43,3.86,0.0
2025-12-08 18:00:00,17.69,70.34,4.69,0.0
2025-12-08 19:00:00,17.01,69.77,5.67,0.0
2025-12-08 20:00:00,16.38,70.96,6.13,0.0
2025-12-08 21:00:00,15.65,74.15,6.03,0.0
2025-12-08 22:00:00,15.06,77.01,5.98,0.0
2025-12-08 23:00:00,14.62,78.78,5.91,0.0
2025-12-09 00:00:00,14.14,80.42,5.73,0.0
2025-12-09 01:00:00,13.66,82.01,5.54,6.68
2025-12-09 02:00:00,15.04,76.75,6.12,141.05
2025-12-09 03:00:00,17.72,69.07,5.66,357.55
2025-12-09 04:00:00,21.15,64.19,4.43,467.8
2025-12-09 05:00:00,24.94,55.0,4.76,658.55
2025-12-09 06:00:00,27.97,40.44,5.54,774.72
2025-12-09 07:00:00,29.28,37.17,5.14,794.33
2025-12-09 08:00:00,29.87,36.73,4.45,714.8
2025-12-09 09:00:00,30.16,37.55,3.5,564.9
2025-12-09 10:00:00,30.14,34.55,3.09,375.75
2025-12-09 11:00:00,27.94,50.22,2.25,156.43
2025-12-09 12:00:00,25.43,53.16,1.88,9.85
2025-12-09 13:00:00,23.45,54.43,2.35,0.0
2025-12-09 14:00:00,21.37,62.25,2.98,0.0
2025-12-09 15:00:00,19.58,68.71,3.71,0.0
2025-12-09 16:00:00,18.51,69.5,4.4,0.0
2025-12-09 17:00:00,17.82,68.03,5.14,0.0
2025-12-09 18:00:00,17.21,67.5,5.71,0.0
2025-12-09 19:00:00,16.54,68.71,5.93,0.0
2025-12-09 20:00:00,15.94,70.22,6.01,0.0
2025-12-09 21:00:00,15.41,71.63,5.96,0.0
2025-12-09 22:00:00,14.97,72.65,5.98,0.0
2025-12-09 23:00:00,14.54,73.74,5.89,0.0
2025-12-10 00:00:00,14.11,74.78,5.69,0.0
2025-12-10 01:00:00,13.79,75.09,5.57,6.38
2025-12-10 02:00:00,15.55,68.53,6.16,140.0
2025-12-10 03:00:00,18.25,62.36,5.77,360.1
2025-12-10 04:00:00,21.44,59.75,4.62,535.92
2025-12-10 05:00:00,25.2,50.83,4.98,696.85
2025-12-10 06:00:00,27.96,38.82,5.24,788.38
2025-12-10 07:00:00,29.15,36.15,4.21,795.55
2025-12-10 08:00:00,29.73,35.62,3.22,721.25
2025-12-10 09:00:00,29.74,37.29,2.56,593.08
2025-12-10 10:00:00,30.2,32.9,2.41,404.2
2025-12-10 11:00:00,28.18,44.81,2.1,164.05
2025-12-10 12:00:00,25.47,49.78,1.9,10.38
2025-12-10 13:00:00,23.76,48.99,2.27,0.0
2025-12-10 14:00:00,21.97,54.03,2.78,0.0
2025-12-10 15:00:00,20.3,59.41,3.26,0.0
2025-12-10 16:00:00,18.75,64.62,3.77,0.0
2025-12-10 17:00:00,17.56,67.39,4.29,0.0
2025-12-10 18:00:00,16.75,69.0,4.63,0.0
2025-12-10 19:00:00,16.18,70.31,4.89,0.0
2025-12-10 20:00:00,15.77,71.26,5.09,0.0
2025-12-10 21:00:00,15.45,71.35,5.2,0.0
2025-12-10 22:00:00,15.19,71.08,5.27,0.0
2025-12-10 23:00:00,15.04,70.59,5.4,0.0
2025-12-11 00:00:00,14.96,69.87,5.58,0.0
2025-12-11 01:00:00,14.86,69.52,5.68,5.9
2025-12-11 02:00:00,16.68,63.85,6.27,136.57
2025-12-11 03:00:00,19.19,59.24,6.21,354.7
2025-12-11 04:00:00,21.99,58.93,4.83,523.6
2025-12-11 05:00:00,25.27,52.41,4.4,689.28
2025-12-11 06:00:00,27.93,36.93,4.26,781.83
2025-12-11 07:00:00,28.83,34.01,3.44,789.67
2025-12-11 08:00:00,29.2,34.04,2.68,716.75
2025-12-11 09:00:00,29.2,34.45,2.0,571.17
2025-12-11 10:00:00,29.3,33.81,1.61,381.85
2025-12-11 11:00:00,27.95,38.97,1.53,162.8
2025-12-11 12:00:00,25.07,47.94,1.58,10.65
2025-12-11 13:00:00,22.68,51.85,2.37,0.0
2025-12-11 14:00:00,20.71,60.94,2.9,0.0
2025-12-11 15:00:00,19.61,65.94,3.02,0.0
2025-12-11 16:00:00,18.88,68.13,3.02,0.0
2025-12-11 17:00:00,18.13,68.87,3.12,0.0
2025-12-11 18:00:00,17.22,69.34,3.37,0.0
2025-12-11 19:00:00,16.29,69.39,3.74,0.0
2025-12-11 20:00:00,15.55,69.02,4.16,0.0
2025-12-11 21:00:00,15.11,68.66,4.63,0.0
2025-12-11 22:00:00,14.85,68.68,5.16,0.0
2025-12-11 23:00:00,14.61,69.68,5.52,0.0
2025-12-12 00:00:00,14.48,71.18,5.82,0.0
2025-12-12 01:00:00,14.39,72.99,6.03,5.45
2025-12-12 02:00:00,15.84,69.99,6.61,131.1
2025-12-12 03:00:00,18.33,65.41,6.1,345.25
2025-12-12 04:00:00,21.45,62.28,4.78,531.53
2025-12-12 05:00:00,25.09,52.57,4.54,688.95
2025-12-12 06:00:00,27.88,40.03,4.17,777.83
2025-12-12 07:00:00,29.06,37.27,3.09,785.35
2025-12-12 08:00:00,29.57,36.7,2.11,710.5
2025-12-12 09:00:00,29.68,35.76,1.33,567.03
2025-12-12 10:00:00,29.82,34.71,1.17,374.05
2025-12-12 11:00:00,28.12,43.89,1.44,157.8
2025-12-12 12:00:00,24.12,59.8,2.19,10.45
2025-12-12 13:00:00,21.74,64.11,2.86,0.0
2025-12-12 14:00:00,20.46,69.67,3.04,0.0
2025-12-12 15:00:00,19.66,72.76,2.95,0.0
2025-12-12 16:00:00,19.17,73.09,2.81,0.0
2025-12-12 17:00:00,18.68,71.71,2.85,0.0
2025-12-12 18:00:00,17.76,72.01,3.21,0.0
2025-12-12 19:00:00,16.78,72.65,3.74,0.0
2025-12-12 20:00:00,16.11,72.38,4.13,0.0
2025-12-12 21:00:00,15.67,72.54,4.49,0.0
2025-12-12 22:00:00,15.31,73.31,4.79,0.0
2025-12-12 23:00:00,15.03,74.57,5.01,0.0
2025-12-13 00:00:00,14.83,76.15,5.09,0.0
2025-12-13 01:00:00,14.7,77.33,5.16,5.03
2025-12-13 02:00:00,16.57,71.01,6.06,125.57
2025-12-13 03:00:00,19.1,65.13,5.75,336.45
2025-12-13 04:00:00,22.12,61.86,4.24,498.48
2025-12-13 05:00:00,25.76,50.99,3.41,666.97
2025-12-13 06:00:00,28.78,37.42,2.46,763.72
2025-12-13 07:00:00,29.92,34.71,1.44,774.38
2025-12-13 08:00:00,30.5,32.38,0.83,700.78
2025-12-13 09:00:00,30.47,32.75,0.61,551.33
2025-12-13 10:00:00,30.33,33.96,0.84,367.48
2025-12-13 11:00:00,29.17,36.9,0.91,154.57
2025-12-13 12:00:00,27.21,39.88,0.56,10.48
2025-12-13 13:00:00,24.98,45.73,1.12,0.0
2025-12-13 14:00:00,23.2,51.99,1.81,0.0
2025-12-13 15:00:00,21.28,61.11,2.32,0.0
2025-12-13 16:00:00,20.04,67.82,2.49,0.0
2025-12-13 17:00:00,19.51,69.79,2.42,0.0
2025-12-13 18:00:00,18.86,70.68,2.61,0.0
2025-12-13 19:00:00,17.42,75.35,3.33,0.0
2025-12-13 20:00:00,16.6,75.54,3.96,0.0
2025-12-13 21:00:00,16.21,73.88,4.62,0.0
2025-12-13 22:00:00,15.96,72.76,5.24,0.0
2025-12-13 23:00:00,15.66,73.47,5.59,0.0
2025-12-14 00:00:00,15.36,75.32,5.74,0.0
2025-12-14 01:00:00,15.19,77.04,5.93,4.68
2025-12-14 02:00:00,16.56,73.25,6.61,120.57
2025-12-14 03:00:00,19.12,67.43,6.18,327.98
2025-12-14 04:00:00,22.38,62.66,5.11,516.28
2025-12-14 05:00:00,25.89,51.21,5.5,656.53
2025-12-14 06:00:00,28.05,42.84,4.97,755.22
2025-12-14 07:00:00,29.18,40.08,3.86,760.78
2025-12-14 08:00:00,29.8,39.12,2.92,678.78
2025-12-14 09:00:00,29.9,39.63,1.97,539.35
2025-12-14 10:00:00,30.3,36.16,1.29,355.55
2025-12-14 11:00:00,29.26,39.49,0.58,148.15
2025-12-14 12:00:00,26.75,47.04,0.92,10.3
2025-12-14 13:00:00,24.26,56.31,1.86,0.0
2025-12-14 14:00:00,22.45,64.14,2.35,0.0
2025-12-14 15:00:00,21.15,69.67,2.59,0.0
2025-12-14 16:00:00,20.13,73.19,2.74,0.0
2025-12-14 17:00:00,19.09,75.11,3.05,0.0
2025-12-14 18:00:00,18.02,75.19,3.59,0.0
2025-12-14 19:00:00,17.16,73.32,4.09,0.0
2025-12-14 20:00:00,16.56,71.89,4.66,0.0
2025-12-14 21:00:00,16.11,72.22,5.04,0.0
2025-12-14 22:00:00,15.72,73.41,5.19,0.0
2025-12-14 23:00:00,15.4,74.6,5.23,0.0
2025-12-15 00:00:00,15.19,75.31,5.25,0.0
2025-12-15 01:00:00,15.05,75.42,5.29,4.45
2025-12-15 02:00:00,16.82,68.92,5.99,120.35
2025-12-15 03:00:00,19.3,63.01,5.97,330.3
2025-12-15 04:00:00,22.21,60.8,4.76,526.75
2025-12-15 05:00:00,25.76,51.04,4.79,672.67
2025-12-15 06:00:00,28.17,39.21,4.66,766.85
2025-12-15 07:00:00,29.02,37.19,3.75,768.72
2025-12-15 08:00:00,29.43,36.74,2.99,710.05
2025-12-15 09:00:00,29.37,37.81,2.5,562.67
2025-12-15 10:00:00,29.35,38.27,2.25,365.7
2025-12-15 11:00:00,27.63,49.06,2.06,151.73
2025-12-15 12:00:00,25.07,53.68,1.79,10.55
2025-12-15 13:00:00,23.7,52.61,2.03,0.0
2025-12-15 14:00:00,22.31,56.96,2.33,0.0
2025-12-15 15:00:00,20.95,62.31,2.65,0.0
2025-12-15 16:00:00,19.28,69.03,3.24,0.0
2025-12-15 17:00:00,17.9,72.84,3.9,0.0
2025-12-15 18:00:00,17.1,73.24,4.45,0.0
2025-12-15 19:00:00,16.52,73.67,5.07,0.0
2025-12-15 20:00:00,15.98,75.09,5.46,0.0
2025-12-15 21:00:00,15.47,76.76,5.58,0.0
2025-12-15 22:00:00,15.11,77.82,5.79,0.0
2025-12-15 23:00:00,14.85,78.6,6.01,0.0
2025-12-16 00:00:00,14.66,79.35,6.2,0.0
2025-12-16 01:00:00,14.54,79.85,6.31,3.58
2025-12-16 02:00:00,15.76,75.48,6.82,94.43
2025-12-16 03:00:00,18.45,68.21,6.47,279.92
2025-12-16 04:00:00,21.87,62.21,5.7,467.23
2025-12-16 05:00:00,25.51,51.8,6.13,632.62
2025-12-16 06:00:00,27.57,44.84,5.52,733.03
2025-12-16 07:00:00,28.64,41.71,4.59,749.53
2025-12-16 08:00:00,29.25,40.22,3.77,677.97
2025-12-16 09:00:00,29.33,40.71,2.98,545.38
2025-12-16 10:00:00,29.43,40.86,2.09,363.2
2025-12-16 11:00:00,28.32,47.0,1.42,137.1
2025-12-16 12:00:00,27.41,40.41,0.25,9.93
2025-12-16 13:00:00,25.79,44.44,0.87,0.0
2025-12-16 14:00:00,23.69,53.24,1.62,0.0
2025-12-16 15:00:00,22.09,59.22,2.2,0.0
2025-12-16 16:00:00,20.48,65.91,2.69,0.0
2025-12-16 17:00:00,19.12,70.26,3.2,0.0
2025-12-16 18:00:00,18.16,71.07,3.71,0.0
2025-12-16 19:00:00,17.5,70.15,4.12,0.0
2025-12-16 20:00:00,17.07,68.95,4.62,0.0
2025-12-16 21:00:00,16.78,68.96,5.26,0.0
2025-12-16 22:00:00,16.56,70.36,6.0,0.0
2025-12-16 23:00:00,16.22,73.58,6.39,0.0
2025-12-17 00:00:00,15.92,77.01,6.54,0.0
2025-12-17 01:00:00,15.78,79.38,6.55,3.35
2025-12-17 02:00:00,16.94,76.52,6.88,95.45
2025-12-17 03:00:00,19.57,69.68,6.29,282.02
2025-12-17 04:00:00,22.92,63.99,5.24,461.3
2025-12-17 05:00:00,26.51,54.25,5.02,596.42
2025-12-17 06:00:00,29.2,45.0,3.75,703.38
2025-12-17 07:00:00,30.69,41.19,2.03,724.12
2025-12-17 08:00:00,31.36,40.14,0.72,659.22
2025-12-17 09:00:00,31.24,41.26,0.87,510.77
2025-12-17 10:00:00,31.06,42.95,1.55,332.0
2025-12-17 11:00:00,29.09,53.88,2.04,136.18
2025-12-17 12:00:00,24.95,71.19,2.63,9.9
2025-12-17 13:00:00,23.04,73.77,3.13,0.0
2025-12-17 14:00:00,21.94,77.48,3.29,0.0
2025-12-17 15:00:00,21.01,81.03,3.27,0.0
2025-12-17 16:00:00,20.26,82.65,3.26,0.0
2025-12-17 17:00:00,19.73,81.43,3.3,0.0
2025-12-17 18:00:00,19.23,79.04,3.47,0.0
2025-12-17 19:00:00,18.67,76.86,3.91,0.0
2025-12-17 20:00:00,18.19,74.68,4.5,0.0
2025-12-17 21:00:00,17.8,73.32,5.21,0.0
2025-12-17 22:00:00,17.36,73.79,5.71,0.0
2025-12-17 23:00:00,16.85,75.34,5.87,0.0
2025-12-18 00:00:00,16.47,76.73,5.99,0.0
2025-12-18 01:00:00,16.24,77.42,6.11,3.42
2025-12-18 02:00:00,17.4,73.19,6.7,105.15
2025-12-18 03:00:00,19.79,66.79,6.38,305.05
2025-12-18 04:00:00,22.93,61.56,5.17,478.35
2025-12-18 05:00:00,26.55,49.8,4.74,605.45
2025-12-18 06:00:00,28.96,37.91,4.29,737.8
2025-12-18 07:00:00,29.98,34.72,3.57,766.83
2025-12-18 08:00:00,30.52,33.48,3.0,700.33
2025-12-18 09:00:00,30.56,34.73,2.49,556.85
2025-12-18 10:00:00,30.71,32.69,2.25,375.0
2025-12-18 11:00:00,28.86,45.56,1.83,162.23
2025-12-18 12:00:00,26.29,47.81,1.64,12.32
2025-12-18 13:00:00,24.6,49.24,2.03,0.0
2025-12-18 14:00:00,22.78,56.35,2.44,0.0
2025-12-18 15:00:00,21.32,61.05,2.78,0.0
2025-12-18 16:00:00,20.0,64.46,3.17,0.0
2025-12-18 17:00:00,18.68,66.7,3.65,0.0
2025-12-18 18:00:00,17.67,66.54,4.11,0.0
2025-12-18 19:00:00,16.97,65.4,4.49,0.0
2025-12-18 20:00:00,16.5,64.72,4.94,0.0
2025-12-18 21:00:00,16.07,65.62,5.31,0.0
2025-12-18 22:00:00,15.63,67.67,5.53,0.0
2025-12-18 23:00:00,15.27,69.83,5.58,0.0
2025-12-19 00:00:00,15.0,71.38,5.62,0.0
2025-12-19 01:00:00,14.76,72.27,5.69,0.0
2025-12-19 02:00:00,16.45,66.35,6.45,128.77
2025-12-19 03:00:00,19.07,60.12,6.23,337.35
2025-12-19 04:00:00,22.32,56.43,4.92,510.6
2025-12-19 05:00:00,26.04,47.39,4.62,689.65
2025-12-19 06:00:00,28.86,35.09,4.28,787.1
2025-12-19 07:00:00,30.04,31.76,3.58,801.4
2025-12-19 08:00:00,30.6,30.4,3.15,731.53
2025-12-19 09:00:00,30.64,31.46,2.77,595.0
2025-12-19 10:00:00,30.77,28.43,2.63,400.8
2025-12-19 11:00:00,28.46,44.13,2.05,178.18
2025-12-19 12:00:00,24.55,54.0,2.24,14.25
2025-12-19 13:00:00,22.24,58.39,2.67,0.0
2025-12-19 14:00:00,20.95,64.05,2.78,0.0
2025-12-19 15:00:00,20.29,66.47,2.65,0.0
2025-12-19 16:00:00,19.2,68.48,2.88,0.0
2025-12-19 17:00:00,17.7,69.95,3.55,0.0
2025-12-19 18:00:00,16.59,67.24,4.11,0.0
2025-12-19 19:00:00,15.77,64.85,4.55,0.0
2025-12-19 20:00:00,15.24,64.86,5.01,0.0
2025-12-19 21:00:00,14.75,67.02,5.25,0.0
2025-12-19 22:00:00,14.28,70.46,5.21,0.0
2025-12-19 23:00:00,13.93,73.51,5.08,0.0
2025-12-20 00:00:00,13.64,75.59,4.96,0.0
2025-12-20 01:00:00,13.43,76.4,4.89,0.0
2025-12-20 02:00:00,15.77,67.52,5.61,129.3
2025-12-20 03:00:00,18.79,58.83,5.51,341.42
2025-12-20 04:00:00,22.08,55.21,4.08,540.2
2025-12-20 05:00:00,26.03,43.52,3.75,700.97
2025-12-20 06:00:00,29.02,31.41,3.41,790.05
2025-12-20 07:00:00,30.22,29.12,3.09,795.55
2025-12-20 08:00:00,30.76,28.8,2.94,728.67
2025-12-20 09:00:00,30.77,30.59,2.69,595.33
2025-12-20 10:00:00,30.79,29.2,2.49,400.4
2025-12-20 11:00:00,28.95,42.99,1.73,175.43
2025-12-20 12:00:00,27.24,40.51,1.17,14.2
2025-12-20 13:00:00,25.09,47.63,1.59,0.0
2025-12-20 14:00:00,23.6,54.3,1.8,0.0
2025-12-20 15:00:00,22.43,57.67,1.9,0.0
2025-12-20 16:00:00,20.35,66.05,2.71,0.0
2025-12-20 17:00:00,18.28,72.1,3.78,0.0
2025-12-20 18:00:00,17.39,68.38,4.61,0.0
2025-12-20 19:00:00,16.9,65.64,5.53,0.0
2025-12-20 20:00:00,16.51,66.32,6.0,0.0
2025-12-20 21:00:00,16.12,67.63,6.06,0.0
2025-12-20 22:00:00,15.83,68.37,6.05,0.0
2025-12-20 23:00:00,15.62,68.86,6.09,0.0
2025-12-21 00:00:00,15.39,69.64,6.05,0.0
2025-12-21 01:00:00,15.12,70.44,5.96,0.0
2025-12-21 02:00:00,16.06,67.34,6.25,89.2
2025-12-21 03:00:00,18.09,62.48,5.86,244.77
2025-12-21 04:00:00,20.76,58.86,4.62,412.38
2025-12-21 05:00:00,23.98,51.69,4.24,515.9
2025-12-21 06:00:00,26.88,39.38,4.06,649.95
2025-12-21 07:00:00,28.21,35.57,3.22,649.53
2025-12-21 08:00:00,28.65,35.78,2.45,573.8
2025-12-21 09:00:00,29.03,34.71,1.7,483.1
2025-12-21 10:00:00,28.88,32.73,1.22,322.12
2025-12-21 11:00:00,27.97,40.33,0.43,127.32
2025-12-21 12:00:00,25.78,44.93,1.18,11.85
2025-12-21 13:00:00,23.7,51.35,1.9,0.0
2025-12-21 14:00:00,22.21,57.0,2.32,0.0
2025-12-21 15:00:00,21.17,61.52,2.55,0.0
2025-12-21 16:00:00,20.02,65.36,2.94,0.0
2025-12-21 17:00:00,18.83,68.1,3.54,0.0
2025-12-21 18:00:00,18.1,67.97,4.0,0.0
2025-12-21 19:00:00,17.62,67.59,4.5,0.0
2025-12-21 20:00:00,17.24,67.77,4.96,0.0
2025-12-21 21:00:00,16.83,69.12,5.2,0.0
2025-12-21 22:00:00,16.43,71.33,5.3,0.0
2025-12-21 23:00:00,16.13,73.08,5.44,0.0
2025-12-22 00:00:00,15.98,73.91,5.65,0.0
2025-12-22 01:00:00,15.88,74.25,5.82,0.0
2025-12-22 02:00:00,16.57,71.69,6.26,92.78
2025-12-22 03:00:00,18.18,67.32,6.13,254.35
2025-12-22 04:00:00,20.49,63.21,5.27,425.77
2025-12-22 05:00:00,23.52,57.75,4.84,574.88
2025-12-22 06:00:00,26.97,43.24,4.82,626.38
2025-12-22 07:00:00,28.45,38.51,3.85,681.95
2025-12-22 08:00:00,28.67,38.5,2.98,593.1
2025-12-22 09:00:00,28.78,37.99,2.17,432.45
2025-12-22 10:00:00,28.57,36.91,2.08,284.7
2025-12-22 11:00:00,26.97,51.58,1.8,122.57
2025-12-22 12:00:00,24.29,53.96,1.96,13.23
2025-12-22 13:00:00,22.53,54.39,2.43,0.0
2025-12-22 14:00:00,20.84,59.38,2.92,0.0
2025-12-22 15:00:00,19.31,64.58,3.43,0.0
2025-12-22 16:00:00,18.84,66.28,3.91,0.0
2025-12-22 17:00:00,18.47,65.28,4.47,0.0
2025-12-22 18:00:00,18.1,64.73,5.11,0.0
2025-12-22 19:00:00,17.95,64.79,5.63,0.0
2025-12-22 20:00:00,17.66,66.13,5.71,0.0
2025-12-22 21:00:00,17.32,68.03,5.52,0.0
2025-12-22 22:00:00,17.03,69.36,5.51,0.0
2025-12-22 23:00:00,16.45,71.47,5.5,0.0
2025-12-23 00:00:00,15.97,72.76,5.6,0.0
2025-12-23 01:00:00,15.75,72.77,5.77,0.0
2025-12-23 02:00:00,17.26,67.21,6.44,109.9
2025-12-23 03:00:00,19.78,61.24,6.06,307.0
2025-12-23 04:00:00,22.92,56.98,4.83,503.8
2025-12-23 05:00:00,26.7,43.37,5.27,632.2
2025-12-23 06:00:00,28.71,35.94,4.9,729.75
2025-12-23 07:00:00,29.48,34.53,3.95,753.83
2025-12-23 08:00:00,29.79,34.08,3.32,694.55
2025-12-23 09:00:00,29.74,34.8,2.83,561.58
2025-12-23 10:00:00,29.65,35.85,2.26,369.67
2025-12-23 11:00:00,28.3,43.51,1.82,163.85
2025-12-23 12:00:00,26.48,45.12,1.22,14.05
2025-12-23 13:00:00,24.62,48.26,1.52,0.0
2025-12-23 14:00:00,23.39,52.7,1.89,0.0
2025-12-23 15:00:00,22.13,58.1,2.22,0.0
2025-12-23 16:00:00,20.35,66.94,2.85,0.0
2025-12-23 17:00:00,18.98,71.42,3.6,0.0
2025-12-23 18:00:00,18.27,70.92,4.17,0.0
2025-12-23 19:00:00,17.79,70.81,4.86,0.0
2025-12-23 20:00:00,17.37,72.04,5.46,0.0
2025-12-23 21:00:00,16.82,74.16,5.63,0.0
2025-12-23 22:00:00,16.38,75.58,5.64,0.0
2025-12-23 23:00:00,16.11,76.31,5.66,0.0
2025-12-24 00:00:00,15.93,76.36,5.67,0.0
2025-12-24 01:00:00,15.79,76.22,5.61,0.0
2025-12-24 02:00:00,17.04,70.87,6.1,92.32
2025-12-24 03:00:00,19.48,63.68,5.68,267.05
2025-12-24 04:00:00,22.58,58.48,4.49,461.05
2025-12-24 05:00:00,26.49,43.45,4.94,617.53
2025-12-24 06:00:00,28.33,37.19,4.31,736.7
2025-12-24 07:00:00,29.13,35.77,3.5,742.03
2025-12-24 08:00:00,29.55,35.07,2.9,651.08
2025-12-24 09:00:00,29.61,35.08,2.31,538.45
2025-12-24 10:00:00,29.57,35.69,1.66,357.17
2025-12-24 11:00:00,28.25,43.62,1.35,155.57
2025-12-24 12:00:00,25.43,53.95,1.67,14.23
2025-12-24 13:00:00,22.97,61.39,2.42,0.0
2025-12-24 14:00:00,21.48,67.89,2.79,0.0
2025-12-24 15:00:00,20.54,71.49,2.73,0.0
2025-12-24 16:00:00,19.98,72.37,2.62,0.0
2025-12-24 17:00:00,19.2,73.36,2.92,0.0
2025-12-24 18:00:00,18.29,73.39,3.45,0.0
2025-12-24 19:00:00,17.48,71.97,3.89,0.0
2025-12-24 20:00:00,16.82,71.05,4.38,0.0
2025-12-24 21:00:00,16.37,70.79,4.88,0.0
2025-12-24 22:00:00,16.09,70.84,5.29,0.0
2025-12-24 23:00:00,15.91,70.88,5.6,0.0
2025-12-25 00:00:00,15.73,71.48,5.86,0.0
2025-12-25 01:00:00,15.52,72.5,6.08,0.0
2025-12-25 02:00:00,16.78,68.72,6.83,100.72
2025-12-25 03:00:00,19.36,62.81,6.46,290.75
2025-12-25 04:00:00,22.73,57.66,5.45,484.3
2025-12-25 05:00:00,26.39,43.4,5.95,569.08
2025-12-25 06:00:00,27.98,37.98,4.79,700.47
2025-12-25 07:00:00,28.76,36.7,3.45,722.95
2025-12-25 08:00:00,29.11,36.52,2.44,662.03
2025-12-25 09:00:00,29.06,36.08,1.75,536.85
2025-12-25 10:00:00,28.71,37.94,1.27,358.55
2025-12-25 11:00:00,27.71,42.35,1.09,156.45
2025-12-25 12:00:00,26.11,44.3,0.69,13.8
2025-12-25 13:00:00,25.15,43.05,0.73,0.0
2025-12-25 14:00:00,24.18,45.44,0.99,0.0
2025-12-25 15:00:00,22.95,49.35,1.36,0.0
2025-12-25 16:00:00,21.27,56.88,1.88,0.0
2025-12-25 17:00:00,19.62,63.52,2.47,0.0
2025-12-25 18:00:00,18.11,68.55,3.04,0.0
2025-12-25 19:00:00,17.03,70.98,3.42,0.0
2025-12-25 20:00:00,16.23,72.6,3.58,0.0
2025-12-25 21:00:00,15.6,74.13,3.65,0.0
2025-12-25 22:00:00,15.14,75.43,3.71,0.0
2025-12-25 23:00:00,14.86,75.97,3.83,0.0
2025-12-26 00:00:00,14.76,75.65,4.1,0.0
2025-12-26 01:00:00,14.88,74.64,4.47,0.0
2025-12-26 02:00:00,16.96,66.95,5.58,87.0
2025-12-26 03:00:00,19.4,60.66,5.95,263.33
2025-12-26 04:00:00,22.17,57.91,4.85,241.43
2025-12-26 05:00:00,26.12,45.29,4.24,396.17
2025-12-26 06:00:00,28.6,36.97,3.72,581.6
2025-12-26 07:00:00,29.33,36.1,3.06,699.28
2025-12-26 08:00:00,29.59,36.1,2.41,638.33
2025-12-26 09:00:00,29.52,36.3,1.75,524.28
2025-12-26 10:00:00,29.3,37.65,1.22,348.5
2025-12-26 11:00:00,28.3,42.99,1.01,152.07
2025-12-26 12:00:00,26.19,46.33,1.07,13.77
2025-12-26 13:00:00,23.97,53.61,1.82,0.0
2025-12-26 14:00:00,22.1,60.67,2.43,0.0
2025-12-26 15:00:00,20.63,66.1,2.78,0.0
2025-12-26 16:00:00,19.6,69.98,2.9,0.0
2025-12-26 17:00:00,18.74,71.77,3.06,0.0
2025-12-26 18:00:00,17.83,72.69,3.46,0.0
2025-12-26 19:00:00,17.08,72.77,3.9,0.0
2025-12-26 20:00:00,16.54,73.27,4.36,0.0
2025-12-26 21:00:00,16.21,73.6,4.93,0.0
2025-12-26 22:00:00,16.03,73.31,5.56,0.0
2025-12-26 23:00:00,15.84,73.97,6.0,0.0
2025-12-27 00:00:00,15.67,75.17,6.28,0.0
2025-12-27 01:00:00,15.61,76.05,6.41,0.0
2025-12-27 02:00:00,16.81,71.9,6.86,87.62
2025-12-27 03:00:00,19.53,63.82,6.52,264.77
2025-12-27 04:00:00,22.89,57.95,5.59,451.55
2025-12-27 05:00:00,26.81,45.3,5.05,456.2
2025-12-27 06:00:00,29.21,37.94,3.69,623.15
2025-12-27 07:00:00,30.01,36.6,2.58,691.45
2025-12-27 08:00:00,30.24,36.71,1.95,643.88
2025-12-27 09:00:00,30.15,36.58,1.32,507.5
2025-12-27 10:00:00,29.79,38.81,0.89,335.6
2025-12-27 11:00:00,28.83,43.11,0.93,144.77
2025-12-27 12:00:00,26.01,54.28,1.3,13.65
2025-12-27 13:00:00,23.68,61.93,2.06,0.0
2025-12-27 14:00:00,22.0,68.92,2.58,0.0
2025-12-27 15:00:00,20.91,72.82,2.82,0.0
2025-12-27 16:00:00,19.97,76.1,2.96,0.0
2025-12-27 17:00:00,19.17,77.45,3.1,0.0
2025-12-27 18:00:00,18.54,76.59,3.23,0.0
2025-12-27 19:00:00,17.96,74.07,3.4,0.0
2025-12-27 20:00:00,17.36,71.61,3.7,0.0
2025-12-27 21:00:00,16.78,71.02,4.06,0.0
2025-12-27 22:00:00,16.25,72.25,4.47,0.0
2025-12-27 23:00:00,15.88,73.65,5.01,0.0
2025-12-28 00:00:00,15.56,75.14,5.42,0.0
2025-12-28 01:00:00,15.24,76.78,5.66,0.0
2025-12-28 02:00:00,16.41,72.58,6.5,87.35
2025-12-28 03:00:00,18.96,65.43,6.06,267.25
2025-12-28 04:00:00,22.37,58.96,5.23,459.25
2025-12-28 05:00:00,26.56,43.06,5.06,478.27
2025-12-28 06:00:00,28.52,35.9,4.26,648.75
2025-12-28 07:00:00,29.3,34.0,3.19,693.75
2025-12-28 08:00:00,29.6,33.45,2.48,660.9
2025-12-28 09:00:00,29.47,33.48,1.96,493.3
2025-12-28 10:00:00,29.28,34.15,1.02,350.02
2025-12-28 11:00:00,28.29,38.46,0.72,153.95
2025-12-28 12:00:00,25.3,50.27,1.38,14.9
2025-12-28 13:00:00,23.13,56.23,2.08,0.0
2025-12-28 14:00:00,21.59,62.71,2.47,0.0
2025-12-28 15:00:00,20.52,67.51,2.6,0.0
2025-12-28 16:00:00,19.59,71.23,2.72,0.0
2025-12-28 17:00:00,18.76,73.08,2.9,0.0
2025-12-28 18:00:00,18.12,73.3,3.03,0.0
2025-12-28 19:00:00,17.5,72.54,3.25,0.0
2025-12-28 20:00:00,16.84,71.14,3.58,0.0
2025-12-28 21:00:00,16.31,69.16,3.99,0.0
2025-12-28 22:00:00,15.92,67.89,4.55,0.0
2025-12-28 23:00:00,15.61,67.73,5.12,0.0
2025-12-29 00:00:00,15.21,69.81,5.33,0.0
2025-12-29 01:00:00,14.75,73.51,5.25,0.0
2025-12-29 02:00:00,16.17,69.87,5.99,88.65
2025-12-29 03:00:00,18.78,63.35,5.67,274.2
2025-12-29 04:00:00,22.15,57.88,4.27,321.73
2025-12-29 05:00:00,26.59,41.42,3.61,520.78
2025-12-29 06:00:00,28.86,32.23,3.34,678.78
2025-12-29 07:00:00,29.46,31.04,3.1,714.2
2025-12-29 08:00:00,29.71,30.64,2.53,672.53
2025-12-29 09:00:00,29.66,30.25,1.56,501.77
2025-12-29 10:00:00,29.37,31.5,0.51,365.42
2025-12-29 11:00:00,28.01,39.86,0.47,163.18
2025-12-29 12:00:00,24.58,52.37,1.59,16.02
2025-12-29 13:00:00,22.42,56.7,2.21,0.0
2025-12-29 14:00:00,20.87,64.12,2.73,0.0
2025-12-29 15:00:00,19.63,72.35,3.16,0.0
2025-12-29 16:00:00,18.94,78.17,3.11,0.0
2025-12-29 17:00:00,18.41,81.7,2.98,0.0
2025-12-29 18:00:00,17.89,83.6,2.97,0.0
2025-12-29 19:00:00,17.39,83.35,3.02,0.0
2025-12-29 20:00:00,16.89,81.36,3.21,0.0
2025-12-29 21:00:00,16.46,77.88,3.35,0.0
2025-12-29 22:00:00,16.03,73.64,3.5,0.0
2025-12-29 23:00:00,15.64,70.4,3.56,0.0
2025-12-30 00:00:00,15.33,69.1,3.62,0.0
2025-12-30 01:00:00,15.17,68.29,3.63,0.0
2025-12-30 02:00:00,17.48,65.94,3.21,90.18
2025-12-30 03:00:00,20.83,49.97,3.98,278.12
2025-12-30 04:00:00,23.35,45.81,2.61,291.15
2025-12-30 05:00:00,27.16,35.8,0.68,483.45
2025-12-30 06:00:00,28.61,33.96,0.89,671.67
2025-12-30 07:00:00,29.0,34.4,1.83,694.17
2025-12-30 08:00:00,28.9,35.84,2.62,625.9
2025-12-30 09:00:00,28.43,38.2,3.04,478.58
2025-12-30 10:00:00,27.43,43.1,3.21,347.55
2025-12-30 11:00:00,25.52,56.36,2.93,152.15
2025-12-30 12:00:00,22.0,75.4,2.78,15.57
2025-12-30 13:00:00,20.6,80.86,2.87,0.0
2025-12-30 14:00:00,20.04,82.61,2.62,0.0
2025-12-30 15:00:00,19.76,82.21,2.34,0.0
2025-12-30 16:00:00,19.51,82.22,2.16,0.0
2025-12-30 17:00:00,19.19,83.0,2.08,0.0
2025-12-30 18:00:00,18.75,84.68,2.05,0.0
2025-12-30 19:00:00,18.21,87.18,2.11,0.0
2025-12-30 20:00:00,17.53,90.64,2.25,0.0
2025-12-30 21:00:00,16.87,93.9,2.39,0.0
2025-12-30 22:00:00,16.28,96.54,2.56,0.0
2025-12-30 23:00:00,15.83,98.03,2.74,0.0
2025-12-31 00:00:00,15.52,98.42,2.9,0.0
2025-12-31 01:00:00,15.36,97.77,3.02,0.0
2025-12-31 02:00:00,17.76,86.25,3.18,80.0
2025-12-31 03:00:00,20.54,73.09,3.32,260.62
2025-12-31 04:00:00,23.62,60.8,0.81,366.25
2025-12-31 05:00:00,25.75,52.21,0.98,563.65
2025-12-31 06:00:00,26.78,49.67,1.87,691.83
2025-12-31 07:00:00,27.29,49.28,2.61,640.95
2025-12-31 08:00:00,27.43,49.21,3.18,645.65
2025-12-31 09:00:00,27.2,50.25,3.58,511.85
2025-12-31 10:00:00,26.57,52.46,3.8,354.8
2025-12-31 11:00:00,25.14,61.18,3.33,159.02
2025-12-31 12:00:00,22.14,77.48,2.76,16.9
2025-12-31 13:00:00,20.75,82.62,2.85,0.0
2025-12-31 14:00:00,20.13,85.44,2.73,0.0
2025-12-31 15:00:00,19.69,86.96,2.47,0.0
2025-12-31 16:00:00,19.6,86.86,2.08,0.0
2025-12-31 17:00:00,19.64,86.36,1.64,0.0
2025-12-31 18:00:00,19.34,87.66,1.34,0.0
2025-12-31 19:00:00,18.89,89.9,1.43,0.0
2025-12-31 20:00:00,18.1,94.03,1.76,0.0
2025-12-31 21:00:00,17.31,98.0,2.15,0.0
2025-12-31 22:00:00,16.78,100.0,2.49,0.0
2025-12-31 23:00:00,16.55,100.0,2.7,0.0
